latitude,longitude,seismic_zone,historical_eq_frequency,avg_historical_magnitude,fault_proximity_km,population_density,earthquake_occurred
28.203,77.702,4,5,3.83,35.44,4985.4,1
19.1199,74.0784,4,1,2.14,163.1,1052.1,0
19.1903,73.5537,4,1,3.56,27.53,674.1,1
22.7205,70.9734,5,6,6.42,6.18,168.2,1
31.2746,78.2822,5,6,5.36,6.73,242.1,1
26.4363,89.6787,5,7,5.18,11.16,279.2,1
36.9334,76.8106,5,9,5.18,9.68,116.9,1
19.0058,74.7789,4,2,4.59,40.72,1105.7,0
18.4001,73.5099,4,5,4.34,128.89,478.0,1
28.0434,77.3717,4,6,5.37,7.07,6050.1,1
16.611,74.5846,4,4,3.49,79.45,655.5,1
28.1222,90.091,5,5,5.6,8.83,102.5,1
31.2216,77.7485,5,6,5.8,33.31,84.4,1
30.589,78.4424,5,5,5.0,10.72,418.0,1
11.7021,78.3638,3,0,3.38,63.26,534.3,0
22.1079,87.6603,3,1,3.87,49.25,11962.2,1
22.524,71.3256,5,1,4.2,34.0,410.3,1
21.5891,88.5175,3,2,3.99,4.06,6104.8,1
24.5904,83.4266,4,4,3.34,79.38,706.2,1
23.601,69.0016,5,5,4.89,4.06,252.2,1
29.3991,79.4693,5,4,5.41,14.82,314.7,1
12.3379,80.4031,3,4,4.46,69.67,215.6,1
23.3675,69.8753,5,7,4.92,31.43,490.0,0
34.2164,74.4074,5,9,5.28,4.74,243.9,1
16.3228,82.6647,2,0,2.94,115.01,684.8,1
36.6384,76.2022,5,8,5.92,1.82,149.2,1
22.8094,81.2835,2,0,2.9,17.04,219.7,0
25.4063,90.2855,5,8,6.35,4.81,276.0,1
14.7885,79.4353,2,0,2.28,76.48,238.0,0
36.9952,77.293,5,6,6.03,1.31,124.3,1
24.9264,85.9244,4,3,4.19,59.13,987.2,1
35.659,77.6534,5,10,5.01,12.69,56.7,1
15.2049,80.4831,2,0,3.46,142.82,346.2,0
13.8981,80.4521,2,0,2.85,43.83,232.0,1
25.4791,84.2375,4,4,5.05,50.2,1570.7,1
16.5714,73.487,4,1,4.93,12.88,1304.4,1
23.0452,87.683,3,0,4.15,3.38,10883.9,0
22.7663,79.9203,2,1,2.72,56.49,115.8,0
16.0284,77.9828,2,0,2.06,124.59,486.8,0
30.9485,78.0887,4,4,4.68,22.33,96.4,0
22.1933,88.5866,3,7,2.55,37.72,9223.2,1
24.1723,76.9717,2,0,3.42,28.88,204.1,0
25.1626,93.3649,5,8,5.13,3.51,460.8,1
26.8994,95.0363,5,5,5.58,4.2,1355.9,1
29.2563,80.0512,5,1,4.62,3.08,203.3,1
26.5674,74.8566,3,1,3.11,27.86,114.5,0
29.3423,69.5142,3,1,2.88,215.45,109.5,0
8.8176,76.4056,2,0,2.78,125.59,785.7,0
8.9726,79.9697,3,2,3.78,58.71,305.6,0
19.2163,72.9677,4,2,4.28,134.19,615.3,1
12.2532,75.5493,2,1,2.82,23.91,335.2,0
11.9817,75.9965,2,3,1.8,2.34,857.8,1
16.5247,74.6668,4,1,3.51,54.35,511.7,0
14.0221,74.9291,3,0,3.69,103.48,203.2,0
23.4442,68.7448,5,3,6.79,23.7,590.7,1
10.4032,79.995,3,5,3.51,142.68,692.3,1
22.7508,70.9217,5,5,5.5,27.44,553.2,1
25.1427,91.4762,5,7,4.86,6.05,472.1,1
25.8408,83.6727,4,6,3.73,10.72,1824.6,1
17.838,74.0531,4,1,3.54,6.17,951.9,0
19.1488,73.154,4,1,4.41,35.36,477.5,0
9.2362,77.1822,2,2,2.04,52.1,716.1,1
23.1903,82.481,2,1,2.22,349.0,476.7,0
26.6655,70.078,3,1,3.85,139.35,202.6,0
26.2823,93.6862,5,4,5.51,2.99,170.8,1
19.0543,73.9871,4,2,4.8,14.02,688.6,1
22.7413,88.7777,3,2,3.5,77.18,3994.5,1
30.5931,75.5814,4,3,4.48,11.33,159.9,1
27.9625,72.3523,3,1,3.86,41.3,229.1,0
18.0592,78.3336,2,0,3.04,81.01,198.9,0
24.9779,84.2826,4,3,5.49,62.8,1674.5,1
26.0884,94.3801,5,5,5.94,8.34,392.4,1
26.3758,90.7037,5,10,6.56,14.07,213.8,1
27.695,94.7068,5,8,6.26,4.89,396.8,1
30.0761,78.719,5,5,5.78,4.23,294.8,1
30.6971,75.7312,4,8,4.94,46.66,62.7,1
31.0396,77.6002,5,9,5.65,1.0,220.5,1
12.303,75.8207,3,1,2.92,35.48,706.0,1
18.9505,72.6417,4,3,3.74,1.0,482.5,0
28.3757,70.8973,3,1,3.75,4.57,194.0,1
10.0073,78.3314,3,1,3.45,101.65,578.6,1
11.3819,79.6286,3,2,4.42,32.51,300.2,1
24.9466,82.686,2,1,2.83,96.4,276.3,1
28.3702,76.6184,4,2,4.48,24.72,7763.8,1
11.9374,80.2424,3,1,3.43,69.61,776.5,0
28.6857,76.7203,4,1,4.52,3.27,26111.7,1
29.3519,79.2273,5,6,4.98,11.06,248.3,1
35.2731,76.1865,5,7,5.64,7.86,74.5,1
19.3654,77.3691,2,0,2.46,47.72,212.4,0
29.0457,69.6248,3,1,3.58,83.74,222.7,0
22.0917,82.6182,2,0,2.73,129.03,177.9,0
35.1422,73.245,5,5,4.84,5.27,186.8,1
27.6657,93.9611,5,11,5.38,4.44,224.3,1
23.5702,69.1327,5,3,5.76,11.92,642.7,1
36.8662,73.2811,5,7,6.5,5.47,95.1,1
13.5744,77.7408,2,1,2.55,153.61,410.8,0
13.7243,76.7979,3,1,2.66,133.11,203.9,0
21.7789,88.3373,3,2,3.25,219.2,16075.3,0
36.7907,76.1303,5,7,5.17,43.06,92.0,1
25.4055,93.5875,5,9,6.35,2.94,387.8,1
28.9451,77.9939,4,6,4.4,59.65,10226.8,0
28.7834,77.3232,4,3,3.17,29.83,9976.6,1
30.8568,76.0005,4,2,5.7,28.4,123.5,1
10.6357,75.3141,2,1,3.01,65.91,325.5,0
36.0476,75.939,5,8,5.52,3.42,175.5,1
28.3727,92.9409,5,7,5.86,6.56,626.3,1
30.5734,80.1855,5,5,4.9,3.5,195.4,1
22.7076,69.2649,5,4,5.37,22.9,364.9,1
9.5322,76.8873,2,0,2.27,243.13,762.3,0
29.3044,77.3149,4,7,4.65,24.24,12149.2,1
28.9663,76.5957,4,4,4.8,10.38,3018.2,1
22.88,68.794,5,5,5.35,11.22,434.8,1
20.5406,76.4899,2,1,3.73,74.34,606.4,0
29.4426,79.0243,5,10,5.93,7.67,183.3,1
30.9134,78.0007,4,5,4.12,10.51,120.7,0
23.9969,88.3838,3,1,3.81,147.41,16312.7,0
31.3994,77.1977,4,5,4.52,42.68,87.9,1
30.5779,76.7928,4,5,4.99,64.55,218.6,1
28.2916,95.8989,5,4,5.85,1.95,516.2,1
18.0381,74.954,4,2,4.05,54.89,535.4,0
29.4861,77.6189,4,1,4.53,41.86,10301.1,1
22.8362,70.9094,5,7,5.7,63.16,535.9,1
18.2041,80.073,2,0,2.49,54.14,203.6,1
27.7296,93.4435,5,7,6.55,9.21,987.1,1
32.0784,78.3321,4,3,5.05,37.05,111.7,0
17.819,78.925,2,0,2.25,175.34,504.5,0
30.6948,77.3151,4,4,5.02,21.04,139.4,1
14.0695,80.6574,2,0,2.73,45.22,312.4,0
13.3956,75.8067,3,2,3.43,237.02,244.7,0
11.3325,79.3201,3,0,4.4,8.46,536.8,0
22.6048,81.2971,2,2,2.67,1.0,370.7,0
8.942,78.9751,3,1,2.96,82.69,196.3,1
26.3468,88.0122,4,2,4.62,37.29,2389.0,0
28.9447,77.8074,4,0,3.97,45.23,16812.3,0
28.5786,76.3775,3,0,3.18,155.83,228.3,0
22.9467,78.6082,2,2,2.5,32.16,280.3,1
9.6523,77.4238,2,0,2.68,82.65,883.0,0
21.7101,88.2125,3,2,2.95,56.26,2530.5,1
30.1888,80.9177,5,6,5.94,10.97,217.0,1
25.4813,95.9285,5,3,5.59,1.77,474.3,1
25.9806,75.5175,3,1,3.44,13.89,210.5,0
24.521,72.171,3,0,2.81,28.31,114.3,0
16.6451,82.0149,2,0,2.22,87.16,320.5,1
24.964,71.5928,3,1,4.14,36.08,184.4,1
10.1203,75.6054,2,0,2.51,2.64,1189.1,0
12.1492,78.7783,3,2,4.15,218.17,423.5,0
13.5197,75.802,3,1,3.13,119.33,240.2,0
21.9013,88.812,3,2,3.74,3.65,6164.4,1
15.0711,75.4098,3,1,2.54,1.98,199.4,0
17.9899,72.7214,4,4,3.9,22.9,442.2,1
29.1092,77.1046,4,7,4.05,13.76,12644.5,1
29.0604,73.016,3,2,3.16,117.47,175.4,1
17.8178,83.572,2,1,2.79,162.92,250.6,0
17.6421,81.3037,2,0,3.07,182.17,873.1,0
26.3706,83.5142,4,4,4.43,13.78,1517.8,1
27.1039,90.3856,5,11,5.81,13.75,253.0,1
15.1897,75.5453,3,2,3.74,64.28,182.3,1
13.9097,76.9149,3,1,3.72,52.14,501.2,0
23.1186,87.5947,3,0,3.29,39.06,19814.2,0
25.9969,96.7544,5,6,6.05,2.91,283.7,1
32.3412,77.4387,4,6,4.69,4.57,236.8,1
8.5767,78.7961,3,4,3.69,4.09,672.8,1
30.8857,80.6602,5,4,6.57,14.93,255.4,1
23.5333,69.2909,5,2,6.31,17.28,532.9,1
25.8385,96.2093,5,7,5.61,4.54,290.7,1
22.3023,88.2401,3,4,3.36,20.18,5047.9,1
23.5494,71.5357,5,5,6.06,29.6,713.8,1
28.9121,76.6287,4,7,4.26,10.35,30896.5,0
11.2405,79.8095,3,2,4.03,56.64,1827.1,0
30.7086,77.8157,4,2,4.66,31.01,413.7,0
23.201,87.8974,3,1,3.4,38.23,10062.4,0
26.5538,85.6578,4,2,4.11,26.07,1788.1,1
12.0871,74.5932,3,1,2.99,34.19,370.9,0
11.8003,78.2247,3,2,3.24,57.92,650.4,1
36.5757,74.7481,5,9,5.99,1.71,78.0,1
11.278,78.864,3,2,3.61,130.59,1100.8,1
21.2993,76.1362,2,0,2.39,6.69,235.9,1
22.28,88.3414,3,2,3.72,148.13,7382.3,1
27.7853,89.6541,5,6,6.23,7.79,463.9,1
25.74,85.2871,4,5,4.26,10.22,1581.8,1
10.5952,77.313,2,0,1.76,287.98,1190.8,0
14.2611,74.4563,3,2,3.54,211.24,282.3,1
25.7019,86.0086,4,2,4.54,38.89,1709.1,0
25.11,89.6729,5,8,5.67,54.19,183.7,1
16.2516,75.0774,3,1,4.16,2.14,318.3,1
23.9308,87.93,3,6,4.07,9.39,4560.6,1
26.8398,74.3923,3,1,3.58,15.76,618.4,0
21.6542,88.8315,3,4,3.54,57.17,8696.8,1
34.4839,74.7727,5,6,6.06,29.4,119.3,0
24.8292,87.4973,4,3,4.16,1.93,1217.2,1
29.5851,79.8702,5,2,5.37,24.84,185.4,1
25.0884,75.4942,3,0,2.78,58.26,216.3,1
27.1284,75.2372,3,0,3.17,115.94,278.4,0
11.8229,75.2545,2,1,2.15,56.0,1383.4,0
32.669,75.858,4,3,5.32,57.28,212.0,1
24.331,69.3271,5,8,5.69,8.35,568.0,1
30.2798,80.1585,5,5,4.17,18.98,225.1,1
15.4818,75.7017,3,0,3.27,55.66,140.7,1
29.3464,75.9743,3,2,3.19,15.66,333.6,0
11.5353,76.001,2,1,2.18,47.58,1210.7,0
25.3907,70.1551,3,5,2.81,13.36,207.0,1
29.5622,78.1244,5,6,5.25,7.26,217.1,1
14.4075,75.3248,3,1,3.66,8.96,1002.7,1
20.5757,80.6973,2,0,2.56,17.84,238.5,0
9.5984,79.0265,3,1,4.12,102.29,529.8,0
30.5183,76.4172,4,4,5.17,6.04,184.2,1
18.5199,72.6965,4,0,4.07,58.19,1047.1,1
23.9631,88.9264,3,3,2.92,184.65,2072.0,1
26.5196,72.8464,3,2,3.99,20.83,181.7,0
29.3406,79.0129,5,8,5.08,20.2,118.8,1
12.9435,78.5017,3,0,3.66,23.4,540.5,0
31.0755,80.1316,5,6,5.41,6.3,295.9,1
22.1721,86.9181,3,1,4.22,58.42,7109.2,1
19.1415,74.9792,4,4,3.47,47.42,1079.5,1
23.0694,81.0663,2,0,2.68,29.69,447.9,0
16.9623,74.0722,4,2,3.22,15.21,1028.2,1
14.9053,79.7518,2,0,2.31,12.74,492.7,0
28.3211,96.2428,5,6,5.7,22.11,333.1,1
26.9218,75.0064,3,1,3.24,133.72,237.1,0
24.1447,71.9667,5,4,6.14,29.24,353.9,1
29.4378,77.2668,4,3,5.05,26.72,11913.5,0
30.8226,79.0211,5,6,5.41,25.36,138.4,1
9.1782,75.7815,2,0,2.66,24.97,626.1,0
12.5459,78.6909,3,3,3.6,52.88,589.4,1
28.6679,77.6594,4,3,4.59,5.63,14699.3,1
12.3675,80.1024,3,1,4.34,22.9,847.4,0
12.3982,74.6692,3,1,3.56,2.51,432.4,0
14.9564,74.451,3,1,3.71,26.81,225.4,1
25.7554,96.1617,5,4,5.11,1.0,632.4,0
16.5364,73.8565,4,6,3.45,11.39,298.7,0
33.6254,73.8698,5,7,5.56,1.0,315.0,1
27.6298,73.3551,3,2,2.91,19.35,236.2,0
23.4333,68.8416,5,4,6.38,12.77,571.4,1
8.9739,75.7341,2,0,3.39,36.92,602.8,0
27.7818,91.8047,5,10,6.7,1.0,403.1,1
11.4032,79.2676,3,2,4.12,143.92,1174.7,1
11.5379,79.3948,3,2,3.51,180.42,496.6,1
29.3397,80.9927,5,4,6.36,9.27,183.7,1
13.9548,78.1794,3,1,3.49,118.34,307.1,1
13.884,79.5443,2,1,2.43,125.01,215.0,1
30.9683,80.9678,5,7,5.5,7.59,224.1,0
35.7489,74.8916,5,4,4.72,7.71,84.2,1
20.0121,78.8216,2,1,2.21,311.89,237.7,1
20.3224,76.5324,2,0,2.59,167.23,297.6,0
23.1013,70.072,5,3,7.03,20.98,329.2,1
24.8574,83.3203,4,6,4.29,5.93,1227.7,0
32.1946,75.5864,4,2,4.78,27.42,79.9,1
28.3758,76.7263,4,5,5.0,41.72,12712.8,1
26.6257,83.5178,4,1,3.24,26.38,876.2,1
17.9307,81.6906,2,0,2.8,46.04,188.3,0
13.5583,77.3954,2,0,2.07,15.06,474.5,0
20.4794,75.3492,2,0,2.98,58.98,290.8,0
28.3499,76.9722,4,1,3.59,14.93,12346.0,0
28.5844,76.8365,4,5,4.33,198.32,10641.2,1
31.8543,75.6692,4,3,3.93,40.25,195.7,1
30.0426,78.6265,5,7,4.39,21.11,163.0,1
23.3102,88.2724,3,3,4.16,77.75,6158.9,1
30.6916,75.6958,4,3,4.63,2.56,308.3,1
33.2184,76.4126,5,8,5.59,1.0,99.4,1
34.2676,77.8872,5,9,5.65,2.17,150.9,1
28.992,77.9075,4,6,3.34,38.09,29096.8,1
31.6061,76.6684,4,3,4.74,27.14,173.7,1
30.6287,77.9404,4,5,4.28,2.58,64.8,1
9.5502,75.867,2,0,2.54,121.73,705.4,0
29.3474,76.5206,4,6,3.97,1.0,17038.4,1
27.0482,85.5464,4,3,3.3,18.19,1755.4,1
19.8875,74.2646,4,3,3.94,11.65,300.0,1
18.7468,72.6124,4,6,3.91,10.44,1465.4,1
13.699,76.0004,3,1,3.72,82.6,568.4,0
25.9753,94.0205,5,7,5.49,8.75,196.8,1
29.4155,79.6668,5,7,5.72,5.64,141.4,1
24.3411,71.8572,5,12,5.69,17.28,531.9,1
17.9116,82.3036,2,0,2.39,169.36,291.7,0
27.9135,94.0807,5,9,5.83,9.31,545.6,1
25.4715,87.3864,4,6,3.59,10.55,826.7,1
12.343,79.1369,3,2,3.83,29.06,440.1,0
28.58,77.3866,4,5,4.71,22.22,13339.4,1
12.8627,74.4594,3,1,3.54,120.76,245.0,1
29.6509,75.6427,3,2,2.97,40.83,174.7,1
29.3828,77.8231,4,3,3.68,13.62,9130.6,1
10.9931,76.9866,2,0,2.46,20.03,773.0,1
8.9509,76.7412,2,2,2.32,1.0,1458.1,1
30.8987,79.9668,5,7,5.42,6.58,179.9,1
24.1847,69.3505,5,5,5.65,11.55,578.2,1
29.0748,76.612,4,5,3.86,34.5,6747.4,1
24.6917,75.1049,3,0,3.34,32.93,338.2,0
22.8497,71.1225,5,9,5.07,55.67,693.4,1
12.6268,80.3685,3,1,3.32,6.1,287.3,0
25.1071,83.8528,4,4,4.63,6.25,825.2,1
33.5578,73.6516,5,2,6.04,3.43,283.7,1
34.7583,77.0643,5,5,6.44,25.14,157.5,1
12.9515,76.0503,3,1,2.85,240.0,305.9,0
32.8938,76.9019,4,5,5.43,7.25,65.6,1
30.8124,77.0247,4,3,4.2,19.67,294.6,1
13.0091,78.0366,3,2,3.87,3.04,749.9,1
34.8977,74.8077,5,6,5.29,16.91,147.7,1
18.2556,74.2885,4,2,4.68,49.6,220.9,0
30.8163,75.8193,4,2,4.3,22.21,95.6,1
20.5651,82.9162,2,0,2.65,233.58,130.4,0
23.3128,71.689,5,4,4.25,33.08,259.1,1
25.4195,91.2857,5,15,5.15,7.8,660.9,1
36.5497,74.6337,5,5,5.69,57.06,156.0,1
10.2194,80.3173,3,2,3.83,341.68,254.6,0
29.4998,77.7864,4,9,4.95,1.0,17642.5,0
15.8289,77.0399,3,4,3.66,45.3,253.7,0
8.9349,77.3685,2,1,3.25,13.88,837.9,1
17.4781,79.8553,2,0,2.08,132.23,221.3,0
14.2114,75.6783,3,1,3.51,20.32,233.6,0
26.8993,90.6748,5,5,5.28,14.43,669.4,1
26.9215,86.5588,4,2,3.99,4.43,672.9,1
12.9463,80.4223,3,2,3.36,33.1,295.6,1
23.525,88.167,3,2,3.74,10.52,5459.4,0
30.8935,75.9767,4,7,4.98,8.36,204.3,1
19.1395,78.9138,2,0,2.56,10.71,522.2,0
28.8938,76.6374,4,2,4.74,71.5,11200.3,0
31.4482,79.7706,5,12,4.78,4.04,345.7,1
25.7214,88.3196,4,3,4.59,111.08,986.6,1
19.8076,74.286,4,3,3.84,46.75,783.7,1
17.0001,82.4049,2,1,2.66,89.3,224.4,0
22.7193,87.9944,3,4,3.53,1.28,12305.4,0
15.4441,82.6421,2,0,2.97,19.28,289.0,0
27.6029,70.137,3,3,2.62,84.04,246.6,1
30.7496,77.153,4,2,5.08,11.26,66.6,1
11.8386,78.8777,3,1,4.54,3.47,682.9,0
33.3329,75.3451,5,4,5.7,29.88,147.3,1
29.0294,77.9883,5,8,6.17,21.37,189.9,1
16.7691,72.5192,4,4,3.95,11.27,1203.9,1
33.3653,75.899,5,7,4.64,18.58,196.5,1
21.0072,82.2784,2,0,3.12,265.98,477.0,0
23.9612,78.6071,2,0,2.94,500.0,403.4,0
25.6566,71.8474,3,0,3.57,18.19,368.0,1
36.8668,73.2755,5,4,5.84,9.31,169.3,1
20.4235,82.1981,2,1,3.19,76.67,104.8,0
23.4716,71.9981,5,5,6.87,28.12,585.5,1
34.6199,76.381,5,10,5.23,6.86,345.0,1
29.3498,79.0111,5,5,4.99,3.21,323.7,1
30.2426,77.7878,5,4,5.67,25.08,436.8,1
36.4719,73.9859,5,6,6.61,9.52,356.3,0
29.4225,74.0632,3,2,2.91,89.39,151.4,0
22.7637,69.6671,5,4,5.44,10.03,228.7,1
23.0018,76.593,2,1,3.1,50.65,643.7,0
21.58,81.9162,2,2,2.62,1.0,425.4,1
24.3146,71.7326,5,1,5.49,15.84,349.7,1
30.5642,78.0612,4,3,4.74,24.31,140.7,1
22.5681,86.6022,3,2,3.82,35.61,7100.8,0
22.7444,87.7392,3,1,3.04,63.56,5396.6,1
15.4459,78.8841,2,0,2.21,37.92,172.2,0
9.6981,78.8971,3,2,3.73,44.91,895.8,0
32.2512,76.2395,4,3,4.95,9.98,132.4,1
32.1429,76.9395,4,0,4.4,17.06,220.5,1
12.1122,79.5901,3,0,3.79,81.71,436.1,0
27.4192,71.8474,3,1,3.47,83.88,679.5,0
22.7744,68.8624,5,6,6.21,1.28,515.7,1
25.1068,93.946,5,5,6.11,10.98,450.0,1
17.6555,80.284,2,0,2.68,44.04,370.1,0
27.979,89.6069,5,2,4.76,40.47,356.8,1
10.8992,80.3191,3,3,2.88,91.21,472.5,1
34.4536,75.8868,5,9,4.74,1.5,63.5,1
23.3866,68.8978,5,4,6.23,36.74,845.3,1
27.1427,85.8093,4,3,4.64,54.78,3022.0,1
36.511,77.8628,5,9,4.87,4.23,229.6,1
25.4186,89.4605,5,3,5.07,4.92,872.1,1
26.2637,70.0973,3,0,3.78,277.94,137.4,0
31.7943,77.7627,4,3,4.99,12.24,176.3,1
30.2786,80.7394,5,11,5.77,29.62,316.5,1
13.1529,78.2362,3,2,4.32,24.37,970.5,1
25.6989,92.1054,5,3,6.0,5.56,303.2,1
34.1635,74.3407,5,8,5.81,5.84,305.0,1
30.4267,80.9239,5,9,4.86,26.39,223.7,1
11.3529,76.0776,2,1,3.13,500.0,1364.7,0
29.4052,73.6832,3,2,4.23,120.15,159.9,0
21.5792,88.429,3,2,4.6,68.34,7819.1,1
28.6132,77.8525,4,5,4.69,34.38,13142.3,1
31.0366,76.1916,4,4,6.03,71.34,114.2,1
31.6132,76.1403,4,6,4.3,3.8,121.6,1
21.7416,79.5093,2,0,3.44,279.47,384.0,0
12.2402,80.1146,3,0,3.94,98.95,494.9,0
25.5932,90.0244,5,11,5.19,16.84,197.7,1
23.8691,70.5299,5,5,6.78,35.92,387.5,1
12.436,75.8881,2,1,2.9,237.23,903.3,1
26.1771,73.749,3,2,3.29,7.73,411.6,1
20.1321,80.2351,2,1,2.56,161.27,257.1,1
17.285,74.4549,4,1,3.79,20.45,876.6,0
31.9106,76.3249,4,5,4.0,7.17,42.9,1
22.8,71.0973,5,7,5.82,35.53,193.7,1
28.1033,77.6822,4,4,4.33,17.2,22219.4,1
11.8215,75.9617,2,1,2.81,97.12,489.2,0
27.4359,92.9875,5,4,6.86,2.05,414.0,1
22.8885,70.2088,5,6,3.68,1.0,241.4,1
19.1512,74.651,4,2,4.18,128.33,250.9,1
28.9532,77.522,4,6,4.85,1.69,7208.5,1
8.4912,76.7374,2,1,2.98,354.41,932.2,0
9.3003,78.953,3,1,3.4,13.29,905.2,1
28.4541,95.6117,5,4,5.9,25.06,191.4,0
30.6227,80.4855,5,6,4.6,1.06,357.7,1
16.4317,76.1976,3,4,3.79,30.35,386.7,1
29.3248,77.0113,4,4,4.7,46.28,17935.5,1
28.2964,77.9723,4,6,3.64,76.0,9094.8,0
24.9508,71.6684,3,1,3.77,4.88,214.7,1
11.3489,80.2332,3,1,3.87,28.63,825.5,0
23.5818,69.8436,5,3,6.01,5.36,585.3,1
23.5689,76.4927,2,1,3.47,115.91,801.7,1
30.6346,79.2213,5,6,4.87,12.35,146.5,1
18.4443,73.0776,4,3,4.12,62.53,681.7,0
23.9897,87.3356,3,1,3.88,9.47,12065.0,0
31.5501,78.0644,4,4,5.12,10.54,56.8,1
26.9604,83.8783,4,1,3.63,13.26,1494.6,1
29.5675,78.6458,5,9,4.84,1.0,196.7,1
34.5999,74.3755,5,3,5.78,3.64,307.6,1
16.3142,76.8316,3,1,3.2,21.4,523.6,0
22.7812,69.4579,5,3,5.71,16.45,325.5,1
11.3406,79.8685,3,3,3.97,10.01,967.3,1
18.8172,73.8753,4,2,4.51,43.22,507.4,1
28.4726,77.312,4,2,4.19,7.99,3011.5,1
36.4575,74.8115,5,9,6.13,1.38,653.4,1
22.2092,77.7911,2,0,2.9,191.67,156.5,0
25.2694,91.9651,5,7,5.39,1.43,722.5,1
14.8223,79.1803,2,1,2.43,63.56,1024.7,0
22.631,88.5257,3,1,4.36,13.08,8284.6,1
15.0498,74.7801,3,0,3.6,24.1,258.1,1
17.1816,73.2789,4,0,4.58,88.61,397.0,0
13.6138,75.0564,3,2,3.88,50.56,439.9,1
19.2698,74.2778,4,2,3.56,26.44,1115.2,1
23.8804,71.695,5,2,5.77,25.73,565.0,1
32.5832,77.9329,4,2,4.33,18.12,78.3,1
13.6389,81.2802,2,0,2.47,17.91,307.9,0
33.8439,76.1659,5,1,5.67,48.96,209.7,1
28.1427,77.1747,4,1,4.76,20.46,10829.6,1
13.7431,81.5101,2,0,3.12,264.44,153.9,0
36.1761,77.5349,5,9,6.96,10.53,110.2,1
29.5429,79.929,5,11,4.18,1.72,225.7,1
10.9648,77.2408,2,1,3.33,3.02,989.7,0
26.7898,83.5493,4,5,5.57,81.55,1116.4,0
13.4011,76.1823,3,4,4.17,301.32,683.1,0
31.4614,76.2185,4,6,4.74,18.1,160.9,1
15.607,76.4829,3,1,3.83,103.56,237.7,0
31.9599,77.1433,4,5,4.74,13.32,82.6,1
27.2696,76.3761,3,1,2.6,305.35,205.0,0
26.3536,92.3459,5,5,5.39,4.14,294.1,1
12.4495,74.0056,3,1,3.7,29.97,376.8,1
28.0814,71.6344,3,3,2.93,52.68,145.5,0
28.0209,94.0547,5,6,5.5,1.0,612.6,1
18.8825,73.5945,4,1,4.3,54.0,477.6,0
26.8431,86.9344,4,5,3.92,8.59,1096.2,1
29.2431,76.8769,4,5,5.58,28.23,11625.9,1
28.6831,76.8635,4,8,4.25,36.37,12094.8,0
32.6852,77.5146,4,6,5.53,3.29,184.9,1
11.4489,77.0156,2,0,2.41,90.56,769.0,1
26.9891,92.2279,5,8,6.45,1.55,343.8,1
26.9645,96.1016,5,10,5.19,3.78,604.7,1
18.6952,74.3762,4,5,4.15,135.91,552.7,0
21.8402,86.5923,3,2,4.04,42.1,5524.9,1
8.7572,76.335,2,2,3.17,304.55,847.8,0
28.021,77.872,4,5,4.54,19.19,9698.8,1
17.183,82.173,2,2,2.47,118.46,352.1,0
23.9773,70.7442,5,6,5.27,21.71,203.1,0
31.7479,77.5994,4,2,5.0,17.97,133.0,1
14.5492,75.1983,3,1,3.45,229.56,502.9,1
29.6344,72.7254,3,0,3.87,9.89,313.2,1
29.5532,80.2333,5,5,4.7,1.13,223.3,1
23.3747,71.5304,5,2,5.35,6.36,336.6,1
29.8614,77.5922,5,13,5.69,2.87,650.7,1
28.5833,77.7038,4,5,5.17,26.8,8851.9,1
12.9958,79.4112,3,2,3.35,12.33,818.4,1
19.8021,74.3831,4,1,5.44,32.63,581.9,1
21.6214,88.8274,3,1,3.85,22.62,5907.7,1
12.747,77.6774,3,4,3.86,62.22,310.1,1
10.0098,75.0863,2,1,2.41,34.69,1243.2,0
14.6197,79.9694,2,1,3.29,139.36,529.0,0
13.7097,79.0419,2,0,2.21,177.95,128.7,0
14.6189,77.2455,3,1,3.17,30.51,330.7,1
14.7303,77.8208,3,3,3.13,10.71,121.6,1
34.5779,76.2791,5,3,5.02,58.62,173.9,1
16.0007,74.1214,3,3,3.17,173.71,198.5,1
14.4811,75.412,3,1,2.9,267.8,184.6,0
15.1379,77.7779,3,1,3.76,376.64,495.3,1
15.1613,77.1902,3,0,3.01,190.28,484.3,1
25.4091,84.9393,4,6,4.02,53.99,741.9,0
29.4404,78.3752,5,14,6.02,4.2,297.0,1
27.9723,93.4875,5,7,5.6,5.05,277.7,1
23.1965,80.2576,2,0,2.35,86.8,425.9,0
25.9756,76.183,3,1,3.39,104.79,219.9,0
28.3975,77.5047,4,4,5.05,2.35,19098.8,1
22.0291,88.6896,3,1,3.11,14.78,17701.7,0
25.5577,74.7141,3,2,3.53,69.71,116.1,0
14.1349,77.4743,2,1,2.62,332.89,233.4,0
28.1826,89.1862,5,10,6.49,1.55,347.1,1
13.7539,77.9997,3,0,3.1,194.37,494.5,0
26.9206,93.945,5,7,5.66,9.04,479.2,1
29.8737,78.0029,5,5,6.84,19.31,334.1,1
35.8032,73.1719,5,9,6.0,13.2,307.6,1
29.0187,77.0948,4,3,4.65,15.54,16322.3,1
30.976,80.8539,5,5,4.87,1.58,87.1,1
15.8465,75.5931,3,1,2.94,56.17,590.3,0
33.1972,77.928,5,7,5.39,18.89,433.9,1
27.6465,73.8994,3,2,3.02,321.67,407.9,0
35.018,74.5079,5,9,4.83,32.65,431.1,1
36.9065,75.6409,5,4,5.57,10.21,253.2,1
29.2641,77.0887,4,9,3.86,23.98,16729.9,1
21.9323,86.6797,3,1,4.18,117.92,3176.1,1
26.9161,72.8342,3,1,3.03,28.56,344.3,0
29.1101,69.7018,3,2,3.79,36.03,306.6,0
26.1312,96.7058,5,5,5.29,1.11,677.7,1
10.1219,76.3712,2,1,2.77,6.53,2474.6,1
28.6539,76.5677,4,4,4.01,36.91,14979.9,1
26.8202,94.5739,5,9,5.21,11.97,308.2,1
29.1895,77.0055,4,4,4.34,106.29,12437.0,0
31.3195,79.2083,5,10,4.66,7.33,194.5,1
28.4955,77.3022,4,5,4.53,6.04,8160.5,1
32.9278,75.6118,4,7,4.02,6.61,297.3,1
29.9881,75.0133,3,0,3.04,33.36,90.5,0
19.5934,73.3369,4,6,3.57,35.2,455.2,1
26.3219,88.0007,4,2,3.9,19.3,1174.9,1
31.3056,80.1191,5,10,4.41,1.0,509.5,1
25.9497,96.4461,5,10,6.09,13.05,973.4,1
22.624,71.7658,5,2,5.56,113.45,219.3,1
18.6846,72.7476,4,2,3.97,22.91,822.3,1
26.7283,89.9365,5,6,6.23,1.95,269.5,0
34.8113,75.9038,5,7,5.91,14.92,181.5,1
12.2095,75.5088,2,0,2.24,17.08,668.1,0
20.3394,81.9112,2,0,2.77,201.91,496.8,0
24.609,70.6149,3,1,3.79,75.55,102.1,0
24.3649,69.3391,5,5,5.62,8.79,832.3,1
12.6218,75.0269,3,6,3.28,5.76,459.0,1
32.5828,78.1358,4,6,5.27,48.45,89.2,1
27.3107,91.2702,5,6,6.68,1.0,510.6,1
21.5243,79.2891,2,2,3.68,157.09,193.6,0
11.7873,80.0937,3,3,3.75,10.6,231.2,1
23.3301,87.5102,3,0,3.99,16.71,10176.2,0
16.3336,82.7274,2,0,3.07,89.39,445.5,0
13.3673,76.7256,3,1,3.17,36.05,467.7,0
22.5338,71.1048,5,9,5.03,2.22,311.6,1
22.9678,87.5467,3,1,2.83,51.24,1744.9,1
25.1307,91.9513,5,7,5.6,1.0,206.1,1
29.0667,72.1329,3,2,2.84,151.71,258.4,1
22.1414,88.9058,3,4,3.36,20.65,3967.2,1
34.5381,77.5764,5,4,5.35,3.37,250.0,1
23.7875,88.5349,3,0,4.25,103.53,9215.5,0
17.7178,72.9524,4,4,3.21,77.88,222.0,1
16.7725,80.3833,2,0,2.06,98.79,1180.1,0
26.6932,87.3485,4,2,4.96,41.51,386.5,1
12.6271,77.6127,3,0,3.68,304.59,398.3,0
28.7656,77.3716,4,3,3.29,35.44,7372.3,1
10.9716,77.0496,2,0,2.0,105.31,637.9,0
22.8879,80.7016,2,0,2.66,255.91,267.1,0
22.1462,88.2012,3,2,4.04,125.02,10336.2,1
21.6178,87.2349,3,2,3.76,55.36,4765.5,1
20.5777,78.0874,2,0,3.13,1.0,613.0,0
22.537,86.5587,3,0,3.37,150.91,5359.4,0
34.6445,75.1507,5,3,4.75,11.65,166.2,1
12.4679,80.0511,3,4,3.82,77.99,413.3,0
30.8964,77.4503,4,6,5.03,12.31,179.2,1
26.1188,71.9715,3,3,2.66,304.83,205.2,1
34.2379,74.9142,5,4,6.11,43.05,107.4,1
17.5849,73.8431,4,4,4.13,193.71,348.8,1
28.1706,76.998,4,4,3.33,31.04,13707.5,0
12.1446,76.4678,2,1,2.54,307.18,564.5,1
17.4611,80.2425,2,0,3.26,2.53,361.2,0
13.5737,79.4407,2,0,2.48,455.1,315.0,0
10.3314,79.9112,3,1,3.64,83.18,720.9,1
23.2225,77.0495,2,0,3.5,268.17,94.3,0
21.9932,87.8888,3,2,3.92,163.04,15031.2,1
11.7593,78.6786,3,1,3.92,188.45,545.2,0
32.5506,77.9609,4,3,4.3,4.63,176.5,1
24.3807,68.5962,5,4,5.8,56.59,653.4,1
15.7023,83.6676,2,0,2.63,209.13,631.2,0
28.6726,70.0405,3,1,3.52,10.1,155.3,1
26.6511,83.8428,4,7,4.19,3.72,2070.3,1
17.8768,72.9724,4,1,4.17,48.23,628.7,1
29.7833,69.7277,3,1,3.3,185.05,278.1,0
16.1153,83.0356,2,0,3.36,119.71,592.8,0
27.9147,72.1554,3,0,3.66,172.71,607.8,0
26.1492,69.5101,3,5,3.42,47.69,240.1,0
16.5069,74.7216,4,2,3.51,57.67,624.9,1
27.7029,91.5604,5,8,6.14,10.49,158.8,1
17.9183,82.2768,2,1,2.81,13.43,213.1,1
23.3796,70.5838,5,3,5.34,6.55,308.6,1
23.6209,81.1081,2,2,2.83,183.47,470.6,0
11.6933,79.6854,3,6,4.41,91.25,687.7,0
25.9677,69.7703,3,0,3.51,24.38,265.9,1
23.0022,70.8475,5,4,5.57,67.88,623.9,1
8.9684,75.0102,2,1,2.62,34.37,1231.1,0
22.9483,71.8302,5,5,5.18,65.0,355.4,1
28.5363,74.2317,3,0,2.84,58.0,110.0,1
28.7493,76.5484,4,6,4.59,93.22,6530.2,0
10.4598,78.7902,3,1,3.27,113.98,635.0,1
12.4394,75.3168,2,0,2.07,117.57,561.9,0
32.7852,78.1536,4,2,4.11,8.14,60.2,1
30.5308,79.4576,5,10,5.34,4.02,475.1,1
17.2685,82.5027,2,0,2.51,54.55,206.1,0
28.2054,71.1087,3,0,3.38,271.05,116.3,0
28.6562,76.5652,4,3,4.18,67.92,9386.2,1
31.9432,77.1962,4,7,6.06,11.14,147.7,1
12.4346,75.5059,2,0,2.05,174.85,399.8,0
14.8663,78.4946,2,0,3.33,47.93,570.0,1
23.895,71.1916,5,3,5.16,6.73,227.0,1
11.6747,79.2814,3,3,4.08,36.48,350.6,1
32.2362,77.7818,4,7,6.08,15.79,144.1,1
23.2804,68.7916,5,4,5.59,5.55,364.3,1
24.7953,86.7578,4,3,5.12,18.31,622.1,1
31.0848,77.982,5,6,6.12,1.01,348.9,1
21.0828,81.5434,2,0,2.43,142.12,565.1,0
23.1705,70.2638,5,6,5.54,42.24,275.7,1
12.3485,75.1379,2,0,2.59,3.06,962.8,0
9.7392,76.4228,2,0,2.71,4.89,1009.7,0
25.9682,76.258,3,5,3.9,87.79,365.9,1
33.9666,76.9756,5,10,5.03,11.76,254.6,1
14.9995,75.9696,3,3,3.1,32.14,580.2,0
24.8893,78.0267,2,1,2.49,65.3,736.0,0
18.9352,79.9562,2,0,2.77,83.62,285.6,0
26.7238,92.4998,5,11,5.67,17.64,404.9,1
11.3931,77.3423,2,0,2.9,212.42,940.1,0
29.1882,77.0781,4,4,4.11,40.64,10551.7,1
35.7887,75.1345,5,8,6.15,7.42,174.4,1
20.6089,76.4589,2,0,2.84,212.16,270.4,1
32.3265,75.646,4,5,3.85,15.72,187.5,1
28.287,77.3709,4,3,3.78,3.89,33160.1,1
30.8402,77.8513,5,6,4.73,5.7,263.9,1
26.8366,95.8519,5,8,5.62,6.51,207.6,1
23.7604,70.0728,5,2,6.1,17.06,600.5,1
26.0096,87.9457,4,6,3.83,59.49,614.5,1
13.1458,79.7284,3,1,3.39,152.23,415.3,0
33.2564,73.3364,5,7,5.75,16.07,365.8,1
9.6501,79.4993,3,1,4.1,24.09,833.1,0
10.3594,76.7263,2,1,2.76,111.95,1967.4,1
14.8607,78.5917,2,0,2.16,12.52,372.1,0
28.567,76.7995,4,4,5.09,16.18,9204.6,1
29.492,77.1949,4,5,4.8,17.45,24940.2,1
25.6994,84.2693,4,6,4.03,42.52,549.4,1
36.4781,77.34,5,2,4.96,12.96,108.8,1
28.9451,76.9077,4,4,4.89,66.47,15370.6,1
35.9583,77.561,5,8,5.28,7.49,45.7,1
27.2592,92.1723,5,11,5.44,20.81,805.2,1
23.4196,88.446,3,1,3.76,202.17,7208.7,0
31.4703,77.4295,4,7,5.33,10.15,160.6,1
30.8932,79.6036,5,5,4.71,2.15,387.6,1
23.2091,68.9901,5,5,5.78,1.0,513.2,1
24.0165,80.7603,2,2,2.95,59.02,223.7,1
14.257,81.6841,2,2,2.35,169.55,202.8,0
29.6052,75.4236,3,3,3.06,207.41,317.8,0
23.5738,86.7613,3,3,3.96,92.33,12826.3,1
9.5133,79.6699,3,2,3.85,66.61,551.2,0
12.4786,74.2439,3,0,3.41,61.25,515.9,0
32.1687,77.4423,4,4,3.87,7.45,58.9,1
23.7762,82.9824,2,1,2.83,148.93,162.7,0
29.734,72.1389,3,0,3.28,6.75,218.0,1
11.463,79.4269,3,0,3.71,33.85,246.0,1
22.407,78.4735,2,0,3.17,74.2,631.5,0
30.3924,80.3899,5,11,5.15,13.97,117.8,1
22.3844,79.6458,2,0,2.7,201.64,219.6,0
27.848,69.8855,3,0,2.54,37.77,253.3,1
30.6806,80.537,5,8,4.55,26.33,444.7,1
12.3932,76.6082,2,0,2.74,93.9,1190.0,1
18.4275,73.3889,4,1,3.61,10.36,944.1,1
36.9058,77.8272,5,8,4.82,7.84,147.0,1
32.13,77.0199,4,6,5.39,73.03,88.4,0
29.3512,76.2976,3,2,4.11,500.0,203.3,0
33.9905,74.3305,5,6,4.69,10.04,277.3,1
23.3104,70.4567,5,2,5.48,13.13,403.1,1
24.1208,68.6657,5,5,4.8,15.16,130.1,1
22.5734,69.2111,5,4,5.61,48.07,506.9,1
27.713,95.4278,5,6,5.03,11.38,456.3,1
22.522,88.9424,3,4,3.91,48.5,13506.3,1
22.7171,69.4025,5,2,5.13,12.59,302.9,1
32.3536,77.4834,4,3,4.98,25.78,133.2,1
16.4078,78.0369,3,3,3.09,38.47,583.5,1
34.3878,74.3284,5,6,5.12,38.36,88.5,1
9.6345,79.0602,3,3,3.77,25.77,228.7,1
29.2894,70.7562,3,2,2.97,59.01,199.3,0
36.9525,75.1065,5,5,5.39,1.04,113.6,1
22.097,87.5666,3,0,3.86,178.87,6940.8,0
26.2222,95.9178,5,4,5.5,10.46,338.5,1
23.3549,69.6987,5,2,4.39,6.92,332.6,1
30.3953,79.2957,5,8,4.95,6.29,138.0,1
26.2567,83.4278,4,3,4.67,3.43,1026.4,1
10.2794,80.3479,3,2,3.89,44.47,962.5,0
11.1596,79.7769,3,3,3.56,51.55,828.6,1
28.6713,76.8516,4,4,3.69,44.71,16106.3,1
23.6884,80.4535,2,0,3.45,23.34,245.9,0
9.6646,79.0235,3,3,4.17,61.62,1307.4,1
15.7935,74.012,3,0,3.38,12.64,158.9,1
34.1757,73.2831,5,3,4.7,4.74,179.9,1
24.0301,69.1,5,8,6.39,11.89,219.7,1
29.6247,70.599,3,1,2.83,58.83,191.1,1
20.2451,76.4234,2,0,2.53,250.67,622.5,0
8.974,76.767,2,2,2.58,16.87,1230.2,0
27.826,89.8896,5,5,4.89,2.07,315.6,1
30.8787,77.2775,4,1,3.98,18.97,92.1,0
21.3907,81.6904,2,1,2.52,85.17,558.7,1
18.948,77.8568,2,0,2.62,258.92,125.2,0
11.1639,75.2255,2,0,2.51,153.09,1480.5,1
16.9007,81.8229,2,0,2.2,110.8,126.8,1
28.3002,90.7888,5,13,5.76,1.0,584.9,1
19.3248,74.4775,4,2,4.1,23.2,530.4,0
26.1431,87.3134,4,2,5.76,22.62,1286.5,1
19.8634,74.6319,4,1,3.39,20.44,1266.1,0
25.9028,96.8982,5,4,5.81,5.12,489.0,1
28.7155,77.3455,4,4,4.57,72.12,7359.1,1
31.3727,76.2223,4,7,5.23,8.24,115.0,1
34.7998,77.5742,5,4,4.61,28.07,73.6,1
18.8265,77.9587,2,0,2.33,58.66,322.4,0
24.4539,77.4866,2,0,3.08,500.0,193.6,0
12.2331,78.169,3,2,4.52,106.17,307.3,1
13.1017,76.1854,3,2,3.82,244.9,204.0,0
18.6106,77.3558,2,2,2.92,30.38,474.5,1
19.1886,82.6402,2,0,2.41,1.0,341.0,0
32.3221,76.6561,4,3,5.5,4.02,275.6,1
26.3478,90.9212,5,6,5.76,1.0,404.2,1
22.2529,87.5075,3,1,3.41,27.32,8845.1,1
23.2501,88.4112,3,1,3.81,38.15,7713.5,1
20.0478,82.3404,2,0,3.12,274.59,422.1,0
28.0181,77.5162,4,1,3.68,18.76,13464.7,1
26.113,89.0908,5,11,4.95,3.35,400.0,1
24.0707,78.1123,2,0,2.86,163.6,178.3,0
10.1171,80.0059,3,2,4.34,103.91,669.1,1
26.6287,86.9435,4,5,4.14,36.07,1588.9,0
27.5728,72.3902,3,0,2.95,41.39,229.4,0
34.3922,73.195,5,7,5.23,18.17,188.9,1
28.4463,77.4641,4,5,4.24,69.46,10247.0,1
12.911,79.3966,3,4,3.8,186.56,586.9,1
27.393,70.3355,3,2,3.53,20.26,215.4,1
24.0788,69.1746,5,9,5.58,5.13,651.8,1
29.0986,80.2947,5,6,4.33,9.77,90.9,1
26.6263,72.3346,3,1,3.91,149.15,128.2,1
15.2707,75.4442,3,4,3.22,110.64,599.2,1
18.6178,79.735,2,0,2.84,124.35,283.8,0
30.3123,80.5391,5,2,4.71,16.72,411.8,1
29.9937,77.8115,5,7,5.14,2.0,103.8,1
15.0285,74.8895,3,2,3.3,28.19,164.1,1
19.9433,73.2132,4,3,4.8,6.7,600.6,1
16.2178,81.9834,2,0,2.91,240.19,220.4,1
36.3753,76.5969,5,6,4.98,18.56,163.8,1
29.3292,76.4071,3,0,3.24,87.25,54.3,0
23.2687,71.2845,5,10,5.2,40.95,211.9,1
16.5531,82.9991,2,2,2.44,27.66,581.5,0
13.7392,80.9753,2,0,3.19,74.1,272.9,1
25.5475,93.6947,5,8,6.49,1.0,261.2,1
29.653,79.9281,5,2,5.06,4.13,123.4,1
9.1809,79.1132,3,3,3.93,112.64,628.7,1
26.7897,93.0273,5,9,6.2,9.98,706.7,1
17.3434,73.3617,4,4,3.7,51.72,1918.8,1
34.7821,73.5233,5,5,6.52,20.25,204.7,1
21.6786,87.1685,3,4,3.03,43.98,4234.8,1
20.7245,82.7504,2,0,2.5,50.86,143.1,0
19.41,80.8206,2,0,2.32,211.48,264.1,0
13.2742,75.8776,3,1,3.45,162.78,721.0,0
33.5351,76.1338,5,7,6.3,20.56,101.0,1
29.4608,79.9956,5,8,4.63,4.77,312.8,1
35.0607,77.9204,5,5,5.57,5.68,117.8,1
9.1157,75.3419,2,0,2.83,41.8,1130.8,0
18.746,72.6031,4,2,4.95,27.4,325.7,1
21.9517,87.5884,3,3,3.93,3.29,3575.6,1
18.4116,79.424,2,0,2.8,59.84,294.3,0
14.0537,80.9518,2,0,2.23,283.09,204.2,0
29.7861,75.4099,3,1,3.38,434.62,197.9,1
27.1801,93.0934,5,10,6.11,5.07,278.8,1
31.0516,76.2943,4,5,4.27,39.35,110.1,1
17.5311,73.6226,4,1,3.52,18.12,399.8,1
23.5806,81.3464,2,1,2.91,62.01,960.7,0
12.6461,80.4484,3,2,3.37,54.55,374.7,1
25.4537,76.0582,3,1,3.14,29.24,214.0,0
24.3933,71.9745,5,6,5.42,53.4,455.8,1
28.2824,77.0578,4,1,4.17,58.51,16177.6,1
11.4781,78.9799,3,4,3.87,13.76,1586.7,1
22.5422,80.2879,2,0,3.15,42.83,305.3,1
30.6481,79.6054,5,8,5.45,1.4,147.9,1
23.8985,69.2297,5,1,6.2,18.94,268.2,1
15.5232,76.0419,3,2,4.22,3.35,779.8,1
15.6766,74.7659,3,1,4.06,67.98,386.5,1
25.3287,83.3057,4,3,4.58,38.79,646.4,1
31.546,76.4008,4,4,3.92,12.25,208.6,1
24.1186,68.8862,5,7,5.07,1.13,232.6,1
25.724,86.0986,4,4,4.55,8.28,1111.7,1
36.0248,73.2465,5,4,5.93,22.75,99.3,1
25.678,75.5567,3,0,3.11,34.85,62.1,1
22.2596,87.6173,3,0,3.96,50.26,10614.1,0
29.5066,80.278,5,9,4.7,2.7,114.5,1
35.4328,73.6783,5,5,5.51,14.0,104.9,1
23.9796,70.4917,5,5,5.18,53.52,862.7,1
26.74,71.3519,3,0,3.33,156.98,198.9,1
12.876,74.6505,3,2,3.31,71.44,251.6,1
30.8519,78.2146,4,3,5.13,10.45,214.7,1
23.1613,79.8969,2,3,2.99,473.05,201.2,0
19.7828,74.0411,4,1,5.34,160.31,560.9,1
21.7468,82.0615,2,0,3.03,182.29,466.6,0
16.2912,75.3265,3,1,3.7,2.78,138.6,1
27.6128,74.6226,3,2,3.46,78.55,82.0,1
22.7918,70.2488,5,3,5.3,6.7,132.3,1
10.0961,78.7044,3,0,3.4,6.88,245.4,0
28.0861,77.6668,4,3,5.19,1.88,22527.1,1
17.9878,73.195,4,2,3.44,19.53,321.4,1
25.2398,84.7384,4,1,4.37,49.49,858.0,1
11.2761,75.5326,2,0,2.47,500.0,581.2,0
25.6103,94.8058,5,15,6.57,4.75,405.9,1
13.8937,81.7855,2,0,2.39,183.87,277.6,0
26.8546,86.1875,4,0,4.39,22.54,1762.7,1
27.3188,91.2548,5,3,6.12,3.47,223.0,1
23.1329,87.6294,3,5,2.61,7.4,8662.1,1
18.3695,83.3788,2,0,2.63,91.62,651.7,1
23.6473,70.1515,5,4,5.72,22.59,201.9,1
15.3023,75.1051,3,2,3.62,138.01,182.1,0
29.0819,77.4752,4,6,4.14,20.12,7558.2,1
30.8042,78.2124,4,3,6.1,30.31,85.5,1
29.4132,77.34,4,6,4.09,127.16,11324.6,0
18.1195,74.4342,4,1,3.49,47.02,2066.9,0
28.4698,70.2671,3,0,3.41,24.42,118.6,1
13.0795,79.3464,3,1,3.84,49.28,384.1,0
11.9907,76.9195,2,1,2.59,65.18,904.4,0
25.3289,91.215,5,8,4.99,8.48,301.9,1
17.5066,82.8773,2,0,2.45,38.7,236.5,0
29.0513,80.3505,5,9,5.05,16.24,249.3,1
28.1564,77.7324,4,7,4.33,1.82,13675.1,1
23.0799,69.4333,5,6,6.3,4.74,623.7,1
28.984,77.1661,4,8,4.12,69.91,9402.7,0
21.8865,88.1991,3,2,3.42,32.66,7374.2,0
13.3798,79.6782,3,2,3.64,1.0,383.9,1
31.9197,77.7488,4,3,4.86,8.3,74.4,1
23.5446,88.5268,3,0,3.32,47.74,10136.8,1
17.9685,81.5831,2,1,2.24,243.26,291.9,1
31.8111,78.2979,4,3,4.75,34.96,126.1,1
30.2815,77.663,5,11,6.03,4.5,777.2,1
14.866,77.3332,2,0,2.26,13.65,187.3,0
11.9522,79.253,3,2,4.36,77.41,196.4,0
9.2911,77.1692,2,1,2.01,7.46,853.3,1
15.2987,78.2575,3,1,3.81,31.73,101.9,1
28.3412,76.6321,4,5,3.64,10.53,7743.4,0
29.513,79.1766,5,6,4.19,1.06,96.8,1
24.0204,68.8799,5,3,5.28,7.81,539.1,1
28.1405,74.656,3,2,3.41,147.11,130.7,0
23.9248,88.6156,3,3,3.47,69.69,12334.1,1
11.1636,76.3806,2,0,2.08,30.3,1171.6,0
24.5189,83.084,4,6,4.14,27.37,2392.1,1
36.7527,76.232,5,5,6.42,6.07,168.8,1
14.4615,82.8061,2,2,2.87,187.71,724.9,1
22.1355,88.4104,3,3,3.45,17.06,6921.0,1
14.4305,77.6766,3,3,3.83,41.87,321.8,1
14.9173,79.6831,2,0,2.51,349.41,269.9,0
31.2438,79.9922,5,2,5.02,41.56,148.6,1
12.8184,78.2634,3,0,3.77,73.8,160.3,0
14.9121,74.7262,3,5,3.5,45.41,809.3,1
11.3449,76.1216,2,2,2.39,15.64,2079.3,0
27.7832,90.6916,5,6,6.16,8.35,509.8,1
25.2946,83.4179,4,4,4.63,41.82,638.8,1
29.0894,80.0063,5,2,5.3,2.22,152.4,1
35.8707,77.3856,5,7,5.72,59.04,256.8,1
9.9187,76.7803,2,1,2.51,66.57,937.7,0
32.1948,77.2944,4,6,6.05,3.98,121.2,1
23.0856,82.546,2,0,3.45,9.71,426.6,0
14.5749,80.3831,2,0,2.53,132.9,365.5,0
9.4113,75.6063,2,0,2.06,260.67,2138.6,0
26.3256,87.6675,4,4,4.42,54.14,1873.9,1
26.0193,90.3035,5,6,5.26,4.03,336.1,1
23.6427,70.3775,5,2,4.87,46.29,354.9,1
22.2984,88.7885,3,6,3.91,31.87,2723.1,1
18.3274,74.1234,4,2,4.59,27.28,443.2,1
27.2737,93.4153,5,9,5.84,23.86,658.3,1
29.2747,76.6134,4,6,4.63,13.09,8148.9,1
33.9099,75.2965,5,4,4.9,12.21,82.7,1
20.9669,81.336,2,0,3.02,500.0,135.4,0
14.9168,76.645,3,1,3.4,11.28,246.0,0
10.9327,79.9877,3,5,3.98,5.0,527.7,0
22.1739,86.7466,3,0,2.99,48.0,11150.1,0
19.5574,74.2612,4,2,4.57,3.06,429.0,1
8.7791,76.2145,2,1,3.31,6.65,337.6,0
25.5621,71.9301,3,0,3.37,23.56,94.1,0
14.5765,74.5948,3,0,3.55,9.96,44.0,0
30.4711,80.783,5,2,5.96,11.27,151.7,0
12.8789,77.3174,3,1,2.87,57.9,308.1,1
30.5474,76.1481,4,5,4.72,123.17,187.2,1
18.6,82.0724,2,0,2.32,23.57,342.5,1
30.6502,76.2175,4,6,5.12,1.0,125.8,1
34.2829,76.9035,5,3,5.12,3.78,218.6,1
28.1449,90.9788,5,13,5.67,1.36,483.2,1
9.2814,75.0399,2,3,3.0,224.84,1204.6,0
23.1702,88.0591,3,1,3.04,4.33,14695.2,0
15.9553,74.4604,3,3,3.48,175.73,184.3,1
13.0432,78.8758,3,4,3.65,25.98,616.6,1
24.2625,69.4068,5,7,5.75,7.46,238.9,1
28.0551,77.2407,4,4,4.97,41.59,7108.5,1
24.1834,71.1541,5,6,5.93,27.16,462.5,1
27.3248,84.8716,4,7,4.77,1.0,1682.0,1
22.6386,71.8412,5,5,4.51,37.04,226.3,0
19.698,73.3382,4,4,4.33,3.35,340.4,1
21.7862,88.1103,3,1,3.15,14.93,4427.9,1
35.1333,73.7331,5,5,5.83,4.45,145.7,1
25.5721,83.1146,4,2,4.27,47.3,750.0,1
11.9567,76.4523,2,1,2.63,23.27,1414.4,0
26.3237,73.3408,3,2,3.01,99.14,258.8,0
29.8272,78.9333,5,6,5.83,9.52,282.1,1
24.9914,82.1503,2,0,3.21,8.99,342.5,1
12.2836,80.3573,3,1,4.49,80.81,393.9,0
16.5937,79.8919,2,0,2.83,42.75,535.0,1
10.8788,79.4806,3,2,4.66,184.35,374.3,0
18.4931,74.9179,4,3,4.14,11.4,900.3,1
9.8803,76.9684,2,0,2.36,53.75,844.6,0
10.4807,79.5801,3,0,3.44,15.86,302.3,0
32.8425,75.6082,4,4,4.24,45.59,84.6,1
23.7269,86.7286,3,5,4.22,38.79,4826.7,1
23.6262,88.8641,3,4,4.45,8.34,8501.4,1
22.2507,87.446,3,0,3.79,81.23,8396.1,0
29.7288,80.6657,5,1,5.09,1.0,328.2,1
23.1686,88.6914,3,3,4.18,151.74,6125.0,0
9.8151,75.6404,2,1,2.07,61.48,1016.3,1
18.0551,74.2187,4,4,4.1,179.04,1033.6,1
16.7705,79.3921,2,0,2.53,93.81,493.2,1
30.237,79.9708,5,9,4.54,10.77,159.7,1
12.3348,76.7316,3,1,3.64,30.79,511.4,0
27.4926,93.1625,5,6,6.58,16.25,414.8,1
9.089,79.861,3,1,3.86,6.77,202.5,0
11.8414,76.2438,2,3,1.77,19.64,665.6,0
31.4402,80.0347,5,4,5.17,2.93,119.7,1
29.133,76.7866,4,2,3.48,14.82,41337.0,1
19.8128,73.7176,4,3,3.78,48.95,386.5,1
30.5213,76.0465,4,5,4.89,1.0,147.3,1
27.7263,75.6529,3,4,3.24,237.93,201.3,0
18.014,72.8109,4,3,5.05,11.03,184.0,1
21.8166,86.838,3,0,3.74,126.86,5121.7,1
24.6791,76.1714,2,0,3.54,15.41,247.9,0
11.1657,75.5977,2,1,1.88,19.06,1121.7,0
27.5408,95.5032,5,5,5.62,30.91,204.2,1
17.5661,77.3072,2,0,3.39,12.28,438.5,0
28.2228,77.8029,4,6,4.87,98.41,15869.0,1
23.7166,70.9417,5,4,5.15,9.58,827.6,1
29.5795,77.5315,5,7,5.14,24.59,57.9,1
10.6077,76.621,2,0,2.21,130.19,1292.1,1
23.7534,87.0759,3,2,3.28,38.73,14260.0,0
29.2174,74.1961,3,1,3.05,299.72,223.9,0
16.7374,78.3533,2,1,2.54,163.47,254.1,0
29.314,77.6227,5,4,4.44,13.61,123.0,1
28.2084,77.7186,4,2,4.29,36.66,13172.0,1
25.2609,93.042,5,3,6.32,17.81,988.5,1
24.6655,82.3884,2,0,3.06,52.82,278.9,0
24.7044,87.8374,4,5,4.67,4.54,522.6,1
36.5822,75.2778,5,12,4.69,10.8,170.0,1
32.713,77.6201,4,9,5.88,22.71,81.9,1
26.8296,90.1439,5,9,6.31,43.69,292.0,1
22.853,78.6473,2,0,2.41,7.27,306.8,1
23.0114,88.039,3,1,4.48,14.83,2713.5,1
28.4012,96.1291,5,7,5.02,10.15,265.3,1
16.9766,80.1616,2,0,2.36,46.42,162.2,0
19.718,74.4818,4,1,4.81,66.09,316.8,0
21.8517,82.4099,2,1,2.75,330.03,232.9,0
16.7505,83.6952,2,1,3.02,13.08,430.3,1
28.5702,77.2827,4,5,4.12,50.86,12728.9,0
28.4136,76.6471,4,3,5.08,49.32,23332.8,1
28.3028,77.3837,4,3,3.48,18.97,14116.1,0
26.915,88.3404,4,6,4.92,86.31,3098.6,1
30.7397,77.2557,4,4,5.0,10.74,169.8,0
36.134,73.9212,5,7,5.12,13.29,100.7,1
30.9322,76.6301,4,1,5.8,20.69,143.6,1
12.1472,80.0091,3,3,3.67,30.44,500.5,0
18.8034,77.8966,2,1,3.26,97.81,238.6,0
33.3543,76.6872,5,9,6.07,32.99,83.3,1
26.204,75.3654,3,0,2.82,82.55,86.6,0
33.2721,73.6787,5,6,6.01,10.31,189.8,1
33.2007,77.5556,5,9,5.71,5.98,166.5,1
29.0893,77.7689,4,3,5.13,45.14,8232.0,1
17.9664,73.5291,4,2,2.63,8.77,800.4,1
16.0906,78.5247,2,0,2.51,65.72,223.3,0
14.5513,75.6514,3,0,3.48,15.09,184.4,0
29.4058,77.3525,4,3,4.06,35.67,16496.8,1
23.1604,69.1223,5,6,5.21,16.76,347.9,0
23.4798,88.4532,3,3,3.99,164.52,10558.8,0
28.0728,77.0255,4,2,5.25,123.61,13552.5,0
21.9892,87.9683,3,2,3.35,61.06,5115.0,1
10.5366,76.5844,2,0,1.81,100.16,597.6,0
28.1789,93.6745,5,10,5.11,13.1,263.7,1
28.7414,77.9955,4,4,4.51,1.0,8408.6,1
31.5134,76.3412,4,3,4.46,80.5,55.0,1
12.207,75.3349,3,0,3.5,116.95,354.6,0
25.3872,85.3788,4,3,4.25,38.78,1153.7,1
28.1052,89.7296,5,8,6.27,4.78,748.5,1
36.0979,75.7324,5,6,6.5,12.09,203.4,1
23.1755,70.6581,5,6,5.84,34.66,630.8,1
13.0912,77.3548,3,0,3.81,100.09,156.3,0
12.9387,78.5422,3,3,3.97,63.67,252.6,1
10.0505,79.9976,3,2,3.5,17.09,461.7,1
24.5946,83.5908,4,2,3.55,1.55,498.7,1
25.5394,69.7397,3,1,2.9,9.67,134.0,0
23.5252,88.5839,3,1,2.77,96.51,22524.2,0
29.4191,80.905,5,4,4.62,1.0,78.3,1
25.6199,93.9767,5,13,5.74,35.38,330.5,1
18.5439,81.559,2,0,3.02,169.71,930.3,0
12.3358,79.5351,3,3,3.93,66.56,474.5,1
13.0008,78.2923,3,3,3.14,214.61,256.8,0
26.5661,83.6653,4,3,4.05,6.38,697.3,1
14.4674,77.1209,3,1,3.71,92.45,252.3,1
28.1515,92.3186,5,4,6.99,1.0,335.7,1
19.4118,80.2254,2,1,3.13,81.46,503.4,0
18.4634,78.5866,2,2,3.02,194.91,363.2,0
31.4126,77.8669,5,2,5.57,19.2,275.7,1
23.5748,69.1539,5,7,6.48,41.77,747.4,1
20.247,76.804,2,0,2.09,97.97,128.5,0
30.601,78.0788,4,5,4.56,25.56,130.2,1
11.8219,77.1682,2,1,1.94,32.61,783.3,0
18.6633,77.2123,2,0,2.81,2.09,354.9,0
31.2721,76.5019,4,5,4.01,7.65,97.5,1
9.565,79.3761,3,5,3.5,186.37,1223.7,1
12.8619,76.5755,3,5,4.11,265.1,220.8,1
25.7309,84.3027,4,3,4.65,5.29,482.6,1
22.5014,75.1568,2,0,2.79,491.94,163.6,0
19.0173,78.7642,2,0,3.11,1.1,522.1,0
29.1421,78.3306,5,4,6.44,17.78,144.1,1
26.0673,75.3619,3,0,3.95,130.46,133.5,0
24.2261,81.1942,2,0,2.68,31.14,478.9,1
14.2791,75.425,3,2,3.95,153.56,204.5,1
17.6629,78.5438,2,0,3.19,97.83,222.4,0
11.8063,76.1507,2,0,3.18,97.69,958.3,0
13.2324,77.3107,3,0,3.47,136.62,336.9,0
12.1301,74.1808,3,1,2.91,35.58,693.4,1
28.1028,73.3958,3,2,2.97,133.58,278.1,0
26.6417,83.9792,4,2,3.87,63.28,593.3,1
25.3824,72.947,3,0,3.16,70.67,135.3,1
29.8259,70.43,3,0,3.34,23.34,224.8,0
31.4707,77.3931,4,3,4.55,6.49,87.1,1
31.575,77.0216,4,6,5.62,13.66,63.7,1
25.3776,89.809,5,11,6.29,20.68,159.8,1
13.9803,78.8514,2,0,3.45,35.39,298.9,0
21.6723,87.3049,3,1,3.24,69.93,3470.7,1
23.1478,80.6784,2,0,2.38,59.86,292.4,0
9.1471,75.3624,2,0,2.53,132.81,1573.5,0
15.9303,80.7625,2,1,2.81,14.0,241.1,0
28.1403,92.7495,5,11,5.46,10.45,987.1,1
14.9434,81.9923,2,1,1.89,189.29,787.0,0
24.8737,84.2307,4,6,4.17,11.28,849.8,1
28.0382,77.5832,4,2,4.61,3.69,12016.0,1
16.4352,74.6021,3,1,3.35,33.38,804.9,1
9.7125,76.5039,2,0,2.13,37.66,576.8,0
18.6161,79.8537,2,0,2.25,188.57,276.7,0
28.4305,77.8272,4,5,4.33,34.93,7338.1,1
26.3375,86.5732,4,3,3.63,74.26,343.5,1
13.9276,81.3595,2,0,2.07,35.03,179.3,0
18.3118,74.6077,4,1,3.48,62.13,325.6,0
21.8609,86.7216,3,0,3.39,79.08,9730.6,0
25.3221,70.1198,3,1,3.28,44.36,58.7,1
27.0635,70.6762,3,2,2.92,430.9,73.3,0
26.1227,94.5853,5,9,6.04,5.04,301.6,1
24.9378,83.8674,4,1,4.45,49.94,1077.3,0
29.2905,77.2149,4,4,4.65,28.09,13545.0,1
23.2422,71.2767,5,7,4.69,35.29,322.6,1
25.2211,83.7635,4,4,3.75,19.12,501.0,1
32.1486,77.5099,4,5,3.66,7.86,276.0,1
16.8292,74.7348,4,3,4.78,7.36,405.5,1
25.9921,85.5407,4,3,5.09,40.21,3542.1,1
23.6877,71.2115,5,2,4.06,10.26,212.6,1
28.6844,77.834,4,3,3.86,1.0,12884.0,1
15.5859,77.9387,3,2,3.84,74.64,746.6,1
25.5071,89.3636,5,8,5.9,10.24,422.5,1
17.0283,74.4385,4,2,4.09,7.51,1142.5,0
15.5075,79.6227,2,1,2.56,20.42,448.9,1
24.7588,85.6944,4,3,4.85,24.14,652.5,1
28.966,77.7374,4,3,4.01,5.27,9764.9,1
14.4524,75.7479,3,0,3.26,105.5,229.5,1
18.8106,73.2669,4,2,3.86,137.41,791.0,1
15.2818,74.0954,3,2,3.96,110.51,315.0,0
14.2349,76.5728,3,2,2.85,8.78,382.6,1
18.4877,81.9123,2,1,2.47,32.74,215.2,1
9.4648,79.3388,3,2,4.28,87.67,1129.8,1
28.7015,76.9377,4,5,4.61,7.28,7147.2,1
25.5968,92.0888,5,5,5.87,33.61,460.6,1
30.9602,78.0575,5,5,5.48,10.45,192.0,1
23.6588,69.5134,5,3,5.81,11.38,475.4,0
26.1195,87.2173,4,4,3.55,21.14,1371.3,1
23.7194,70.7381,5,9,5.65,5.42,151.1,1
25.9479,91.62,5,4,6.47,21.04,316.6,1
15.1685,79.2731,2,0,3.46,210.83,508.5,0
30.7723,78.3944,4,7,4.67,21.65,114.3,1
9.7566,78.7813,3,2,3.71,47.03,521.4,0
33.3479,76.5164,5,10,4.96,30.78,62.1,1
25.0322,90.0333,5,7,5.52,1.78,468.2,1
14.2695,74.3512,3,3,3.67,131.33,358.0,1
23.0502,88.5065,3,0,4.16,70.69,7573.1,0
26.7481,73.0122,3,3,3.2,69.31,180.7,1
28.4155,92.0183,5,8,5.11,1.0,462.1,1
26.7364,71.607,3,0,3.42,38.19,184.3,0
30.6107,76.0541,4,5,4.75,95.94,155.9,1
23.2429,71.206,5,5,6.03,6.69,220.6,1
29.6234,79.1071,5,12,5.39,8.3,192.6,0
26.5704,69.5043,3,0,3.01,239.45,293.4,0
32.2766,76.8902,4,3,4.96,1.93,166.0,1
27.4216,91.8653,5,7,5.75,20.55,542.2,1
28.7072,70.27,3,1,4.11,61.65,303.4,0
30.8918,77.5253,5,7,4.11,4.35,234.2,1
36.8326,76.1437,5,11,5.9,1.11,109.6,1
9.0553,78.3455,3,5,3.99,42.08,1389.7,1
9.8721,77.4827,2,2,2.26,66.9,849.7,1
30.6673,78.6081,5,6,5.08,7.6,143.0,1
26.1937,89.3617,5,3,5.08,10.73,730.0,1
24.8699,80.0304,2,0,2.93,500.0,200.6,0
17.5941,73.6429,4,1,3.99,1.0,488.7,1
30.7276,76.9348,4,7,4.91,63.31,53.2,1
23.0042,79.6056,2,1,3.67,38.52,220.5,1
27.4569,94.0232,5,11,6.17,31.69,398.0,1
26.436,70.8123,3,1,3.88,2.9,126.5,1
16.0947,83.7183,2,0,1.94,11.76,205.3,0
34.2196,76.2775,5,6,7.26,14.09,116.7,1
27.0679,92.8762,5,12,5.12,2.57,269.5,1
24.1722,71.4917,5,5,5.24,71.44,432.6,1
34.7272,77.4791,5,6,5.16,28.73,88.7,1
23.4523,87.1251,3,2,3.45,129.69,4281.6,0
26.8538,96.7593,5,4,6.62,4.9,527.5,1
32.1801,77.4536,4,4,3.74,98.18,250.2,0
24.828,71.9803,3,1,4.1,59.02,182.8,1
25.7144,84.7662,4,5,4.19,4.01,674.2,1
27.8328,89.9651,5,9,5.79,4.36,300.2,1
26.7069,83.9223,4,2,4.54,14.38,572.9,1
21.564,79.018,2,1,3.03,103.76,181.6,0
32.1595,78.3003,4,4,4.89,24.93,146.7,1
28.6071,70.9492,3,0,3.97,217.19,127.9,0
25.5643,96.578,5,8,7.05,1.37,659.3,1
18.8686,73.0378,4,4,3.82,46.6,1517.1,1
27.3016,96.0132,5,11,6.57,3.51,239.9,1
34.0672,77.8218,5,9,5.49,10.28,91.9,1
24.4415,69.9639,5,2,5.82,10.07,282.6,1
22.3224,88.7557,3,0,3.49,48.11,4456.6,0
17.7389,74.0184,4,0,3.41,8.23,595.8,0
30.2589,78.056,5,7,6.03,7.16,377.6,0
23.0378,81.9838,2,0,2.97,254.83,289.1,0
34.7134,73.933,5,8,5.67,42.87,182.8,1
9.4819,75.5482,2,0,2.52,217.37,392.4,0
35.2848,76.9779,5,7,5.32,21.61,128.7,1
10.0044,80.2973,3,1,3.46,6.2,459.0,0
28.1945,77.6551,4,6,3.78,1.0,6853.2,1
28.1048,96.9731,5,9,5.89,6.49,418.6,1
17.0556,74.738,4,8,4.27,63.0,415.2,1
34.473,76.2315,5,10,6.38,1.98,119.5,1
27.4696,73.416,3,0,2.66,49.35,317.0,1
21.9854,78.6185,2,0,2.04,295.67,478.2,0
16.8591,82.9496,2,0,3.04,337.81,95.1,0
32.727,76.4943,4,2,4.96,69.7,183.2,0
15.4062,74.3933,3,1,3.16,22.48,394.7,0
9.1521,76.7064,2,1,2.48,14.9,1426.4,1
35.6493,75.2294,5,3,5.56,3.96,87.2,1
29.812,79.4349,5,2,4.56,36.76,163.3,1
28.2104,77.9457,4,6,4.63,25.24,6068.8,1
9.555,76.1491,2,0,2.59,109.22,878.4,0
13.4954,78.6006,3,1,3.0,133.46,277.0,1
17.8201,74.1347,4,4,4.16,88.9,356.6,1
24.7827,86.7339,4,2,4.01,3.39,2426.9,1
27.9259,95.3134,5,13,5.01,1.0,876.9,1
26.8611,73.236,3,1,2.61,23.31,416.6,1
18.9732,80.8434,2,1,1.97,154.56,235.0,0
27.8284,95.027,5,3,6.15,11.82,583.2,1
31.0785,78.5388,5,10,5.02,2.32,190.8,1
15.2263,76.8349,3,0,3.26,16.28,158.7,1
22.6633,88.0349,3,5,3.1,47.71,5774.5,1
28.3605,77.7788,4,1,4.92,36.04,18051.5,1
13.0729,78.4927,3,2,4.26,1.57,648.5,1
13.5183,80.6445,2,1,2.94,7.34,124.6,1
25.8033,83.7469,4,2,4.12,32.59,1344.5,1
9.9415,79.9581,3,1,3.81,98.6,272.2,1
10.0694,80.1173,3,7,4.13,53.96,551.1,1
23.9201,88.862,3,1,3.4,300.77,5491.4,0
9.507,76.4232,2,1,2.69,262.06,744.4,0
26.705,87.5134,4,1,4.59,10.44,634.9,1
26.7903,87.5474,4,4,3.75,24.99,896.1,1
22.5155,71.7108,5,2,5.4,44.02,170.8,1
20.3112,78.2111,2,0,3.53,32.65,360.5,1
17.122,83.687,2,0,2.62,46.99,464.0,1
14.493,79.7019,2,0,2.95,117.32,249.0,1
21.425,82.6961,2,0,2.53,168.41,318.1,0
10.1002,79.4507,3,0,4.06,24.07,655.7,1
26.9884,85.4487,4,3,3.84,8.63,1426.5,1
17.0871,72.6673,4,3,4.09,77.75,374.0,1
27.8317,75.8315,3,3,3.58,149.65,206.3,0
8.034,76.6989,2,0,2.14,153.86,608.4,0
32.4007,77.591,4,7,4.44,5.52,108.7,1
28.9395,77.0989,4,7,4.48,16.79,14938.4,1
30.8804,78.4755,5,4,6.0,13.74,330.9,1
28.2734,73.3704,3,0,3.0,138.98,257.7,0
27.0308,86.6773,4,4,4.63,2.37,1023.9,1
14.8065,76.2915,3,1,3.42,158.87,267.9,0
29.9784,78.3568,5,3,5.73,4.6,313.4,1
10.9835,79.3863,3,3,3.82,62.78,515.7,1
28.7127,73.7993,3,0,3.2,16.83,348.6,0
27.8541,89.0867,5,8,5.13,13.05,356.9,1
26.3871,84.4941,4,4,5.62,63.63,457.5,1
28.043,76.76,4,6,5.77,54.89,10399.2,1
22.7425,80.0288,2,0,2.29,108.54,222.2,0
17.1202,82.5754,2,1,2.29,201.82,360.1,0
11.9191,76.0641,2,0,2.92,188.47,436.7,0
8.0044,76.8303,2,0,2.74,23.77,605.8,1
25.1552,71.2383,3,1,3.12,206.14,184.3,1
32.7941,75.7227,4,6,3.34,3.46,143.9,1
12.4212,80.4916,3,2,3.39,33.17,286.8,0
16.8228,74.9136,4,6,4.35,51.62,769.6,1
34.2658,76.9073,5,4,4.93,4.77,471.1,1
9.862,79.9156,3,2,3.79,59.74,866.5,1
22.24,76.7949,2,1,3.07,244.45,451.2,0
10.2442,76.0429,2,0,2.72,277.2,1674.8,0
23.7591,70.7412,5,4,5.59,1.0,292.4,0
27.1741,72.3365,3,1,3.52,1.0,214.3,1
25.0718,87.2475,4,4,3.77,16.22,1910.6,1
18.2003,78.0494,2,0,2.77,84.54,129.7,0
17.0221,73.1787,4,3,4.77,58.88,433.1,1
22.337,87.0476,3,2,3.17,23.35,8248.1,0
33.8698,74.0572,5,5,4.28,19.86,103.8,1
27.2441,87.6241,4,4,4.59,1.19,1306.0,1
22.4872,87.0895,3,5,3.68,333.25,19275.6,1
24.7061,85.2729,4,0,4.24,26.85,1814.3,1
23.2988,70.2985,5,5,5.11,11.24,418.7,1
30.8327,77.357,4,4,5.78,51.82,82.5,1
22.394,87.7843,3,2,3.65,145.45,6855.8,1
30.2982,79.9314,5,9,5.84,2.86,392.0,1
12.308,75.6199,3,5,3.47,100.46,202.7,1
23.4971,69.1495,5,6,6.09,6.5,459.4,1
28.14,77.7981,4,5,5.07,21.85,28334.3,1
36.7176,73.4072,5,7,6.02,1.0,88.5,1
23.4112,69.1695,5,6,5.79,12.43,224.0,0
15.5269,75.9199,3,1,3.0,152.36,335.1,1
8.5709,79.0952,3,0,3.5,152.76,640.0,0
29.4781,77.1118,4,1,4.77,17.88,19829.1,0
22.1262,88.8665,3,2,4.3,103.28,5364.6,1
17.9019,77.6548,2,0,1.75,9.53,361.2,0
9.5579,76.0693,2,1,2.62,128.74,1330.6,1
22.9733,86.6109,3,5,3.52,65.8,8450.2,0
22.9005,70.388,5,3,5.79,20.75,372.2,1
22.3836,88.5143,3,2,3.23,175.91,12530.1,1
25.0504,90.9677,5,7,6.77,1.54,358.2,1
26.4958,75.3465,3,1,2.98,16.47,409.9,1
23.7701,88.3065,3,1,4.11,13.91,8676.1,0
14.8374,75.8975,3,0,3.47,28.32,249.4,0
21.7071,87.6412,3,3,2.94,86.38,3027.9,1
28.0765,77.9632,4,9,5.46,101.72,11204.7,1
22.7268,68.769,5,5,4.64,3.3,496.5,1
25.1446,85.3021,4,1,5.11,13.43,1064.7,1
21.5233,88.7678,3,1,3.83,9.96,8028.6,0
10.095,80.1584,3,1,3.26,27.56,468.4,1
12.3772,79.5934,3,2,3.44,20.84,755.1,1
28.3546,77.7064,4,3,4.23,43.4,14597.9,0
33.7167,77.3856,5,9,5.04,13.61,219.8,1
32.8665,77.7456,4,3,4.8,3.9,82.0,1
35.8818,76.8002,5,12,6.74,15.48,123.2,1
28.1766,76.6898,4,4,4.87,31.91,4033.4,1
12.3636,75.3657,2,0,2.17,115.52,878.6,0
14.674,74.9809,3,2,3.45,64.03,368.4,1
25.6364,91.9969,5,13,6.52,1.0,198.2,1
23.4031,88.9816,3,0,3.22,199.95,5243.0,1
29.651,80.504,5,6,6.11,1.63,165.1,1
28.3833,96.8403,5,12,6.4,11.16,913.3,1
17.9669,82.3894,2,1,2.84,44.53,344.6,0
33.2552,73.6671,5,12,4.75,19.36,101.8,1
8.6877,76.8534,2,1,2.55,217.0,1217.0,0
28.0491,76.8628,4,7,4.51,32.78,36413.7,1
31.5574,78.486,4,5,5.64,1.7,142.8,1
23.5354,81.0772,2,1,2.99,122.97,363.8,0
8.9426,79.6676,3,2,3.7,26.48,336.6,0
19.7914,73.8789,4,1,3.56,7.35,1572.7,0
24.4618,77.6182,2,1,2.73,311.32,195.0,1
21.9053,75.1355,2,0,2.31,61.41,185.1,0
14.2708,81.295,2,0,2.92,16.83,415.3,1
11.4165,78.8896,3,0,4.14,64.16,1077.8,1
33.6181,73.5283,5,9,6.42,1.64,253.8,0
29.0796,79.9987,5,8,4.46,3.01,123.8,1
25.0844,86.2865,4,4,3.24,28.35,1230.8,1
22.3303,78.0456,2,1,2.63,36.45,180.5,1
9.566,75.5064,2,2,2.97,97.19,1652.7,0
18.1048,73.3213,4,2,3.1,1.0,660.9,1
20.1993,75.7923,2,0,2.99,3.57,396.5,0
33.6458,73.8325,5,10,5.0,6.79,127.4,1
12.2548,74.8404,3,4,3.33,110.06,371.2,1
14.2597,75.0617,3,0,3.35,21.42,694.5,0
27.2895,88.0688,4,7,4.45,72.85,1256.8,1
24.1711,68.537,5,8,5.25,3.21,190.0,1
23.6874,70.3305,5,5,5.24,57.15,403.5,1
25.3641,83.8796,4,1,3.69,21.78,938.9,0
22.263,87.1836,3,1,3.95,11.74,5605.9,1
24.8143,86.6049,4,8,3.71,84.9,660.3,1
19.0672,77.7766,2,0,2.33,143.42,570.2,0
33.7707,73.199,5,10,4.88,28.78,270.4,1
16.8503,74.2848,4,2,4.84,80.85,574.3,0
10.4275,80.1154,3,0,3.44,143.49,602.1,0
12.2481,76.2946,3,1,4.2,43.04,426.8,0
31.7525,76.0099,4,3,4.11,36.57,111.9,1
10.6305,80.4101,3,0,3.14,49.34,546.7,0
11.2457,80.3794,3,1,4.26,205.7,704.2,0
14.1849,74.6747,3,2,3.01,114.79,503.4,1
26.0273,69.6076,3,1,3.69,35.97,188.5,0
15.7193,77.1635,3,2,3.2,1.0,196.1,0
24.4387,68.8501,5,5,5.22,36.94,247.2,1
29.3525,77.5982,4,6,4.85,87.21,11420.5,1
27.0412,88.1659,4,5,3.33,20.43,620.6,1
9.5909,75.2249,2,1,1.81,186.34,1023.0,0
29.8431,69.7496,3,1,3.51,9.97,290.1,0
27.3525,92.6453,5,8,5.72,8.13,188.2,1
13.8166,74.7098,3,3,4.04,77.98,205.7,0
26.5801,84.7546,4,2,3.99,25.43,1049.1,1
33.8542,74.3482,5,6,5.12,3.32,87.6,1
36.2465,73.3503,5,8,5.92,5.05,232.1,1
26.6139,85.9705,4,5,3.7,67.09,3109.3,1
21.6854,81.2376,2,3,3.44,500.0,152.9,0
22.7635,70.759,5,4,5.0,2.63,491.8,1
10.9386,77.1886,2,0,2.84,380.11,860.8,0
23.0971,79.5008,2,0,2.7,50.25,266.5,1
24.3243,82.3144,2,0,2.9,375.61,186.2,0
19.4887,82.1245,2,0,3.13,119.93,141.0,0
26.2459,89.8143,5,9,6.34,11.53,434.1,1
32.4749,77.5928,4,6,6.05,15.08,238.3,1
16.8836,72.8376,4,3,3.77,16.47,244.4,0
32.1132,78.0939,4,1,6.24,11.14,82.7,0
36.8187,77.5791,5,9,5.46,7.89,223.2,1
28.8956,77.1651,4,4,4.24,37.8,6171.8,1
12.1596,74.922,3,0,3.28,157.65,309.7,0
18.3671,78.4087,2,1,2.65,67.71,597.0,0
25.2162,71.9305,3,1,2.98,96.81,74.6,0
26.6411,88.4825,4,6,4.76,20.55,1657.5,1
22.1468,77.1512,2,2,3.42,357.96,226.2,1
10.9412,75.4124,2,2,1.91,49.84,470.0,0
31.2378,78.7819,5,4,5.27,16.48,226.1,1
34.6226,76.2296,5,6,5.95,9.14,70.4,1
26.7554,74.0654,3,4,2.69,64.02,120.6,1
25.2277,96.6895,5,11,5.42,1.0,433.3,1
13.7081,77.8306,3,2,3.81,3.61,179.1,1
24.0497,70.5894,5,5,5.68,12.87,430.5,1
31.2733,80.2516,5,11,5.31,1.0,102.8,1
29.1401,77.3645,4,5,4.4,13.52,18554.9,1
22.95,88.8566,3,2,3.4,172.78,17064.0,1
25.4563,69.6329,3,2,3.69,38.05,337.4,1
19.1059,74.6023,4,3,3.77,44.64,741.1,1
29.0944,80.1093,5,9,4.71,9.78,142.6,1
21.8028,86.8679,3,3,2.94,63.92,26017.3,1
14.0023,77.0112,3,2,3.43,50.99,256.5,1
27.209,89.1164,5,4,5.6,17.63,640.8,1
29.0362,79.3341,5,13,4.57,18.56,243.6,1
31.6683,76.6578,4,2,5.69,11.16,101.1,1
22.9162,81.0896,2,0,2.77,108.82,117.8,0
35.3283,75.1957,5,10,4.32,14.1,75.4,1
27.3715,94.4778,5,7,5.52,27.29,226.8,1
34.3683,77.8416,5,6,5.56,4.38,110.8,1
32.9812,78.0881,4,4,5.44,38.53,167.9,1
31.9966,77.5082,4,4,4.0,53.79,84.3,1
17.588,73.9329,4,3,3.41,35.55,607.5,1
34.1589,73.0846,5,8,5.48,14.41,120.4,1
31.3112,77.9831,4,5,4.53,7.51,97.5,1
26.3073,87.9976,4,3,3.66,9.68,947.4,1
21.8159,87.7414,3,2,3.39,69.24,13045.9,0
24.3522,70.6333,5,4,4.26,17.28,591.3,0
21.3478,80.4734,2,1,2.72,46.02,178.9,1
11.6861,80.4749,3,5,3.67,40.27,260.8,0
22.8543,87.1367,3,1,4.26,100.71,7015.2,0
28.2701,77.4349,4,5,3.81,1.0,17765.7,1
27.1702,84.0086,4,2,4.76,81.72,769.4,1
13.0589,78.8831,3,1,4.25,28.64,594.0,1
36.8669,76.4134,5,10,5.75,8.51,126.7,1
23.7329,88.2242,3,4,3.82,14.95,4093.8,0
22.7567,76.8331,2,0,3.06,6.01,423.3,0
19.1449,73.7313,4,3,4.41,56.66,268.5,1
28.416,76.83,4,3,4.7,1.0,13514.7,1
18.2429,72.7541,4,2,4.39,14.44,775.1,1
25.4045,83.3999,4,6,4.16,49.86,1271.5,1
14.5871,83.5782,2,0,3.08,274.58,138.4,0
22.6404,87.1644,3,2,3.84,25.3,7161.8,1
29.0623,77.5615,4,8,4.17,19.07,8923.1,1
22.6213,81.3919,2,1,2.34,27.09,163.3,0
18.8422,73.976,4,2,3.62,31.07,404.8,0
24.1197,75.4069,2,0,2.6,21.16,324.5,0
24.4309,71.1976,5,5,5.46,42.75,121.1,1
28.3283,77.4832,4,2,5.75,22.41,16432.3,1
27.5826,93.5662,5,13,5.37,1.32,255.3,1
24.245,70.1399,5,2,5.52,7.67,328.7,1
8.5248,79.4741,3,0,3.74,3.49,656.8,1
15.7442,79.1126,2,0,2.74,118.85,185.2,0
27.9672,75.7356,3,2,3.82,114.67,253.3,1
17.0711,74.0841,4,1,3.96,76.58,465.1,1
25.2784,87.0647,4,5,3.75,40.15,1276.3,1
23.2869,69.4015,5,7,5.11,17.13,235.5,1
34.5637,76.3143,5,6,5.51,6.58,203.5,1
28.6128,76.6943,4,3,4.09,60.07,12283.9,1
12.9591,74.3864,3,2,3.82,67.21,168.8,1
23.2255,71.4778,5,2,5.74,21.37,174.7,1
26.4686,93.8462,5,6,5.53,4.43,593.9,0
36.9495,75.4837,5,5,4.9,4.8,270.1,1
29.1621,78.4573,5,4,5.56,20.6,236.4,1
28.5212,72.0973,3,0,3.09,181.7,377.8,1
22.8971,68.8505,5,4,4.95,1.0,299.6,1
26.7667,86.7964,4,5,4.51,45.46,2197.6,1
11.9063,75.0958,2,0,3.21,3.44,914.2,0
15.0196,78.4228,2,0,2.5,500.0,301.4,0
9.557,76.2071,2,0,2.1,203.21,3334.8,0
22.379,81.8821,2,1,2.15,405.7,461.5,1
29.3859,77.1828,4,2,4.28,19.8,11329.7,1
12.5481,79.5782,3,2,3.21,33.0,349.1,1
16.8093,72.7343,4,4,3.77,21.03,656.6,1
29.4554,77.1674,4,8,4.06,22.81,21765.3,1
10.1881,75.6657,2,0,2.33,31.36,1409.4,0
23.5848,70.0845,5,7,5.17,24.65,373.4,1
26.7821,84.8806,4,4,4.92,13.91,637.1,1
14.7911,83.0891,2,1,2.44,26.38,213.7,1
26.5693,86.8661,4,3,3.34,1.99,1999.5,1
24.9518,85.6448,4,6,3.14,18.01,645.1,1
28.992,77.9707,4,6,4.66,12.14,9826.7,1
30.0419,79.0688,5,5,5.88,23.73,161.3,1
12.839,74.31,3,0,3.36,1.39,400.4,0
30.4697,80.2187,5,9,6.16,7.47,130.1,1
17.5053,81.8736,2,0,2.52,10.07,275.1,0
15.5746,78.46,2,0,2.14,56.17,159.1,1
26.6836,83.0659,4,2,4.78,19.02,416.6,1
12.0093,75.3745,2,0,1.99,47.51,1409.4,0
29.3447,77.7661,4,1,5.04,22.62,13982.8,0
17.5787,74.315,4,3,3.5,143.68,1401.3,1
30.8193,78.1903,4,0,5.09,1.08,117.6,0
9.8381,75.9394,2,0,2.7,149.18,965.8,0
26.6869,87.9677,4,3,4.71,9.34,1169.2,1
27.2581,96.5984,5,7,6.49,34.84,237.1,1
29.2648,77.3933,4,5,4.82,5.97,21852.0,1
23.5421,75.7392,2,0,2.76,210.69,459.8,0
28.1458,76.5394,4,4,4.94,27.12,16731.1,0
11.9308,75.4031,2,0,2.28,5.46,1121.7,0
27.6127,95.8175,5,4,5.52,8.34,594.7,1
28.568,70.8019,3,1,3.96,2.79,249.5,0
29.866,72.8978,3,2,2.77,189.98,326.1,1
30.8741,77.9478,5,8,4.48,5.11,231.1,1
19.2473,73.0876,4,3,4.59,85.73,1381.0,1
32.1723,77.1086,4,2,5.12,51.92,108.5,1
31.0335,76.6813,4,5,3.98,2.2,110.1,0
23.5829,68.9925,5,4,5.95,12.44,584.4,1
26.5519,83.4347,4,4,4.4,114.38,730.1,1
13.4505,78.9357,3,2,3.76,91.68,587.2,0
17.2428,74.1908,4,3,5.14,172.02,704.8,1
35.1792,75.9802,5,7,7.04,5.85,204.2,1
22.5646,87.9262,3,2,4.02,53.52,28720.2,0
28.7048,71.0093,3,1,2.71,76.5,214.2,1
33.2066,77.8998,5,6,5.06,5.88,115.9,1
31.2994,77.2629,4,2,5.05,21.23,180.8,0
12.0479,75.356,2,2,2.61,81.78,489.7,0
23.844,70.9903,5,6,5.67,1.0,279.3,1
30.0461,77.6304,5,2,6.07,15.72,75.7,1
12.1255,79.4838,3,0,3.83,152.35,531.4,0
24.795,87.0741,4,2,4.28,9.28,837.6,1
17.8624,72.6946,4,1,4.76,19.19,515.8,1
29.9571,80.4321,5,9,5.14,26.35,235.9,1
12.1291,79.0212,3,3,2.8,12.3,957.3,1
26.9436,84.5329,4,3,4.39,8.28,1370.1,1
25.0177,90.8291,5,9,6.2,1.0,245.3,1
26.2607,94.9798,5,13,6.17,1.78,174.0,1
23.6019,70.1446,5,5,5.53,1.7,260.8,1
32.5115,76.3806,4,6,5.41,3.05,112.7,1
28.414,77.076,4,2,3.45,35.16,7059.0,1
22.6857,69.0166,5,7,5.86,93.69,383.5,1
29.7754,79.8146,5,11,5.34,1.81,234.3,1
22.2303,78.6065,2,1,2.6,24.98,520.8,0
29.4696,76.5366,4,5,5.11,58.3,8554.7,1
34.3287,75.6435,5,5,5.68,3.62,134.0,1
10.892,76.7172,2,1,1.95,65.53,780.3,1
32.5408,78.4728,4,3,5.69,12.22,347.6,1
29.3607,75.5499,3,1,3.72,31.4,237.2,0
18.9432,74.9294,4,2,3.23,190.9,679.0,0
13.2812,78.8726,3,2,3.36,21.96,1009.3,1
23.5081,71.927,5,4,4.94,4.43,197.4,1
25.3401,91.7653,5,12,5.84,4.8,346.3,1
28.307,76.5872,4,7,5.06,40.71,8869.6,1
27.4905,85.6793,4,1,3.03,21.07,614.9,0
17.2361,79.8846,2,0,2.66,360.45,635.1,0
26.5859,83.8022,4,4,4.68,41.31,1147.6,1
10.4878,76.7745,2,1,2.78,5.09,517.8,1
28.2882,91.2563,5,10,5.73,29.17,1445.8,1
23.8572,87.7539,3,3,3.34,13.19,6568.1,1
18.5107,79.893,2,0,2.79,42.94,273.9,1
11.4796,76.8742,2,1,1.89,14.86,2449.3,0
17.2416,73.1908,4,1,2.76,113.61,766.8,0
14.9043,77.6095,3,3,3.77,25.34,84.3,0
17.9199,72.951,4,3,4.23,19.47,213.2,1
24.078,70.7781,5,6,5.26,1.62,217.6,1
24.205,70.0343,5,3,4.88,92.92,328.6,1
33.8975,76.3841,5,6,4.9,2.12,84.3,1
22.8415,70.2639,5,9,4.28,25.74,301.8,1
25.0526,88.331,4,6,3.59,30.78,943.7,1
9.0783,77.09,2,0,2.26,22.19,1021.8,0
27.1264,96.5317,5,4,6.25,10.9,474.1,1
30.5182,78.9597,5,3,5.31,1.0,173.5,1
18.5168,77.6736,2,0,2.44,83.9,316.1,0
18.6677,80.8253,2,0,2.16,35.42,161.1,0
25.2298,70.7106,3,1,2.88,107.19,263.1,0
29.0635,77.6276,4,3,4.99,14.93,10769.0,1
18.1891,72.5807,4,3,2.4,5.43,1216.9,1
36.1202,77.4542,5,5,4.56,8.98,174.8,1
16.7065,73.024,4,1,4.54,100.32,603.6,0
30.576,78.9447,5,7,5.13,17.55,330.3,1
20.9218,81.8498,2,1,2.77,500.0,400.5,1
8.7352,76.1443,2,0,2.3,104.53,1131.3,0
10.8803,76.0839,2,0,2.76,45.26,1975.1,0
9.335,76.546,2,1,3.18,42.78,577.4,0
32.6969,76.8327,4,8,4.23,23.84,135.1,1
9.9438,75.517,2,0,2.35,284.83,2268.0,0
23.8516,70.7291,5,7,6.83,13.05,113.2,1
30.1763,79.2294,5,4,6.98,45.65,318.9,0
21.9671,87.7286,3,0,3.71,85.28,19339.9,0
12.921,78.9093,3,5,2.8,40.6,443.4,1
13.765,77.7151,3,2,3.75,21.07,426.1,1
36.843,76.5611,5,7,4.24,26.87,83.5,1
11.6537,78.0056,3,0,3.38,2.77,354.9,1
28.0707,95.4844,5,8,6.41,4.38,323.2,1
28.6687,76.9073,4,3,3.65,2.74,14421.7,1
12.8956,75.542,3,2,3.03,65.52,316.8,1
27.5011,90.0206,5,5,6.13,3.52,131.0,1
22.6809,88.349,3,1,2.86,178.27,3892.6,1
28.2055,77.6012,4,4,4.27,3.08,15180.4,1
25.6022,87.1035,4,5,3.87,10.16,1026.2,1
19.4026,74.3016,4,1,3.46,50.97,229.1,1
26.4534,85.4118,4,5,5.97,5.55,1132.5,0
25.1459,84.3721,4,4,5.71,78.11,554.7,1
30.9931,77.0242,4,3,4.73,25.1,133.6,1
11.5701,76.2096,2,1,2.96,46.61,593.2,1
24.1716,70.5405,5,10,6.05,19.65,236.5,1
19.2569,73.8158,4,0,4.33,44.51,635.2,1
25.9057,95.5157,5,10,6.0,12.54,792.8,1
31.2281,76.7183,4,4,4.92,16.1,95.4,1
28.5007,76.5957,4,5,3.55,28.21,18194.7,0
16.1718,82.2472,2,1,2.65,73.86,284.8,0
29.0749,76.7382,4,3,4.21,1.44,10576.1,1
26.528,87.0197,4,7,4.34,13.05,662.4,1
8.5231,79.3242,3,5,3.46,136.12,764.6,1
34.5442,75.2967,5,11,6.02,5.64,301.4,1
23.9617,81.3246,2,0,2.56,239.17,270.1,0
29.0414,77.9299,4,3,4.11,15.11,13650.8,1
29.1761,77.4848,4,3,4.92,12.83,13243.6,1
31.4462,78.5103,5,4,5.54,3.45,220.5,1
24.0615,68.6162,5,4,5.15,60.04,264.9,1
32.7172,75.5916,4,4,5.15,14.17,302.1,1
17.859,74.67,4,1,4.86,28.99,586.0,1
19.8277,73.3709,4,2,3.77,1.0,663.5,1
30.8681,77.3116,4,3,4.96,37.83,52.0,1
28.2765,90.1106,5,14,5.65,1.42,508.2,1
9.7449,76.0926,2,2,2.48,264.72,679.3,0
24.6287,86.4469,4,4,5.5,16.41,701.7,1
24.2178,68.5297,5,5,6.61,14.54,496.0,1
20.5459,77.1618,2,0,2.71,327.71,268.5,0
35.7717,77.6438,5,7,5.1,1.19,81.3,1
15.6639,78.0689,3,1,3.51,5.02,321.8,1
26.8896,85.7772,4,1,3.74,8.24,2016.9,1
25.7037,85.2558,4,3,3.39,75.24,2002.8,1
26.6953,72.4093,3,0,3.52,66.15,114.6,0
23.1901,70.777,5,6,5.25,40.68,792.9,1
32.4491,76.8109,4,3,4.19,45.31,205.6,0
26.7947,86.6472,4,3,4.66,133.21,847.9,1
18.5703,73.472,4,4,3.22,10.08,279.0,1
25.0972,71.0921,3,4,3.1,134.01,391.3,0
29.4641,77.9781,4,7,4.77,12.56,9001.9,0
12.5692,78.372,3,0,3.66,15.93,1565.7,0
28.2539,96.888,5,12,4.75,8.64,1036.0,1
13.3457,79.4818,3,1,3.35,47.38,981.3,1
26.8142,90.3786,5,8,6.19,4.83,237.6,1
28.5343,77.5897,4,4,2.92,36.88,4723.2,1
26.8892,86.0552,4,5,3.69,53.24,731.5,0
23.6802,71.7843,5,5,6.6,2.78,322.9,1
10.8621,78.116,3,0,4.0,5.52,348.8,0
25.3097,96.924,5,7,5.52,2.46,730.6,1
24.1778,70.6291,5,8,4.84,43.98,909.5,1
29.1511,78.3249,5,8,4.96,6.12,253.6,1
14.5423,75.2982,3,3,2.54,186.3,589.5,0
26.4734,86.4285,4,4,3.19,32.0,608.8,1
31.5363,77.742,4,7,5.41,27.27,127.2,1
26.313,71.1459,3,0,2.67,37.55,137.0,0
25.8759,94.9635,5,5,5.93,29.18,192.5,1
21.2911,75.3868,2,0,2.55,9.59,419.1,0
30.4702,79.1941,5,8,5.35,1.0,68.1,1
26.4056,71.9251,3,1,2.9,1.46,227.2,0
8.9716,79.8395,3,2,4.03,66.22,799.3,1
25.5773,88.3604,4,5,4.03,78.71,959.1,1
14.4155,77.0607,2,0,1.69,500.0,490.8,0
23.3974,78.9602,2,2,1.91,37.9,309.5,1
26.6296,90.4762,5,5,6.74,9.27,307.6,1
24.7508,86.4705,4,3,3.54,32.87,1639.7,1
18.6828,73.3078,4,3,4.46,64.57,1752.2,1
17.1585,72.988,4,2,4.04,7.22,519.8,1
31.1057,77.8246,4,6,5.19,51.28,162.1,1
32.3434,77.7068,4,6,4.73,31.84,155.2,1
23.3727,87.1754,3,3,3.0,68.65,6114.3,1
24.6929,81.7392,2,1,2.72,408.78,582.9,0
32.2172,76.7798,4,5,5.7,66.95,145.1,1
30.258,79.3235,5,7,5.3,9.72,221.8,1
19.1757,79.6564,2,0,2.17,5.1,366.7,0
33.1377,74.614,5,6,4.99,29.6,143.9,0
18.7553,73.5066,4,4,4.01,34.78,455.8,1
12.8651,77.8035,3,2,3.61,19.32,366.0,1
27.547,76.2927,3,1,2.8,146.17,227.2,0
10.0182,76.3185,2,0,2.06,20.18,1054.9,0
23.788,71.716,5,3,6.1,37.77,343.1,1
30.919,76.8924,4,6,4.25,13.23,78.8,1
26.6239,87.7566,4,6,4.04,19.12,560.3,1
22.2343,76.1297,2,0,3.11,217.71,249.7,0
20.6286,78.755,2,0,2.6,28.22,247.9,0
22.0561,81.7552,2,0,2.77,356.24,429.5,0
9.8992,75.082,2,0,2.6,14.55,841.0,0
21.858,87.2002,3,1,3.77,136.04,11039.9,0
28.0899,76.9296,4,7,4.46,1.97,7339.2,1
36.7788,76.7376,5,8,4.98,10.94,148.5,1
11.4458,75.3688,2,1,1.92,91.34,2071.0,0
22.0571,86.8652,3,1,3.87,85.61,6778.3,1
17.598,73.5933,4,1,3.93,8.23,503.7,1
11.8797,80.3805,3,1,3.91,71.46,323.3,1
15.4599,77.1115,3,1,3.3,37.49,249.8,1
10.2072,76.0557,2,1,1.92,19.52,1347.5,0
16.8827,74.7902,4,1,2.04,37.3,348.2,1
24.2479,81.1571,2,0,2.59,60.98,250.5,1
24.2034,77.0607,2,0,2.92,150.56,606.7,0
30.5681,75.632,4,5,5.58,10.21,134.7,1
22.9369,71.1628,5,5,5.31,33.87,153.7,1
32.4025,77.8455,4,6,4.04,18.62,167.6,1
13.8913,83.3033,2,1,2.89,5.58,368.9,0
20.1906,82.338,2,1,3.06,31.37,503.7,1
11.8323,80.3972,3,0,3.98,249.41,406.7,1
11.1268,76.0574,2,0,2.99,299.39,474.7,0
33.9314,77.433,5,2,5.47,1.0,99.4,1
25.2906,75.2062,3,0,3.43,69.58,208.7,1
19.3539,73.8668,4,4,3.34,2.99,782.9,1
9.55,79.582,3,2,4.49,459.99,1213.9,1
21.0776,79.6195,2,0,2.96,39.03,417.8,0
11.533,80.2897,3,1,4.05,42.3,284.3,1
23.1685,71.0939,5,7,6.45,3.74,401.3,1
35.8721,73.8342,5,8,5.65,21.09,165.4,1
16.5707,73.3385,4,0,4.79,122.58,694.4,1
23.3692,71.2514,5,3,6.02,43.24,185.7,1
32.226,77.9187,4,7,4.36,1.51,125.3,1
16.7952,74.0443,4,5,4.69,11.63,161.2,1
30.598,76.186,4,5,5.44,49.06,119.6,1
28.3451,76.6369,4,7,4.08,57.81,5503.3,1
26.9572,86.7488,4,1,4.47,174.56,1252.3,1
28.2491,91.066,5,3,5.82,8.69,346.8,1
23.2267,69.4567,5,6,6.48,3.69,435.3,1
23.156,87.9082,3,1,3.13,42.83,9972.2,0
27.4396,90.3515,5,8,4.61,1.0,828.2,1
19.7136,72.9468,4,0,3.39,24.82,951.6,0
24.1118,68.6513,5,3,5.43,3.64,834.6,1
26.2486,92.432,5,9,5.81,10.94,605.2,1
17.4555,74.4498,4,2,3.64,102.72,290.1,0
12.7188,76.5162,3,0,3.14,32.71,511.5,1
12.5306,74.7065,3,3,3.38,138.53,597.2,1
11.094,78.7501,3,1,3.97,20.78,1721.0,1
12.8252,78.2714,3,3,4.17,186.56,360.7,0
16.2275,74.1001,3,4,3.59,31.49,961.6,1
16.088,76.8933,3,1,4.09,233.22,387.9,1
32.1176,77.6691,4,4,5.24,17.85,109.7,1
13.5825,83.5531,2,0,2.37,73.84,304.2,0
12.1061,80.1665,3,0,3.77,139.16,310.6,1
22.5857,70.4003,5,6,5.32,26.83,381.0,1
26.78,95.5749,5,5,6.1,3.96,442.1,1
16.7873,73.7025,4,3,3.04,43.91,282.0,0
28.0348,90.6507,5,2,4.64,8.09,1036.6,0
35.1502,73.8795,5,7,4.65,9.08,166.0,1
32.1468,76.9667,4,7,5.04,1.68,208.5,1
17.4114,77.3969,2,0,1.6,138.92,374.6,0
19.4013,73.1298,4,4,3.74,63.67,931.5,1
29.994,77.6751,5,5,3.61,36.99,182.5,1
9.8032,79.0746,3,3,3.38,87.93,686.9,0
31.1228,79.3697,5,6,5.8,17.06,293.0,1
32.7325,76.3873,4,4,4.57,4.08,49.3,1
29.9471,73.2259,3,0,3.11,132.67,112.9,1
28.4575,77.1013,4,5,5.25,8.2,6640.8,1
12.6035,77.7126,3,1,3.4,78.7,804.1,1
28.0031,77.5479,4,4,5.01,38.68,14087.8,1
30.2303,79.8698,5,7,4.45,1.07,102.4,1
36.192,74.4633,5,7,5.07,24.95,143.9,1
26.2727,89.3453,5,11,5.47,2.66,484.2,1
25.2987,93.2569,5,13,6.38,7.17,342.2,1
28.6719,77.6536,4,1,5.15,1.83,13439.3,1
24.0584,71.2164,5,4,5.18,26.83,217.1,1
33.2338,76.0519,5,4,4.45,12.1,119.4,1
29.2281,79.5419,5,6,4.17,1.0,348.7,1
11.9168,75.2991,2,0,2.23,107.67,1790.2,0
18.5743,79.9184,2,1,2.19,218.13,205.2,0
29.2493,79.1267,5,11,4.9,4.25,122.2,1
24.7836,86.159,4,1,4.31,29.25,857.4,1
26.6892,83.7716,4,8,4.21,4.23,1510.1,1
17.5277,72.9242,4,1,4.15,67.84,600.0,0
32.0618,75.7334,4,1,5.92,21.8,104.9,1
32.4102,78.2068,4,4,4.91,42.52,225.7,1
30.9066,77.9256,5,6,5.19,2.44,110.5,1
28.5173,71.7886,3,0,4.21,18.84,580.7,0
22.1396,87.4413,3,2,3.4,130.89,9427.1,1
28.3747,77.4438,4,0,5.42,32.15,7215.3,1
29.1316,72.5729,3,2,3.07,17.51,286.4,0
25.1228,75.0562,3,2,3.85,68.71,384.0,1
8.7383,75.3094,2,1,2.34,86.69,1701.9,1
16.4679,75.1421,3,3,3.87,33.76,151.6,0
28.1821,77.0975,4,6,4.84,33.06,14613.2,1
23.3934,70.9667,5,5,5.7,30.93,223.9,1
13.4874,75.1675,3,0,3.92,11.92,679.4,0
32.6703,76.2821,4,6,6.13,6.05,111.9,1
16.2441,77.8877,2,0,2.36,155.69,355.2,0
21.737,87.6353,3,2,4.06,78.51,8239.0,0
25.8008,91.9942,5,6,5.89,3.79,780.5,1
14.5587,81.6721,2,0,2.58,283.68,253.0,0
15.0919,75.8502,3,1,2.92,108.36,635.6,1
17.4371,83.0141,2,0,3.08,10.26,270.0,0
25.1583,91.9761,5,7,5.14,10.04,177.8,1
27.6994,91.5545,5,11,5.64,1.0,413.0,1
31.4574,79.6356,5,6,5.52,5.38,141.1,1
34.5088,75.3363,5,11,6.06,1.0,231.0,1
13.5023,81.3773,2,0,2.1,18.81,172.9,1
29.5749,79.767,5,6,4.79,11.39,300.7,1
31.6402,77.8347,4,4,4.13,12.08,110.4,1
32.2575,77.8019,4,7,4.37,18.42,44.6,1
23.9631,87.5305,3,2,3.97,5.51,8949.4,0
21.6443,87.3752,3,1,3.97,28.07,6388.7,0
22.077,77.2378,2,0,3.53,463.75,300.5,0
27.3166,87.9532,4,6,3.3,22.48,1124.4,0
25.8471,87.9094,4,3,3.48,18.86,730.7,1
28.1363,92.941,5,9,5.66,1.0,333.1,1
26.1074,87.959,4,3,4.19,13.7,404.3,1
17.6327,73.3552,4,2,4.82,14.65,374.3,1
29.5039,70.4293,3,2,3.29,80.37,280.9,1
29.4264,80.5575,5,6,5.54,10.08,158.4,1
25.7978,89.4504,5,9,4.68,9.6,227.0,1
18.6232,74.7582,4,2,3.71,14.12,1122.9,1
28.3336,77.1649,4,4,4.89,49.25,10534.0,1
24.2794,69.9229,5,3,4.69,41.8,1156.6,1
22.1057,87.8195,3,1,3.08,68.36,6639.3,1
21.6597,88.3008,3,0,3.66,18.28,5808.9,1
22.1849,81.3675,2,1,2.79,454.32,151.8,0
23.0806,70.9873,5,9,5.88,30.46,505.9,1
22.1308,87.2416,3,2,3.5,79.18,6475.0,0
22.9865,87.8026,3,4,4.0,1.0,5740.3,1
23.6074,88.9071,3,2,3.59,32.0,8109.8,1
31.6409,77.2092,4,2,3.49,23.01,161.8,1
34.3721,74.2233,5,11,5.2,12.71,254.8,1
31.0653,76.828,4,4,4.62,16.98,92.0,1
11.9638,75.6092,2,1,2.99,118.61,1151.1,0
29.8037,77.8161,5,0,4.59,3.02,195.8,0
20.2653,80.5238,2,2,2.99,1.57,342.4,1
31.0452,76.199,4,4,4.53,10.36,107.9,1
17.5797,79.1956,2,0,2.84,90.98,363.5,1
28.7424,76.9795,4,2,3.67,10.35,9177.1,1
22.6268,88.9294,3,3,3.18,113.75,8166.7,1
32.5786,76.2048,4,6,5.59,19.3,213.9,1
28.0138,76.5458,4,3,4.26,44.73,18090.5,0
24.2237,70.4312,5,3,5.08,15.49,247.4,1
21.0221,81.0465,2,0,3.16,59.97,463.7,0
16.5648,73.3898,4,4,3.98,42.04,1059.9,1
8.0689,75.872,2,2,2.95,6.43,394.5,1
15.1995,77.9942,3,4,3.84,188.94,420.8,1
25.3264,75.5848,3,1,3.49,12.29,202.7,1
28.342,94.1673,5,5,6.2,1.36,309.6,1
27.245,71.037,3,3,3.39,126.3,204.1,1
23.0039,86.867,3,1,3.95,25.04,21618.8,0
31.4667,76.7621,4,3,4.39,78.59,114.4,1
11.5457,79.9839,3,2,3.98,144.9,743.9,0
9.552,79.004,3,5,3.44,46.85,2031.1,0
28.6672,77.2264,4,5,4.47,239.27,10453.0,0
28.2143,77.6795,4,0,4.7,15.64,3875.1,1
23.7053,69.9396,5,5,4.91,10.74,209.1,1
22.4795,78.3631,2,0,2.19,271.28,138.8,0
8.6666,79.5796,3,1,4.6,75.01,748.1,0
22.334,88.7503,3,2,3.35,3.8,3256.5,1
28.537,77.8438,4,2,4.39,18.78,11931.3,1
22.8923,70.288,5,3,5.18,1.33,679.9,1
9.0583,80.227,3,3,4.13,31.71,460.7,0
32.3573,77.3745,4,5,4.66,19.43,218.7,1
24.9916,72.6045,3,0,3.64,320.07,182.7,0
24.0963,70.3329,5,8,5.37,8.89,221.9,1
26.2598,74.686,3,0,2.67,25.43,417.4,0
10.2922,77.0205,2,1,2.82,253.02,1013.9,0
35.1989,75.6266,5,4,5.02,22.82,111.1,1
21.6861,87.5667,3,2,2.85,7.09,9858.7,0
25.2033,92.9329,5,7,7.25,2.66,422.7,1
31.44,80.6688,5,4,5.18,11.89,250.5,1
26.8776,84.3897,4,7,4.0,42.99,982.1,1
33.6647,73.3848,5,10,4.95,16.25,396.4,1
22.9022,70.201,5,4,5.74,1.72,699.0,0
30.8545,79.3283,5,9,5.6,21.57,305.0,1
26.7316,88.0414,4,7,3.76,181.96,1230.9,0
10.384,75.9354,2,1,2.92,81.42,1803.9,1
9.4357,78.4616,3,3,4.13,52.69,621.6,1
31.7476,75.5866,4,6,4.78,13.02,68.1,1
8.6935,77.2027,2,1,2.42,242.61,630.9,0
20.8435,77.4547,2,1,2.45,15.86,414.9,0
17.0296,73.7144,4,3,4.46,31.34,801.0,1
19.571,73.1902,4,3,3.99,23.35,1417.1,1
23.3258,79.9535,2,1,2.14,103.63,193.6,0
26.0697,85.8062,4,5,5.66,88.62,1944.4,1
22.0782,75.677,2,0,3.16,32.68,209.1,1
13.7452,80.7627,2,0,3.52,479.21,556.5,0
17.2945,73.8543,4,6,4.26,19.06,474.3,1
26.1866,89.451,5,6,6.78,28.22,473.9,1
29.2336,77.9594,4,4,4.65,7.45,5667.1,1
10.0923,76.316,2,0,2.81,149.99,820.5,0
23.1772,69.5681,5,7,5.95,1.59,326.3,1
18.749,73.9617,4,2,4.25,51.27,297.4,1
29.2032,77.1283,4,5,5.31,16.05,38183.6,0
12.8829,75.8327,3,3,3.44,149.82,155.5,0
9.0655,78.1743,3,5,4.12,53.51,404.3,1
14.7754,76.0102,3,2,4.65,1.0,113.0,0
24.0168,82.3652,2,1,3.16,374.03,175.6,0
13.905,76.8524,3,1,3.47,40.65,371.3,0
31.3758,78.4305,4,2,5.97,17.51,233.1,1
23.9475,70.0995,5,8,3.94,6.08,343.6,1
28.8046,77.9957,4,1,4.6,1.0,44155.9,1
27.794,89.3145,5,13,5.95,9.13,359.7,1
30.6376,75.7,4,7,4.4,15.92,117.5,0
31.6986,77.1671,4,8,5.61,21.88,183.4,1
23.0999,77.6681,2,0,2.84,9.57,206.6,1
22.7541,70.7282,5,9,5.34,54.48,369.8,1
18.5455,73.247,4,2,4.01,106.49,450.0,1
25.3279,90.0721,5,12,6.07,1.64,404.8,1
31.2086,75.6393,4,2,5.71,19.32,124.1,1
25.3159,87.4473,4,2,3.43,81.91,2606.7,1
35.7511,73.8181,5,0,4.52,7.13,150.1,0
23.9639,69.2078,5,5,6.89,4.13,272.2,0
23.7573,88.0745,3,2,3.11,20.8,13289.8,0
32.0589,75.9035,4,9,4.93,1.55,91.1,1
24.2551,71.6513,5,3,5.24,12.61,226.9,0
17.9668,73.6906,4,2,4.73,24.01,841.1,1
34.9222,76.2054,5,9,5.2,5.42,151.4,1
17.2817,78.8811,2,0,2.38,500.0,336.7,0
22.8211,68.6016,5,2,4.98,96.95,849.3,1
27.4361,94.127,5,13,6.27,5.8,561.9,1
26.8279,91.0195,5,8,4.94,2.26,344.0,1
19.0505,74.314,4,6,3.92,8.18,364.1,1
34.4192,76.6796,5,8,5.36,30.89,250.0,1
11.4703,78.5669,3,0,4.34,91.62,470.6,1
20.7421,76.3284,2,1,3.11,103.84,199.9,1
31.2965,76.3659,4,7,4.69,2.82,64.3,1
17.2107,72.989,4,2,4.92,190.7,781.6,1
12.0715,75.42,2,1,2.85,26.17,1679.4,0
23.913,88.9252,3,2,4.22,46.41,5007.8,1
26.4017,85.9733,4,2,5.06,80.16,1523.3,0
8.9915,75.8034,2,0,2.88,63.08,622.8,0
28.2501,77.6664,4,4,3.5,3.22,20941.9,0
31.4554,77.9332,4,7,4.44,13.93,181.4,1
29.1701,76.5264,4,6,4.63,18.46,6391.2,1
30.126,78.199,5,3,3.81,32.53,459.9,1
18.5327,73.8097,4,5,3.98,59.49,645.9,1
17.9886,74.9814,4,5,3.63,72.58,1097.3,1
25.5628,94.3736,5,6,4.74,8.04,808.2,1
15.2105,78.0961,2,0,2.61,8.38,377.1,0
23.2276,70.3096,5,8,6.16,12.52,254.3,1
36.9348,73.5094,5,7,4.07,12.12,116.5,1
23.2554,79.9277,2,0,2.49,63.28,742.0,0
16.5986,72.6889,4,3,4.02,30.9,471.8,1
25.9886,88.378,4,2,4.65,3.75,612.2,1
30.9327,79.705,5,6,4.82,12.69,220.2,0
24.8398,85.0353,4,3,4.47,47.8,3555.6,1
14.17,79.9047,2,0,2.93,257.15,397.0,0
36.0072,74.8061,5,12,6.17,8.41,103.9,1
17.4655,72.7762,4,1,3.63,21.17,575.4,1
29.6413,70.6982,3,2,3.47,30.66,145.5,1
26.7557,86.7083,4,4,4.86,18.91,982.2,1
26.2264,86.5076,4,4,4.2,13.42,933.9,1
18.3186,72.9455,4,3,4.1,42.56,526.5,1
15.8867,74.7318,3,1,4.02,95.15,686.2,1
18.5045,73.2125,4,3,4.56,74.19,354.5,1
34.8276,77.132,5,5,5.45,33.6,215.5,1
26.5605,85.7483,4,2,3.89,21.57,480.4,1
27.2688,70.1839,3,4,2.95,91.81,513.0,0
32.0017,76.4859,4,8,4.66,30.33,103.0,1
19.4755,72.8907,4,2,4.11,3.49,554.0,1
24.7828,69.8675,3,2,3.35,136.89,116.5,1
24.4166,77.8999,2,1,2.99,48.32,375.4,0
13.9016,81.9622,2,0,2.89,175.25,135.4,0
29.9465,72.7943,3,4,3.68,25.94,240.3,1
24.5362,73.1423,3,1,3.44,138.92,283.4,0
15.0321,81.8462,2,0,2.68,1.04,435.8,1
22.5381,87.4625,3,1,3.48,107.7,10804.9,0
24.9343,78.5272,2,1,2.82,56.67,230.4,0
23.447,88.595,3,3,3.46,21.43,4383.7,1
29.9855,69.9626,3,2,3.28,339.27,216.1,0
34.8776,74.5783,5,8,5.99,15.53,94.9,1
11.3673,76.6521,2,0,2.19,130.75,852.3,0
30.7734,77.8589,4,7,5.4,44.34,259.7,1
28.1352,77.9782,4,6,4.79,120.67,22725.2,1
25.8799,87.172,4,2,4.78,26.99,652.8,1
13.512,77.3976,3,1,3.41,62.68,412.3,1
22.6424,69.4427,5,5,5.15,21.5,275.6,1
22.0485,86.7678,3,2,3.71,4.16,18103.4,1
28.5612,77.9785,4,7,4.23,7.73,3941.7,1
26.6156,74.6544,3,0,2.98,9.69,313.2,1
32.1384,76.1295,4,3,4.09,1.9,341.5,1
26.1002,89.5821,5,8,6.08,16.74,278.4,1
24.0869,81.0081,2,1,2.27,37.0,608.5,0
13.6056,77.1432,3,0,3.48,66.62,372.7,1
23.4358,68.667,5,4,6.12,21.79,450.8,1
15.9488,74.1224,3,1,3.52,18.06,392.2,0
11.3359,79.4595,3,0,4.54,52.66,745.1,0
22.9568,88.3299,3,2,3.08,109.64,5830.9,1
10.4202,78.7333,3,3,4.18,7.68,808.9,1
24.6578,77.9391,2,0,2.8,2.33,302.6,0
9.6941,79.2782,3,1,3.64,55.25,836.9,1
15.6395,82.4078,2,0,2.61,89.06,614.0,0
22.3064,87.5041,3,4,3.34,92.59,5783.8,1
28.7842,76.8485,4,2,4.24,91.66,11907.3,0
8.1665,75.6549,2,0,2.61,16.08,617.8,1
26.3109,89.368,5,6,6.96,8.57,269.6,1
29.3429,77.308,4,5,5.19,17.35,13453.6,1
9.6257,77.0773,2,1,2.56,34.34,521.4,0
21.1304,82.2681,2,1,2.4,41.79,196.8,0
28.2245,76.989,4,6,4.55,40.48,23134.0,1
20.1135,75.094,2,0,2.87,227.41,300.4,0
9.2969,76.2371,2,0,2.97,273.91,410.6,1
25.7789,71.791,3,1,3.13,82.55,116.1,1
32.3216,77.8373,4,2,4.95,25.87,148.0,0
30.9271,75.7818,4,5,4.59,12.15,137.8,0
34.6429,76.6266,5,3,4.17,14.33,94.3,1
18.9319,78.8723,2,0,2.67,107.81,205.6,0
24.1144,69.5647,5,4,5.0,3.55,491.0,1
12.3749,79.4654,3,1,4.15,2.88,800.2,1
30.5238,75.8929,4,5,4.74,11.2,114.0,1
30.4728,78.0346,5,6,4.41,7.24,193.9,1
26.6707,87.9647,4,6,4.4,2.22,1308.8,1
17.2255,73.535,4,6,3.78,32.31,718.8,1
29.3742,77.4155,4,7,4.59,36.15,18085.8,1
20.7536,75.4535,2,0,2.75,210.54,200.3,0
31.0698,77.8625,5,4,4.88,5.61,255.7,1
29.2792,77.052,4,7,4.29,8.36,7830.8,1
10.6623,76.2289,2,0,2.47,314.81,2365.8,0
27.2014,86.6393,4,2,4.93,42.36,846.7,1
23.1437,77.3035,2,0,2.69,58.83,139.6,1
33.9133,77.7149,5,7,4.94,14.86,116.0,1
12.5617,75.6495,3,1,3.5,138.36,275.0,1
8.9057,75.0322,2,1,2.07,22.58,675.7,0
10.6397,76.553,2,0,2.47,199.41,993.6,0
22.3336,88.718,3,2,3.66,297.57,6800.7,1
32.1541,76.7198,4,9,4.53,43.11,123.4,1
24.7369,85.3217,4,4,4.24,19.58,1617.0,0
12.4918,76.5183,3,0,3.5,274.01,219.4,0
19.7599,74.3536,4,3,3.74,31.19,902.8,0
32.0518,76.8641,4,5,4.35,2.0,89.8,1
31.3116,78.5313,5,6,5.34,35.3,152.8,1
23.8611,86.866,3,0,3.35,146.63,12208.2,0
12.2551,79.0946,3,2,3.98,11.16,358.2,1
35.2768,76.2171,5,5,5.0,6.19,143.0,1
23.5763,68.6249,5,7,4.19,10.05,192.4,1
23.2182,71.0001,5,6,6.27,5.64,771.5,1
25.4902,70.4012,3,0,2.54,12.69,177.4,1
21.0858,78.0405,2,2,2.67,468.25,603.8,0
26.9135,94.0315,5,9,6.39,23.05,708.3,1
18.4088,73.6776,4,2,4.49,131.41,658.1,1
31.3765,80.837,5,7,5.2,1.0,123.2,1
36.6604,76.6594,5,9,7.1,12.42,108.9,1
24.6441,72.859,3,1,3.26,39.29,239.6,0
9.8593,75.1021,2,1,2.92,9.66,922.0,0
9.8043,78.6112,3,3,2.74,60.98,229.6,0
31.2806,80.5805,5,8,5.28,3.11,292.9,1
28.9745,77.2466,4,7,4.02,33.19,14571.5,0
22.8291,80.9838,2,0,3.16,238.52,519.4,1
18.0403,73.4666,4,3,3.73,42.99,348.4,1
22.602,86.7163,3,2,3.39,18.52,7072.4,1
30.5623,79.2054,5,7,5.14,55.83,111.7,1
29.0133,77.5075,5,9,5.05,4.74,222.9,1
29.0734,76.9194,4,2,4.54,4.36,23476.8,0
27.6627,92.5322,5,8,5.87,1.0,429.9,1
17.7774,81.5393,2,0,3.1,272.31,212.7,0
9.7869,78.609,3,2,3.7,66.55,205.8,0
16.5717,73.3568,4,0,5.01,68.89,386.2,0
19.0544,74.9731,4,4,2.92,19.93,274.2,1
28.3891,77.7893,4,2,3.83,11.65,7605.1,0
16.1822,77.7904,3,1,3.41,20.84,166.6,1
32.7216,77.4398,4,8,3.68,41.97,103.2,1
30.6097,79.4798,5,5,4.85,3.25,291.8,1
14.2986,78.87,2,1,2.37,86.7,607.2,1
18.3695,74.3257,4,2,3.17,85.49,435.1,1
31.5533,75.6569,4,4,4.06,119.96,64.7,1
27.0258,83.4434,4,5,4.42,23.0,841.5,0
25.3715,86.3994,4,4,3.43,6.21,936.8,1
16.834,82.8712,2,1,2.64,500.0,516.3,0
10.6801,76.2029,2,0,2.62,33.56,829.6,0
22.842,88.032,3,2,3.63,2.52,13887.4,1
24.2377,70.6505,5,4,4.8,24.11,565.7,1
23.1282,88.9903,3,1,3.32,12.06,3575.1,1
20.0126,80.7107,2,0,2.58,215.88,279.8,0
9.4535,75.961,2,0,2.84,50.84,435.7,1
20.4771,77.1444,2,0,2.58,134.52,110.2,0
36.7416,76.8388,5,4,5.05,16.7,232.2,1
22.9784,71.1659,5,4,5.34,16.98,1033.7,1
24.2483,78.8356,2,0,3.34,61.83,224.0,0
28.8782,77.6055,4,6,4.33,1.38,3707.8,1
19.3248,79.9417,2,1,2.77,80.8,253.8,0
34.5452,76.4334,5,8,5.61,2.18,37.5,1
25.6736,85.8453,4,4,5.08,1.74,1108.5,1
27.5515,89.7303,5,7,4.87,1.26,254.0,1
29.0814,77.2418,4,5,4.94,27.2,11018.7,1
25.3377,76.4027,3,2,4.1,462.02,436.3,0
10.4833,76.8723,2,2,1.94,166.13,739.0,1
16.3539,77.3907,3,0,2.53,53.72,239.9,0
16.7116,83.2632,2,0,2.93,179.23,799.7,0
25.5434,83.6781,4,2,4.95,33.35,1291.5,1
25.7774,91.999,5,9,5.49,8.81,439.3,0
28.2786,96.4618,5,7,5.57,7.05,375.0,1
13.4444,78.0807,3,1,3.41,111.99,312.0,1
9.0456,76.6314,2,0,3.17,167.8,952.9,0
24.8249,76.7707,2,1,2.47,500.0,354.8,0
18.292,74.1836,4,2,3.69,24.47,253.3,1
27.0423,88.3124,4,4,4.28,55.85,1186.8,1
32.9529,76.6789,4,3,5.62,13.84,185.7,1
24.7648,76.1636,3,1,2.92,51.96,140.2,0
19.89,74.0077,4,0,3.44,4.16,596.0,0
33.8704,74.8766,5,5,4.23,4.21,144.6,1
17.2853,73.9604,4,3,3.26,41.47,463.0,0
27.7481,93.6038,5,6,5.43,9.98,685.7,1
34.3351,75.674,5,6,5.62,18.16,113.3,1
19.4882,81.4341,2,0,2.33,76.78,110.0,0
13.1177,79.1315,3,3,3.89,26.22,371.4,1
26.3667,70.9559,3,1,3.6,199.34,321.0,0
25.7927,95.5803,5,4,4.73,8.78,401.8,1
28.8349,77.16,4,4,4.78,80.56,4686.6,1
34.8865,75.2452,5,9,4.6,1.0,133.6,1
27.6525,90.2229,5,3,6.81,29.76,220.0,1
11.6859,79.3404,3,2,3.91,141.48,538.5,1
28.2116,76.7267,4,2,4.56,16.28,22455.6,1
36.6529,76.5381,5,6,6.16,15.71,182.0,1
9.2245,78.2735,3,3,2.76,17.95,268.1,1
9.6347,76.6431,2,0,3.0,113.14,604.0,0
24.3653,71.5462,5,4,5.98,5.33,199.7,1
34.1148,76.7084,5,8,5.25,6.25,296.9,0
31.1643,80.5058,5,4,5.93,2.23,248.3,1
25.5726,71.2898,3,1,2.84,38.24,109.1,0
31.338,80.3094,5,8,4.79,39.55,379.9,1
29.3475,74.9888,3,1,3.71,111.8,180.1,1
12.7955,74.6363,3,3,3.58,268.17,184.4,1
26.7501,83.1147,4,2,3.82,10.69,906.5,1
29.3218,77.3932,4,6,4.92,65.36,6454.7,1
23.9986,69.9829,5,2,6.38,20.5,170.6,1
13.697,74.5341,3,1,3.96,8.26,705.9,0
24.8684,86.9997,4,6,4.01,42.44,1069.0,1
15.2823,79.6866,2,0,2.8,50.87,371.0,0
10.4018,75.8782,2,1,2.48,101.73,1630.0,1
25.2274,87.07,4,3,4.61,52.0,883.6,1
23.4158,71.4129,5,8,5.83,37.84,675.4,0
12.7395,78.0701,3,0,4.27,63.16,313.1,0
8.0189,75.8433,2,3,2.44,75.72,1062.0,1
36.556,75.3727,5,8,5.15,19.56,271.8,1
10.7308,76.1347,2,0,2.08,192.81,752.5,0
22.4498,80.8233,2,0,2.85,282.02,579.5,0
12.9475,77.2701,3,1,3.57,67.08,735.3,0
14.0438,80.7348,2,0,2.42,100.54,492.7,0
28.0873,76.1142,3,0,3.63,65.18,201.4,0
14.4329,74.0004,3,0,3.68,138.79,311.1,0
8.8771,77.2721,2,0,3.31,28.55,1242.8,1
27.4587,91.2287,5,6,5.43,17.18,599.0,1
11.2744,75.6895,2,1,2.65,113.61,370.8,0
16.135,82.964,2,0,2.94,79.09,261.0,0
23.4343,86.9016,3,1,3.75,62.95,18659.0,0
22.7721,86.8245,3,3,3.58,10.23,10369.2,0
20.195,77.098,2,1,2.75,15.36,313.2,1
29.1809,72.9075,3,1,3.26,35.45,160.3,1
23.6902,88.2208,3,4,3.34,137.43,50000.0,0
23.4051,71.979,5,7,5.73,43.6,524.4,1
9.7633,76.6901,2,1,2.36,323.04,704.1,0
25.0249,70.6657,3,2,3.14,64.31,257.0,0
14.7863,77.6829,3,0,3.59,25.68,714.0,1
29.4749,77.5744,4,4,4.15,73.45,9493.7,1
22.4197,75.4358,2,0,2.65,35.81,117.2,0
14.0819,75.3131,3,1,3.2,12.91,382.8,1
26.048,85.2684,4,4,5.21,48.96,623.0,1
26.1394,71.5783,3,0,3.53,18.93,188.4,0
8.9188,78.4096,3,2,3.8,136.73,453.4,1
9.6364,75.2888,2,1,2.68,1.0,1412.6,0
27.8077,96.2204,5,8,6.29,1.0,294.6,1
32.7781,76.3954,4,3,3.93,2.61,115.5,1
17.9627,72.8293,4,3,3.89,14.21,602.8,1
25.6052,73.2175,3,0,3.57,165.36,489.1,0
29.6986,73.4101,3,1,2.47,128.9,162.4,0
29.603,79.7462,5,11,6.05,34.01,148.4,1
23.4366,69.2494,5,10,6.45,26.47,299.6,1
14.2631,75.3876,3,0,3.38,403.43,280.1,0
8.56,80.3189,3,1,3.62,96.25,155.5,1
12.1527,74.7493,3,0,3.12,248.96,238.5,0
8.436,76.5577,2,1,2.46,409.67,607.9,0
21.6519,78.9059,2,1,3.06,231.95,271.8,0
21.7849,87.3204,3,2,3.67,64.21,9491.3,1
24.2369,71.5898,5,4,5.5,8.75,326.3,1
35.0185,77.1819,5,6,4.66,26.41,279.3,1
13.5174,77.899,3,3,3.13,15.14,156.2,0
22.7889,78.9343,2,0,2.7,61.98,283.4,1
13.6713,76.9368,3,1,4.38,109.61,231.3,0
28.6583,77.8931,4,7,4.33,104.79,14849.5,1
28.0324,76.7483,4,3,4.04,8.05,4354.4,1
30.2535,79.6905,5,4,4.77,16.05,280.9,1
24.3716,70.8413,5,8,5.78,22.42,404.5,1
23.8954,86.7957,3,3,3.87,282.43,16388.0,1
26.1581,91.3457,5,9,5.3,19.05,534.4,1
9.9479,75.2037,2,0,2.01,246.48,2209.1,1
16.8627,74.2015,4,4,4.13,31.39,236.8,1
26.9764,73.3442,3,2,3.34,30.05,289.9,0
28.286,72.6975,3,0,3.37,466.28,119.6,1
31.3594,76.4335,4,6,5.87,5.12,124.8,1
33.816,74.8003,5,5,6.57,12.9,95.2,1
8.5513,75.8904,2,1,2.86,14.22,2239.7,1
26.08,87.3247,4,4,2.99,4.72,2629.4,1
10.7013,76.9316,2,0,2.54,144.07,1170.5,0
23.7756,88.3292,3,1,3.74,89.5,13211.8,0
12.4164,79.1312,3,1,3.54,75.43,431.2,1
28.5103,76.7202,4,4,4.45,23.78,8148.0,1
23.4694,87.1563,3,2,4.04,8.34,3928.4,0
30.5315,80.8337,5,5,6.06,1.66,165.2,1
35.2834,74.4307,5,10,4.95,12.46,121.1,1
25.8812,96.9437,5,9,6.08,1.0,900.3,1
29.2551,77.4391,4,5,5.43,56.07,7168.8,1
28.4964,72.2567,3,0,3.77,221.77,104.5,0
32.5831,76.1296,4,2,5.09,8.45,92.4,1
23.4175,70.1306,5,6,5.64,15.25,265.5,1
12.6914,75.9809,3,2,3.44,152.94,497.3,1
26.7808,83.2314,4,2,4.58,36.78,1054.7,1
23.5711,87.7652,3,6,3.12,5.02,4779.6,0
36.8679,75.1147,5,11,5.59,23.0,241.0,1
14.2547,77.7674,2,1,2.8,15.04,233.8,0
32.2144,78.4823,4,2,4.59,7.54,101.7,1
30.767,77.9125,5,7,6.08,4.14,192.5,0
17.1988,73.8666,4,1,3.58,86.57,256.4,0
33.6819,74.2616,5,9,5.15,3.73,88.1,1
24.8943,87.8025,4,6,5.0,37.23,622.6,1
14.2791,76.3461,3,3,4.0,10.03,359.1,1
11.836,77.0736,2,0,2.33,108.88,1121.9,0
25.9263,74.8342,3,0,3.04,14.81,133.2,0
28.9372,76.831,4,3,4.42,2.81,4794.5,1
34.3175,73.8327,5,5,6.15,25.76,134.8,1
18.6275,80.4667,2,0,3.07,43.08,307.2,0
31.4175,80.383,5,7,5.44,1.0,353.3,1
21.7288,75.2244,2,0,2.98,57.78,326.6,0
15.2788,75.7613,3,4,3.55,133.83,153.2,1
26.8524,84.1252,4,1,4.01,37.09,1498.1,1
9.4149,75.0291,2,0,2.06,57.05,813.5,0
19.9957,74.7074,4,6,3.68,69.98,844.3,1
25.8472,96.1221,5,7,6.1,12.1,282.9,1
17.0363,74.4249,4,1,4.68,63.11,427.9,1
8.0148,77.3046,2,0,3.07,28.79,942.5,0
24.289,71.2155,5,3,5.79,1.1,495.9,1
18.1676,74.4854,4,1,2.96,56.11,991.0,0
24.4007,76.2599,2,1,2.58,36.97,262.8,1
26.0029,91.9638,5,6,6.12,7.41,235.0,1
29.0711,80.0828,5,11,5.98,3.47,395.9,1
16.7859,73.1546,4,3,4.96,6.8,826.3,1
20.2331,82.6512,2,0,2.73,68.98,272.0,0
22.7209,87.2488,3,4,3.67,184.07,7684.6,1
8.8849,76.7346,2,1,2.92,108.04,1115.8,0
12.3828,79.1627,3,1,4.15,30.17,989.8,0
30.6974,80.125,5,5,5.05,40.54,347.4,1
26.8189,75.1208,3,1,3.74,125.57,218.0,0
12.3109,75.0869,2,0,2.46,152.75,796.2,0
26.1235,85.1736,4,2,4.29,18.71,1604.9,1
19.1245,82.4642,2,0,2.88,126.98,649.1,0
13.243,79.8969,3,2,3.63,6.97,570.6,0
10.2436,76.7442,2,0,2.69,33.93,802.0,0
8.467,76.3195,2,0,2.4,22.32,1068.3,0
31.3558,79.6335,5,8,4.27,1.69,117.5,1
8.7547,79.1451,3,1,4.15,23.47,192.2,1
16.0704,76.2303,3,3,2.85,1.0,446.6,0
23.2535,75.6004,2,1,2.75,227.15,486.9,0
18.6501,80.9674,2,0,2.62,67.17,183.7,0
29.21,78.3891,5,10,4.59,8.61,272.8,1
18.2337,74.2655,4,4,4.27,39.4,387.8,1
29.2574,70.4261,3,0,3.47,5.42,248.6,1
22.0563,87.7282,3,1,4.04,13.58,9209.9,1
15.1679,75.0131,3,2,3.78,59.63,354.2,0
22.6568,86.7777,3,1,3.47,260.22,6289.8,0
29.8003,70.1988,3,0,3.72,165.45,276.8,0
28.6179,76.9939,4,2,4.85,9.26,7830.8,1
29.3828,77.2884,4,5,4.78,54.71,10344.8,1
28.0708,90.5383,5,9,6.18,2.44,215.9,1
24.232,75.0629,2,0,3.19,44.88,173.5,1
29.418,79.6437,5,9,5.23,14.19,188.3,1
13.8946,82.6866,2,0,2.3,155.47,213.2,0
12.6485,76.5553,3,1,3.16,22.82,301.8,0
26.4986,92.6731,5,10,5.39,27.48,417.2,1
23.1882,86.6425,3,0,3.37,44.51,7090.9,0
26.1407,86.3606,4,4,4.07,26.09,683.1,0
15.4034,83.3729,2,1,2.34,300.76,319.8,1
15.2039,75.7708,3,2,3.44,31.13,272.9,0
29.4302,78.9974,5,7,4.9,3.96,486.4,1
12.4044,76.6906,3,0,3.62,8.67,296.0,1
26.2582,90.4161,5,7,6.21,17.51,379.3,1
29.6745,78.8116,5,11,6.14,1.04,168.1,1
10.2649,76.19,2,1,3.11,112.97,610.2,0
25.8009,85.0063,4,4,3.67,16.97,1266.0,1
15.9837,75.8921,3,2,2.82,162.12,788.5,0
24.2917,69.2584,5,5,5.37,9.73,478.3,0
19.2078,80.0565,2,0,2.48,99.03,423.3,0
23.5399,87.0533,3,1,3.4,114.32,3377.2,0
22.8596,79.5811,2,1,2.73,195.56,191.1,0
11.4482,76.0537,2,0,2.57,156.36,1610.7,0
31.1884,76.3646,4,2,5.0,5.93,126.1,0
8.0715,75.5939,2,1,2.34,21.31,663.2,0
25.3309,87.9051,4,3,2.98,54.68,655.7,0
33.5026,73.5373,5,12,6.55,9.85,156.7,1
18.6579,74.3888,4,4,4.25,54.63,992.1,0
23.1612,77.3369,2,0,2.59,500.0,473.9,0
24.784,85.988,4,4,4.24,13.0,1581.0,1
28.4448,77.8985,4,5,4.19,10.36,29825.2,1
19.945,74.1504,4,1,3.89,29.17,647.3,1
26.9952,90.455,5,2,5.42,10.33,431.0,1
31.0528,79.334,5,4,5.25,3.4,205.5,1
21.791,82.5569,2,0,3.49,19.08,349.4,1
23.651,69.8255,5,5,5.68,12.39,703.6,1
24.0438,69.6996,5,3,4.49,26.3,310.7,1
25.9984,87.3852,4,4,5.12,20.71,1708.4,1
34.4882,77.6187,5,6,5.49,5.99,391.5,1
27.0309,72.7258,3,2,3.22,2.69,142.7,1
34.116,73.6493,5,5,5.45,5.07,102.0,0
23.4042,71.7211,5,9,5.35,22.02,581.3,1
21.977,88.1974,3,4,3.22,9.73,3025.9,1
28.0316,92.7878,5,11,5.93,9.82,515.5,1
12.8144,78.2238,3,3,3.8,11.95,822.2,1
13.4251,79.841,3,0,3.3,95.75,180.1,0
29.2213,77.9948,4,7,4.92,24.5,7475.6,1
27.2221,70.0223,3,0,4.0,142.39,230.4,1
27.1967,83.4056,4,5,4.53,78.27,1487.2,1
30.1505,78.1795,5,8,4.82,12.98,149.1,1
23.7774,69.07,5,6,5.99,2.55,356.7,1
15.9294,78.1139,3,0,3.34,37.72,316.6,0
11.7069,80.0624,3,2,4.02,21.84,505.5,0
25.8634,85.7324,4,2,4.68,17.4,1101.7,0
24.1179,68.5607,5,5,6.01,23.49,717.5,1
26.8267,84.212,4,4,3.8,36.48,1404.1,1
8.5292,78.4132,3,1,3.19,13.21,404.1,1
36.5646,74.2159,5,8,5.34,4.82,355.9,1
31.2535,78.3241,5,9,5.24,3.81,119.0,1
8.6037,77.1872,2,0,2.85,6.74,1763.2,0
29.7918,79.4088,5,4,6.31,7.75,137.8,1
26.455,85.5161,4,7,5.14,19.18,1280.4,1
22.0606,87.2685,3,0,3.58,56.33,13565.6,0
15.6664,82.8979,2,2,2.89,248.48,715.0,0
30.5403,78.0829,5,9,5.67,12.73,183.8,1
15.7551,76.5972,3,4,4.09,33.44,375.9,0
23.1869,71.6161,5,4,5.27,31.04,164.7,1
17.07,79.5947,2,0,2.84,101.12,372.0,1
36.0886,75.823,5,6,4.44,3.89,190.2,1
23.4246,80.6847,2,2,2.88,500.0,170.9,1
8.5317,76.0364,2,1,2.73,45.16,839.4,0
22.193,82.2207,2,0,2.45,357.1,430.8,0
24.7802,87.9387,4,5,3.59,22.32,586.9,1
35.4809,75.026,5,7,4.85,16.23,281.8,1
34.7738,75.8475,5,6,5.83,5.11,131.4,1
13.305,77.5539,3,3,3.58,11.09,335.2,1
26.9012,71.3905,3,1,3.61,99.29,162.7,0
34.5519,73.5311,5,9,5.62,6.47,296.0,1
15.6391,78.1507,3,1,3.32,211.34,531.2,0
10.6207,79.171,3,3,4.29,9.02,448.0,1
33.5163,75.9884,5,10,4.47,4.61,288.9,1
27.4742,87.2907,4,5,4.78,4.0,2062.5,1
24.886,69.7261,3,1,3.91,140.96,123.1,0
18.3313,82.5212,2,0,2.61,230.13,561.2,0
31.6685,77.4501,4,2,5.19,59.63,37.1,1
28.7576,76.93,4,0,4.54,18.96,9981.0,0
32.0048,77.6397,4,4,5.32,48.58,142.1,0
18.5953,72.9589,4,1,4.89,88.32,940.8,1
28.5187,76.9843,4,2,4.68,28.47,6981.6,1
29.7954,80.6564,5,5,5.18,3.32,213.3,1
8.3853,76.178,2,0,2.59,203.64,770.8,0
36.9611,74.4612,5,6,5.73,12.85,278.4,1
27.4183,93.9073,5,10,5.7,1.0,656.2,1
22.1527,87.3834,3,0,3.09,7.9,14427.2,1
17.2935,74.2298,4,3,4.73,52.78,1029.9,1
18.7204,81.6134,2,0,2.34,55.46,308.3,0
35.1044,77.9581,5,8,5.32,41.37,111.0,1
31.9492,77.7646,4,2,4.83,25.52,129.9,1
23.8577,88.2284,3,2,3.13,147.61,18906.6,0
18.0507,74.6916,4,5,3.38,17.72,854.2,1
22.7109,87.3942,3,1,3.45,14.35,16354.1,1
8.3531,77.2736,2,0,2.32,267.07,861.5,0
32.1454,78.383,4,3,3.38,28.37,145.9,1
18.7721,83.4652,2,1,2.65,14.95,513.1,0
16.0404,76.12,3,0,2.99,5.06,256.3,0
34.1997,77.1749,5,7,5.08,64.48,177.7,1
31.4838,78.066,5,6,6.22,18.46,120.2,1
24.6756,86.4149,4,3,3.81,26.65,1812.8,1
34.7381,76.2478,5,9,5.52,5.83,34.2,1
16.7509,74.9895,4,1,3.97,34.03,498.3,1
20.9448,80.0013,2,1,2.97,16.88,172.9,0
23.8535,70.6621,5,4,5.4,19.01,494.0,1
23.5524,88.1539,3,1,3.79,79.96,8081.6,0
28.934,70.6828,3,2,3.0,42.31,230.2,1
28.8455,76.58,4,6,4.0,27.84,33642.1,1
31.6876,76.2562,4,5,4.1,13.32,70.9,1
12.1494,75.8494,2,1,2.72,137.68,1364.5,0
31.1307,78.3072,4,3,4.05,63.56,73.2,1
18.6454,77.0114,2,1,2.46,152.09,307.1,0
29.7363,74.6171,3,1,3.75,69.36,225.6,0
15.1204,82.7359,2,1,2.58,207.71,150.2,0
23.9611,68.6015,5,1,6.31,6.27,362.3,1
20.9927,75.6436,2,0,3.25,84.71,544.1,0
12.3218,75.8782,3,4,4.0,97.66,473.3,0
28.9253,76.7182,4,6,5.27,45.42,33060.7,1
17.2502,74.2694,4,4,5.36,71.06,293.4,1
18.2756,73.402,4,1,3.65,4.6,518.1,1
23.9814,78.5401,2,1,2.76,84.95,345.8,0
28.3715,77.3271,4,5,5.15,16.03,11140.4,0
29.7005,77.5349,5,4,4.52,15.45,105.6,1
22.6197,87.0974,3,2,3.72,10.78,5628.1,1
10.333,77.3096,2,0,3.01,390.55,658.0,0
22.5684,68.7035,5,7,6.09,23.56,356.8,1
19.3574,74.0481,4,0,5.6,130.14,800.3,1
29.2355,80.4224,5,4,4.36,35.03,188.7,1
8.5792,75.8883,2,1,1.73,340.76,725.5,0
34.9641,73.5351,5,7,6.58,25.01,159.4,1
27.1225,92.6044,5,9,6.19,4.97,297.4,1
28.2595,77.4685,4,2,5.12,6.71,6064.1,1
31.8106,75.6489,4,1,6.0,1.13,136.0,1
29.9399,79.4047,5,8,3.97,8.08,218.7,1
36.3795,74.3586,5,8,5.22,13.93,391.2,1
22.6254,88.4405,3,2,2.9,50.13,3776.5,1
26.8677,86.1643,4,0,4.8,11.17,1616.1,1
27.2174,93.6692,5,10,5.67,14.55,656.3,1
9.7668,78.0327,3,2,4.09,13.37,965.1,1
21.9282,86.6176,3,1,4.19,11.17,4178.6,1
16.2471,82.4033,2,1,2.26,111.19,240.9,0
35.8161,77.9968,5,8,5.07,10.75,52.0,1
22.9756,75.7434,2,0,3.23,211.48,231.4,0
28.0507,76.5658,4,3,4.77,179.77,13786.9,0
35.5932,73.4651,5,5,4.46,10.92,124.8,1
11.6766,80.2112,3,0,3.88,17.74,483.6,1
9.4598,75.7389,2,0,2.65,63.15,835.0,0
21.1603,79.1205,2,1,3.2,106.99,481.8,1
17.0691,74.1539,4,6,3.43,13.49,433.5,1
24.0948,75.1651,2,0,2.27,25.83,241.8,0
29.1579,70.0623,3,3,3.22,28.33,271.2,0
23.5071,77.359,2,1,2.09,137.49,204.8,1
25.0729,84.5383,4,3,4.96,1.0,447.7,1
35.7735,77.9309,5,7,4.4,28.86,69.7,1
28.26,71.4932,3,0,3.55,165.17,216.0,0
33.0393,76.1484,5,4,6.08,6.9,148.8,1
20.7998,78.0875,2,0,3.43,15.36,323.0,0
28.9678,75.4674,3,1,3.42,33.88,156.4,1
13.4463,75.4522,3,2,3.96,43.39,345.1,1
32.4245,77.2562,4,4,4.03,1.04,121.7,1
8.7944,76.9434,2,2,2.46,105.17,857.3,0
8.9262,78.8679,3,0,4.15,7.39,939.7,1
25.6347,71.5271,3,1,3.35,39.06,247.5,0
16.1264,78.4377,3,0,4.09,23.55,283.2,1
29.5855,77.6895,5,7,5.52,1.0,305.9,1
33.0363,74.5187,5,9,5.52,8.25,127.6,1
22.435,88.6328,3,2,4.22,49.69,5710.3,1
27.2799,83.3023,4,4,4.06,1.0,1114.6,1
32.5912,76.8013,4,1,5.44,27.33,150.1,1
32.6768,78.3149,4,2,5.31,1.2,124.0,0
24.5108,84.0487,4,1,3.78,11.48,1150.2,1
29.3843,77.9949,4,3,4.77,8.47,7597.5,1
23.5574,88.4257,3,0,3.61,23.98,9627.5,1
14.4256,83.8503,2,0,3.1,225.62,706.3,1
31.1235,76.5135,4,6,4.68,1.0,280.9,1
9.2583,77.1071,2,1,2.74,47.43,1553.8,0
26.8178,70.3112,3,3,3.62,91.48,352.8,1
10.2512,76.395,2,0,2.24,74.4,1406.1,0
17.389,77.5557,2,0,2.21,55.03,339.7,0
29.2356,79.1659,5,5,5.4,35.22,130.6,0
33.1214,74.2858,5,9,5.29,13.79,67.9,1
32.9719,77.6974,4,4,5.19,35.73,83.3,1
28.0196,72.3283,3,2,2.76,15.35,210.8,1
19.7526,73.4579,4,2,3.73,81.4,710.0,1
21.3488,77.2453,2,1,3.15,8.47,134.9,1
29.1263,76.6873,4,5,4.79,78.71,16730.7,1
21.9727,78.839,2,0,2.85,126.26,456.4,0
19.5831,72.9879,4,2,3.84,106.84,983.9,1
15.0567,76.6754,3,2,3.11,10.72,321.9,1
22.9073,68.6444,5,2,5.64,19.74,410.3,1
26.0444,85.057,4,3,4.29,19.94,2390.6,1
19.2087,79.1889,2,0,3.05,183.2,208.6,1
23.5878,69.1623,5,4,6.19,14.18,308.4,1
13.316,78.2534,3,1,4.1,132.96,591.4,0
19.1845,80.0053,2,0,2.03,7.23,118.9,0
26.4119,84.0329,4,6,4.86,28.17,670.5,0
24.7615,76.8207,2,1,2.69,161.37,558.8,0
23.7298,69.7043,5,9,5.39,1.0,147.1,1
21.3879,82.1882,2,0,2.8,66.31,415.7,0
23.6827,71.0072,5,6,6.7,40.6,424.9,1
36.7076,73.133,5,10,5.51,11.18,59.9,1
20.0984,76.3138,2,0,2.68,155.81,226.7,0
28.1936,77.722,4,1,4.82,73.99,11399.8,1
26.223,69.5294,3,1,2.69,27.91,340.4,0
9.888,77.3468,2,0,2.25,18.17,640.1,0
17.2186,72.9343,4,2,4.34,13.03,609.6,0
18.993,74.0256,4,10,4.45,55.92,325.1,1
19.7756,74.6383,4,3,4.32,108.25,1792.2,1
28.0076,77.261,4,2,4.76,18.79,5170.9,1
29.6003,79.9123,5,8,5.43,33.61,135.6,1
21.5414,88.3915,3,1,2.4,57.96,3898.3,0
17.6526,73.7715,4,3,4.11,50.57,353.9,1
30.9495,78.744,5,8,5.57,19.78,417.2,1
22.8986,69.1524,5,9,5.06,14.95,386.2,1
30.2006,80.5407,5,10,4.99,25.04,155.8,1
28.9704,77.5723,4,5,5.68,33.14,9311.6,1
36.2399,75.2644,5,8,5.79,10.55,147.6,1
23.5407,69.0306,5,4,5.21,12.76,141.6,1
23.6413,70.575,5,4,5.31,10.87,303.4,1
24.9125,76.6879,2,0,2.54,312.98,155.0,0
15.9468,78.1443,3,3,3.9,33.34,341.3,1
32.0317,76.9715,4,6,5.23,18.39,256.2,1
19.2289,77.9361,2,0,2.21,147.95,540.0,1
26.1387,95.2113,5,9,5.98,9.0,496.9,1
13.1781,77.0294,3,0,3.45,46.95,770.3,1
25.47,86.2171,4,7,4.13,53.79,1183.0,1
17.7889,72.5627,4,1,3.36,4.91,521.2,1
17.4757,78.7476,2,0,2.3,300.68,222.5,0
23.5874,70.3713,5,9,5.56,25.05,745.5,1
11.8802,78.2553,3,1,3.17,51.27,1439.3,1
9.5699,79.6086,3,0,3.63,203.95,1224.3,0
17.3181,74.3802,4,5,4.24,23.18,676.5,1
30.3547,79.515,5,11,6.07,27.01,257.7,1
23.0378,69.0551,5,3,5.83,3.89,520.4,1
26.9432,92.0471,5,7,5.65,5.36,711.3,1
17.5758,73.4376,4,2,3.94,127.94,409.9,1
31.5565,75.6061,4,5,4.26,3.0,284.1,1
31.7957,76.8879,4,10,4.35,5.72,61.7,1
16.4131,80.4471,2,3,3.17,117.12,212.3,0
32.8544,76.6514,4,5,4.33,8.67,128.1,1
23.3271,86.5419,3,2,3.97,15.31,7284.3,0
23.3572,80.8025,2,0,3.41,198.43,264.2,0
21.6932,87.6205,3,1,3.09,7.24,6524.6,0
28.4055,94.6326,5,5,4.45,28.06,201.8,1
19.4566,77.955,2,0,2.97,294.9,115.9,0
26.8632,86.3659,4,3,3.54,20.41,581.7,0
9.3079,80.1589,3,2,3.81,9.17,562.7,1
8.3132,75.0314,2,0,2.35,70.45,1704.8,0
28.8456,77.9941,4,3,4.02,3.33,11218.2,1
30.9225,77.6443,4,5,5.19,10.75,74.5,1
29.4656,78.5832,5,6,5.65,17.07,182.6,1
23.5536,71.3262,5,4,5.79,63.16,213.8,1
21.7727,87.4725,3,4,3.56,88.13,4721.3,0
24.9991,81.1341,2,0,2.48,126.74,264.8,1
26.8371,83.0254,4,7,3.3,4.82,391.2,1
12.7385,76.9544,3,2,3.28,75.42,259.2,1
23.577,69.3788,5,5,6.14,5.38,857.9,1
10.4973,76.9632,2,0,2.33,152.51,685.1,0
31.857,76.5609,4,3,5.67,25.68,51.6,1
28.3693,94.4328,5,7,4.7,1.03,446.6,1
32.4477,77.9716,4,4,5.62,23.73,263.0,1
28.07,76.5569,4,4,4.38,24.6,9854.5,1
22.7742,70.8904,5,10,4.91,1.0,343.2,1
32.8801,76.0974,4,2,5.41,1.0,77.5,1
20.5256,77.4551,2,0,3.06,44.0,155.7,0
25.0069,85.1948,4,3,5.63,28.97,3203.8,1
11.4666,79.2718,3,1,3.59,79.54,610.9,1
13.6523,78.4932,3,2,3.32,214.85,158.5,0
14.1959,75.9368,3,3,3.51,50.02,365.5,0
9.3284,79.7715,3,2,4.53,38.79,645.3,0
11.6432,76.8424,2,0,3.04,70.39,1223.9,0
23.3851,87.4652,3,2,4.03,113.16,5543.8,1
28.1161,77.375,4,5,4.43,52.86,14857.1,1
25.1699,88.345,4,4,3.78,58.66,3529.1,1
35.8387,73.9625,5,1,4.34,8.42,78.9,1
23.8607,81.8486,2,0,2.81,315.7,407.4,0
18.7257,72.7744,4,0,3.82,145.56,436.3,1
18.7194,78.5494,2,1,2.61,471.9,174.4,0
13.4986,77.0673,3,0,4.21,21.25,428.9,0
34.5489,76.4582,5,10,5.37,17.97,297.3,1
31.0571,78.0738,4,4,3.84,40.08,195.1,1
22.5348,69.5622,5,3,5.83,32.95,245.4,1
28.5582,71.2336,3,1,3.53,458.72,103.3,0
30.8582,76.488,4,4,4.4,47.21,104.1,1
26.8923,85.811,4,3,4.71,30.95,427.6,1
22.5445,71.4706,5,4,5.12,71.14,233.0,1
26.0225,89.2121,5,6,6.53,1.0,186.4,1
32.7805,77.2909,4,3,4.33,1.0,83.3,1
28.9635,77.1052,4,7,4.49,17.09,14753.4,1
17.6745,74.7827,4,2,3.73,50.68,909.7,0
9.0209,79.7773,3,1,4.02,24.76,858.3,0
23.0312,82.2628,2,2,2.96,97.85,199.6,0
20.4645,79.1157,2,0,3.29,16.71,444.5,0
32.5746,76.1296,4,9,5.4,17.69,252.0,1
35.4236,75.9122,5,7,6.78,7.08,239.0,1
23.105,69.7821,5,7,5.49,18.68,472.3,1
27.2315,95.3169,5,12,4.69,7.96,438.7,1
29.3561,77.9871,4,3,5.14,114.72,14004.2,1
16.6378,73.8688,4,4,4.05,37.14,1032.2,1
26.3145,89.4886,5,11,5.32,9.83,462.0,1
33.1084,73.9412,5,7,6.49,25.55,128.3,1
27.2819,89.9085,5,10,6.7,8.6,358.2,1
19.2666,73.7155,4,2,4.59,64.48,811.7,1
29.3642,77.9256,4,5,5.55,13.54,25746.8,1
25.6834,96.2333,5,5,5.12,15.3,445.4,1
14.7915,76.6873,3,1,4.39,75.7,603.2,0
35.3846,74.34,5,9,5.22,33.82,132.6,1
10.4759,76.2926,2,0,1.98,46.73,758.6,0
31.6326,76.7194,4,4,4.9,10.99,149.1,1
20.7094,76.1439,2,2,2.32,28.83,203.1,1
31.4383,78.0937,4,6,4.37,85.04,84.6,1
35.5269,75.1603,5,2,5.46,46.16,147.9,1
14.44,80.8002,2,0,3.2,500.0,305.7,0
31.6241,75.8618,4,5,5.5,4.19,92.2,1
17.2383,82.5682,2,0,3.24,70.04,148.0,1
13.1865,78.7864,3,1,4.12,171.26,1265.5,0
19.4207,73.1443,4,2,3.77,37.75,1126.8,0
22.204,79.536,2,0,2.81,308.93,198.5,0
30.938,79.3959,5,4,6.88,13.99,200.1,1
23.7257,78.4509,2,0,1.95,28.82,404.1,0
21.9035,88.5608,3,3,3.77,51.72,16825.4,0
24.6695,75.0854,2,0,2.55,82.86,317.3,1
8.9216,78.4837,3,2,4.59,115.12,341.7,1
18.3283,77.7849,2,0,3.21,353.12,391.4,0
30.3749,78.7567,5,5,4.55,13.62,213.8,1
12.3877,80.1418,3,1,3.03,112.92,855.0,0
27.0187,69.6087,3,1,2.9,106.92,156.6,1
22.5858,88.9133,3,2,4.41,73.6,11398.6,0
32.5608,75.5654,4,4,5.32,32.91,208.7,1
27.8437,74.1273,3,2,2.9,124.39,257.9,1
25.3526,87.7486,4,2,3.82,13.46,790.0,1
33.2199,77.8137,5,9,5.14,1.0,212.8,1
27.2162,86.4552,4,0,4.53,36.23,1354.0,1
31.2761,78.4014,4,5,4.72,22.53,159.3,1
8.7625,79.5806,3,0,4.23,453.95,538.0,0
31.648,77.4845,4,3,3.85,7.56,100.1,1
29.6454,77.6792,5,6,4.54,12.43,131.4,1
36.4133,76.4171,5,7,5.49,12.71,605.9,1
34.9933,75.9684,5,8,5.4,45.9,157.0,1
13.3396,77.9492,3,0,4.04,78.87,865.4,0
11.2572,76.2083,2,2,1.79,10.95,1292.4,0
19.2019,74.6166,4,3,3.92,10.8,384.3,0
32.1489,77.6092,4,3,4.27,2.65,157.9,1
23.3078,87.1845,3,4,3.56,56.45,12567.4,0
23.8076,87.5819,3,0,2.87,1.22,11300.0,0
20.0175,80.5974,2,0,3.09,27.6,356.4,0
15.5742,74.6303,3,1,3.76,3.72,387.2,0
28.6293,76.6155,4,5,6.63,16.36,21353.4,1
26.9596,83.7998,4,1,3.28,20.89,950.2,1
35.4387,76.5429,5,5,6.58,23.99,152.3,1
16.2799,83.4016,2,3,2.24,368.03,202.2,1
9.1593,79.705,3,1,4.41,29.21,406.3,1
36.2074,73.5336,5,2,5.97,2.26,148.8,1
14.6081,78.926,2,0,2.22,500.0,336.5,0
28.124,92.3938,5,8,5.88,13.1,348.3,1
12.582,79.3159,3,2,3.61,43.41,381.7,0
8.7126,79.4516,3,2,3.49,27.33,1363.0,0
32.6077,78.4142,4,3,5.11,3.26,98.4,1
22.4141,88.3339,3,0,2.25,128.81,11387.6,0
28.2292,77.3471,4,6,4.61,29.05,20057.8,1
10.4108,78.1094,3,3,3.73,146.46,1368.7,1
30.3652,80.6708,5,8,5.46,43.68,103.7,1
19.3559,72.7216,4,2,4.98,143.64,540.2,1
25.8073,71.0426,3,1,3.63,21.55,315.3,1
12.3142,75.4215,3,2,3.49,19.31,480.0,0
11.3649,77.0819,2,0,2.72,53.25,413.0,0
8.5062,78.9398,3,1,4.39,127.56,704.2,0
17.0018,72.5002,4,1,3.39,101.71,708.6,0
10.5665,76.9453,2,1,2.87,229.48,585.6,0
21.8423,75.9646,2,0,3.14,293.98,138.6,0
30.8835,76.6354,4,6,4.36,9.35,182.7,1
24.784,69.8957,3,3,2.96,81.81,558.6,0
32.1737,78.0137,4,5,4.76,67.53,88.5,1
8.1495,75.2158,2,0,2.71,81.38,331.7,0
31.0248,80.6271,5,8,5.57,1.86,414.1,1
23.9791,71.3281,5,4,5.74,19.66,192.2,1
10.5626,75.2605,2,0,2.79,273.35,475.3,0
18.9548,81.0532,2,1,2.08,24.71,367.1,0
28.102,77.0356,4,1,4.52,9.06,24032.7,1
22.7465,71.3634,5,9,5.59,3.22,838.8,1
14.0652,76.8397,3,2,3.3,8.53,180.3,1
34.1914,77.3485,5,10,5.26,10.99,231.1,1
24.8076,88.2336,4,2,3.54,23.14,786.3,0
35.5711,73.7276,5,6,5.1,26.74,88.4,1
18.1335,74.4188,4,2,3.81,28.28,712.3,1
26.7592,93.7193,5,6,5.51,6.48,675.5,1
24.4729,80.599,2,1,2.99,83.81,152.8,0
24.7162,80.0892,2,1,2.53,149.43,529.2,0
9.9612,76.2458,2,1,2.5,167.67,667.9,1
35.869,77.5591,5,5,5.67,16.52,184.0,1
32.4574,76.1828,4,4,4.02,13.74,125.3,0
27.5536,95.3326,5,9,5.76,1.0,638.8,1
31.2267,78.3813,5,3,4.16,7.73,345.4,1
24.4685,69.8952,5,2,5.59,8.75,668.2,1
16.4414,76.9379,3,3,3.02,57.41,767.0,0
21.4419,82.6569,2,1,2.61,165.03,153.1,1
10.8878,77.0833,2,0,1.81,266.97,572.4,0
27.3781,72.9417,3,3,3.12,228.78,175.1,1
16.5144,74.597,4,0,3.79,18.28,794.5,0
30.1508,78.7619,5,4,5.79,2.85,325.8,1
26.2546,96.6049,5,10,5.14,4.41,256.2,1
31.1545,76.0572,4,4,5.07,3.91,61.7,1
9.0541,77.2213,2,0,2.13,465.18,801.4,0
21.703,87.5253,3,2,4.32,5.57,5029.2,0
24.2174,75.2759,2,0,3.35,19.42,273.2,0
23.6754,88.035,3,1,3.57,22.31,3528.4,0
31.4428,76.2731,4,4,5.52,26.29,83.6,1
19.836,73.5604,4,4,3.62,47.01,422.8,1
24.423,76.0248,2,2,2.59,75.22,290.4,0
27.1244,70.6259,3,1,2.59,29.03,157.3,0
22.8979,88.5764,3,2,3.78,16.68,8952.7,1
31.0036,78.0371,4,2,4.81,69.61,133.1,1
36.3059,75.3893,5,5,6.51,4.81,119.7,1
35.3912,74.3957,5,8,4.82,8.8,167.8,1
17.3876,80.6058,2,0,2.81,342.48,237.4,0
24.6901,75.9386,3,1,3.68,145.74,247.8,0
28.1765,94.6499,5,5,5.91,3.65,190.0,1
29.582,71.7636,3,2,3.51,234.23,280.5,0
12.4367,77.0712,2,0,2.04,343.12,462.8,1
25.5753,85.6818,4,4,3.92,3.83,1241.0,1
28.033,77.6436,4,4,5.27,70.22,7862.9,1
12.893,78.7381,3,2,4.37,10.38,1038.6,1
15.1291,76.4734,3,0,3.27,74.26,446.6,1
13.2582,74.9747,3,0,3.92,163.6,473.9,0
17.7063,77.9234,2,0,1.79,283.34,583.6,0
28.8657,77.0535,4,3,5.63,18.52,5515.1,1
23.7011,86.7873,3,2,3.93,46.88,4870.1,1
26.4924,84.494,4,8,5.66,125.66,1455.7,1
19.091,82.7544,2,0,2.59,341.56,332.7,0
21.7648,76.4413,2,1,2.72,5.88,189.1,1
25.1705,71.0847,3,1,2.89,27.04,114.8,1
24.527,84.0264,4,2,3.51,30.17,782.2,1
19.7785,74.5474,4,2,3.72,22.45,738.5,0
26.0368,87.6672,4,5,4.69,74.94,1363.2,1
29.8848,79.9825,5,5,6.71,11.03,291.4,1
17.8238,74.7573,4,4,4.78,49.0,871.6,1
8.4995,75.322,2,1,2.29,388.01,1417.9,0
34.2129,77.1723,5,8,4.09,9.95,221.8,1
33.0421,73.285,5,8,5.48,4.36,132.4,1
23.356,76.8462,2,1,3.29,252.29,728.4,0
22.8314,79.7215,2,1,3.24,5.63,278.8,0
26.7923,96.2874,5,9,5.16,1.28,1214.2,1
19.363,77.4899,2,0,3.39,25.3,854.2,0
17.2348,79.4006,2,1,2.93,25.25,124.9,0
18.6298,73.4042,4,4,4.88,12.03,560.9,1
12.1479,78.7586,3,1,3.46,124.45,435.1,1
16.7447,80.7144,2,2,2.81,215.16,178.8,0
32.9286,77.1816,4,3,5.04,24.94,57.0,1
32.7535,76.0713,4,4,4.61,1.06,74.7,1
30.5666,78.6444,5,7,5.53,1.0,278.4,1
29.0369,76.8558,4,4,4.27,75.11,14246.5,1
23.3993,88.7214,3,1,3.51,69.07,7904.0,0
29.6505,80.3739,5,11,5.31,2.65,207.8,1
32.142,76.1859,4,2,3.45,9.39,129.0,0
18.2383,74.0114,4,1,4.03,151.61,522.7,1
17.3561,73.0789,4,1,3.66,73.66,901.7,1
20.0602,78.7021,2,2,3.33,500.0,432.2,0
23.9032,70.5368,5,3,5.22,9.19,272.2,1
33.0568,74.1769,5,6,5.61,19.07,68.9,1
19.2092,73.2558,4,4,3.85,28.19,749.1,1
12.1947,76.2145,3,1,3.55,6.6,263.4,0
13.0885,78.7029,3,6,3.65,10.49,1716.1,1
29.0105,77.8427,4,4,5.03,4.72,15409.4,1
12.3068,76.3439,2,1,2.89,32.09,1000.6,1
32.4551,76.4248,4,4,4.18,15.15,44.0,1
17.3568,74.4069,4,3,4.4,55.1,796.4,1
26.9891,73.6386,3,0,2.52,188.59,184.1,1
30.5683,77.495,4,1,4.39,13.95,115.2,1
30.5484,80.219,5,8,5.42,1.0,113.5,1
15.7182,77.8424,2,1,2.32,171.86,592.1,0
26.0249,71.2996,3,1,3.2,181.06,133.5,0
34.6687,73.3303,5,7,5.37,40.06,184.3,1
25.3852,92.7493,5,7,6.19,5.85,711.1,1
24.9785,80.9641,2,2,2.32,278.47,215.8,0
16.7762,74.8619,4,2,4.47,37.44,468.9,1
30.802,77.7902,5,2,5.35,4.54,217.0,1
28.6976,77.992,4,3,5.4,7.83,32416.3,1
28.1396,77.943,4,8,4.01,20.39,5912.1,0
31.5096,77.5956,4,3,4.58,41.02,80.4,1
28.3231,76.9263,4,4,5.16,26.48,9082.7,1
28.2839,77.8,4,2,4.75,131.59,7704.2,1
27.2768,84.7627,4,4,5.19,1.64,2320.4,1
18.6974,77.7356,2,1,3.2,58.13,268.7,1
35.7669,77.878,5,5,4.8,13.53,60.7,1
31.288,77.9925,4,2,4.86,43.25,132.6,0
30.3838,79.6426,5,4,5.04,12.83,163.5,1
15.5979,80.625,2,0,3.53,16.59,175.7,1
15.4914,78.4247,3,2,3.21,106.4,261.8,1
28.6434,76.9071,4,5,3.53,98.62,8271.2,0
13.171,77.3802,3,1,3.73,60.8,364.5,0
12.0459,76.2235,2,1,2.26,73.99,344.3,0
31.9654,78.0794,4,3,4.83,19.8,50.1,1
30.7038,80.5091,5,3,6.14,3.93,51.1,1
33.0874,74.712,5,11,5.68,15.22,189.2,1
21.4157,81.3729,2,0,2.46,167.08,605.4,0
23.4433,68.5707,5,1,5.74,4.91,196.1,1
26.2015,87.2332,4,5,3.74,12.33,1203.8,1
20.5755,77.3972,2,0,3.07,37.58,255.5,0
29.2741,80.3722,5,2,5.62,1.29,231.4,1
17.442,73.0512,4,4,4.11,5.61,644.0,1
36.065,77.1042,5,6,6.04,2.83,85.3,1
17.6934,73.7702,4,1,4.83,95.93,473.1,1
26.0547,87.6051,4,3,3.32,6.67,834.0,1
12.7143,76.5348,3,1,3.44,72.09,263.7,0
22.7465,81.5391,2,0,2.57,39.75,175.8,0
22.7186,88.9628,3,1,3.72,3.6,6638.4,0
23.9298,88.9014,3,2,3.46,8.4,4474.6,1
18.0836,77.8294,2,0,2.97,91.79,184.5,0
23.5684,88.6136,3,2,2.89,16.2,14040.3,0
26.5155,83.7127,4,2,4.63,63.62,773.1,1
35.3332,74.7048,5,9,4.85,9.89,92.2,1
19.3942,73.4401,4,0,4.01,60.67,1011.5,1
27.9974,72.7268,3,1,3.39,149.9,234.0,0
24.5551,75.7624,3,0,3.37,29.03,264.2,0
30.7963,78.7961,5,4,5.26,1.4,324.9,1
33.9532,77.7286,5,8,7.02,1.0,83.1,1
27.4964,93.3962,5,6,5.66,2.75,321.2,1
25.5161,74.9812,3,0,3.95,59.43,128.3,1
25.5764,86.0887,4,6,3.49,117.12,781.4,1
16.2602,75.287,3,0,3.63,105.22,323.8,0
23.8697,79.0406,2,2,2.76,333.16,238.3,0
14.4003,76.0942,3,2,3.06,10.09,206.0,1
16.91,74.5314,4,3,3.99,39.71,780.7,1
24.8931,85.9524,4,5,3.77,67.21,1223.7,1
22.8711,68.7364,5,5,5.95,1.0,608.9,0
24.6854,85.4886,4,2,3.71,23.37,1118.4,0
18.6792,73.0824,4,3,4.2,60.61,277.4,0
27.066,74.1329,3,1,2.89,83.95,192.0,0
25.0851,95.2692,5,9,5.5,1.33,957.6,0
11.3154,78.414,3,0,3.54,78.32,697.1,1
23.9248,88.6475,3,6,2.99,1.63,5109.7,1
24.2684,70.2194,5,10,7.06,6.88,265.9,1
26.8555,87.9775,4,4,4.38,17.31,2540.4,1
23.844,78.8397,2,1,3.14,339.1,583.4,0
26.8752,89.6219,5,9,5.42,12.11,298.3,1
23.4762,87.2133,3,0,3.31,73.12,3244.6,0
17.5316,82.4863,2,0,2.12,14.55,353.1,0
8.2829,75.3317,2,1,2.99,4.86,507.2,1
22.3862,88.2423,3,1,3.52,30.65,10394.0,1
9.7768,78.4454,3,1,4.22,186.09,653.7,0
22.6293,86.9832,3,2,3.27,5.62,7499.8,1
24.7887,71.2754,3,2,3.09,6.69,328.6,0
25.7831,83.5339,4,4,5.19,68.79,698.6,1
22.0953,87.2394,3,1,4.04,52.25,13130.3,0
20.1247,78.2604,2,0,2.12,24.17,217.4,0
29.1415,77.6516,4,6,3.49,13.17,12120.8,1
22.5944,88.4597,3,1,3.54,75.3,14062.7,1
10.4589,79.3509,3,0,3.68,226.03,262.4,0
21.7185,88.1198,3,3,3.65,13.58,17618.3,1
9.1577,76.8488,2,0,3.26,45.16,1114.1,0
10.8417,77.3311,2,1,2.52,40.98,1105.6,0
15.7369,77.7057,3,3,3.4,114.51,380.5,0
29.2764,77.7437,4,3,4.66,23.23,5850.6,1
35.4293,77.3737,5,6,4.62,29.72,118.9,1
26.7331,91.5518,5,5,4.92,24.92,264.3,1
34.8316,74.7703,5,12,6.16,7.64,134.0,1
9.0171,78.0306,3,0,4.64,40.95,670.5,1
9.343,78.1306,3,0,3.55,1.76,1038.6,1
26.2956,96.4127,5,11,5.75,5.2,997.3,1
29.1638,77.7434,4,2,4.25,12.98,17460.3,1
13.8774,74.2034,3,1,3.55,153.09,156.5,1
11.4716,78.9896,3,4,3.97,17.85,527.8,1
27.3091,71.6381,3,0,3.35,214.8,180.5,0
28.7508,77.4535,4,4,4.6,22.21,5359.9,1
28.4652,92.7917,5,9,5.64,9.15,579.2,1
13.3475,78.1989,3,1,3.14,81.43,148.1,0
25.8556,87.9196,4,3,4.67,2.09,1846.1,1
25.6519,88.1522,4,4,5.64,12.67,2255.1,1
13.5833,77.8065,2,1,3.0,43.02,176.3,0
30.7611,78.8799,5,11,5.24,11.98,181.6,1
26.2902,88.4343,4,2,5.07,219.87,1025.1,0
16.6756,74.9229,4,1,3.36,55.5,563.8,1
32.8939,77.6657,4,5,4.19,1.53,157.0,1
33.3468,77.6387,5,11,5.83,8.12,404.4,1
15.4072,75.7489,3,3,2.84,70.06,417.1,0
29.4723,76.7444,4,4,5.45,20.18,17042.0,1
27.9529,73.3666,3,1,3.57,19.26,243.2,1
14.5012,81.2651,2,0,2.95,9.16,336.2,1
36.8355,76.3762,5,6,6.09,5.37,109.5,1
15.0471,75.7881,3,2,3.8,79.91,194.5,1
23.4912,81.6524,2,0,2.89,294.29,184.2,0
23.4057,86.8674,3,2,3.4,38.79,4862.1,1
11.0913,75.1308,2,0,2.82,202.84,709.4,0
9.3153,79.2084,3,0,4.27,13.54,1012.0,0
28.7289,75.1056,3,1,3.82,66.76,161.3,0
26.5874,84.2183,4,1,4.33,1.0,1985.0,1
10.3995,75.5753,2,1,2.95,9.97,2516.8,0
19.0811,73.4836,4,2,4.13,43.71,684.0,1
16.2648,74.3544,3,1,3.71,9.82,399.9,0
26.3589,74.1383,3,2,3.32,23.84,231.7,1
20.5738,79.2069,2,0,2.69,45.05,466.3,1
17.9559,79.2659,2,0,2.58,23.69,192.8,0
29.0631,73.7519,3,0,3.12,23.49,192.6,1
23.3462,70.1231,5,4,5.63,8.0,170.0,1
8.7345,78.9021,3,3,3.38,7.95,308.9,1
11.4113,76.5058,2,0,2.26,71.77,960.8,0
8.5217,80.01,3,2,3.87,109.26,396.1,0
11.5526,75.8144,2,0,2.6,308.56,1613.0,0
36.0057,73.5698,5,4,5.7,1.0,156.0,1
24.695,74.8586,3,1,2.94,6.42,215.8,1
11.7327,75.1751,2,0,2.81,141.85,508.8,0
19.6931,73.7761,4,3,3.94,20.33,494.4,1
10.3047,75.5495,2,0,2.47,266.37,2575.0,0
28.6172,77.8726,4,6,5.16,1.96,13224.1,1
34.0987,73.3535,5,6,5.8,1.81,51.1,1
32.4079,78.0945,4,3,4.05,28.36,147.5,1
34.4387,77.0798,5,1,5.24,16.16,70.0,1
13.5052,77.2072,3,1,3.33,3.54,483.3,1
18.5329,74.4944,4,4,4.34,21.42,1063.2,1
17.292,74.5059,4,4,3.21,19.04,1292.6,1
24.1691,78.8192,2,1,2.63,46.43,690.2,1
22.6537,86.8444,3,0,3.12,6.66,14312.4,1
10.7247,79.2507,3,0,3.37,75.15,490.5,1
10.6978,79.7094,3,3,3.68,47.05,718.1,0
28.0488,73.3809,3,0,3.8,20.09,122.0,1
17.7832,72.5037,4,4,3.74,51.13,453.8,1
29.0277,76.9695,4,3,4.29,27.37,6606.8,1
13.1868,74.2703,3,2,3.55,189.68,373.6,1
28.0501,89.668,5,6,6.07,14.0,441.8,1
26.4896,83.613,4,7,4.49,30.57,1784.8,1
28.307,77.9565,4,3,4.67,8.47,9545.5,0
19.214,74.6391,4,1,4.59,11.94,614.2,1
23.0691,69.3699,5,1,5.93,32.14,549.9,1
19.1642,73.4417,4,3,4.16,27.23,684.0,1
21.5552,79.1492,2,0,3.17,500.0,204.8,0
10.4605,75.3269,2,0,2.71,35.62,888.4,0
24.4125,71.3952,5,8,5.85,1.17,617.5,1
25.666,71.6107,3,0,3.0,10.28,519.6,1
25.6859,92.3009,5,5,5.11,10.84,292.8,1
22.3254,76.6934,2,0,2.94,84.49,98.9,1
23.1446,80.6349,2,0,3.07,163.07,688.0,0
13.8011,78.1088,2,1,1.75,301.54,317.9,0
26.3789,84.7209,4,2,3.92,1.0,2855.7,1
32.8905,75.8969,4,5,4.64,3.99,61.7,1
23.9091,87.4272,3,3,3.59,61.78,6025.9,0
19.351,74.1559,4,2,3.53,173.63,580.0,1
17.1171,73.4456,4,2,4.05,24.2,508.3,1
8.7166,78.0646,3,2,4.1,48.61,367.3,1
22.6213,82.4806,2,1,3.21,38.84,555.2,0
23.062,87.7037,3,2,4.01,1.71,6634.6,1
30.3956,78.1678,5,10,5.22,7.3,232.3,0
21.5602,81.8019,2,1,2.45,176.36,419.1,0
22.6914,71.1035,5,4,5.69,39.44,414.8,1
17.7275,78.4519,2,1,2.44,28.6,939.4,0
28.4983,77.0368,4,2,4.97,15.0,8055.2,1
17.267,77.3918,2,0,2.07,118.84,311.6,0
25.0193,92.1136,5,8,6.18,5.14,399.7,1
24.9264,84.2468,4,5,4.65,140.77,563.7,1
12.2512,78.4437,3,4,3.89,34.76,1000.0,1
26.3282,86.9939,4,4,4.07,68.69,2408.8,1
29.0713,77.7532,5,4,5.54,8.12,137.6,1
24.7771,75.1973,2,1,2.88,324.58,122.2,1
23.888,69.6628,5,2,5.05,17.1,180.3,1
18.8552,73.9378,4,3,4.43,123.87,785.2,1
22.5339,71.8403,5,4,5.62,12.55,332.7,1
11.9001,76.8479,2,0,2.6,30.56,767.0,0
19.9218,73.3898,4,0,4.22,1.38,761.2,1
23.5744,68.9733,5,0,5.98,61.1,596.6,1
23.3398,69.1719,5,7,5.93,24.66,777.1,1
10.9965,75.6191,2,1,2.34,127.71,553.8,0
24.6201,78.369,2,0,3.02,145.55,132.8,0
22.1387,86.6336,3,3,4.21,19.0,7067.4,1
30.5594,79.3779,5,3,5.96,8.92,139.6,1
23.1397,86.5809,3,2,3.87,8.64,14978.7,1
14.2067,76.1741,3,1,3.31,27.26,620.3,1
29.3858,76.7771,4,5,4.17,51.09,29678.3,1
17.8802,77.9239,2,0,2.72,76.29,218.9,0
27.3172,84.3191,4,5,5.41,25.65,990.8,1
12.2906,78.9824,3,3,3.51,78.11,527.0,1
13.9709,82.1631,2,1,1.68,53.32,562.3,0
22.9983,86.8677,3,2,3.55,63.18,8112.8,0
34.3309,76.3538,5,5,4.93,13.44,102.6,1
17.1422,77.04,2,1,2.67,77.73,269.9,1
24.3615,68.8223,5,3,6.0,8.74,426.2,1
20.9856,78.4551,2,0,2.46,109.56,327.8,0
8.6371,79.519,3,2,3.14,21.12,1081.5,1
33.9006,77.2147,5,8,4.45,3.34,112.0,0
29.4152,77.2615,4,4,4.93,25.15,33993.4,1
17.708,81.3882,2,1,2.54,135.09,182.7,0
23.8917,86.6714,3,2,3.79,93.21,5403.2,1
28.8335,73.3285,3,2,3.23,3.06,142.7,1
28.7603,75.2189,3,0,3.26,20.67,228.2,1
36.4333,73.5008,5,6,6.37,40.47,178.0,1
30.2811,77.8815,5,6,5.38,6.0,144.9,1
24.362,70.3743,5,9,4.82,28.59,276.3,1
35.3193,74.7624,5,5,4.84,10.34,142.0,1
29.1984,77.1855,4,8,4.61,17.5,29758.2,0
10.7093,78.889,3,6,3.96,4.42,433.8,1
10.851,76.6091,2,0,2.19,253.19,874.8,0
8.8666,78.0573,3,0,3.91,37.44,967.6,0
28.7223,76.8891,4,3,5.5,78.51,7456.2,1
28.3616,72.834,3,1,3.29,48.3,304.3,0
23.9178,88.5818,3,2,3.61,65.17,6209.7,0
16.7519,73.3326,4,6,3.81,57.55,1798.0,0
29.4329,75.1217,3,3,3.5,15.15,296.5,1
25.647,96.0198,5,9,6.42,15.71,168.2,1
20.1694,79.8464,2,0,1.98,406.94,157.7,0
23.2009,86.6868,3,0,3.91,31.88,8797.8,0
29.2981,79.5023,5,7,5.96,4.53,239.7,1
24.489,70.6318,5,3,6.08,5.22,176.5,1
31.3668,79.5299,5,12,6.2,13.38,161.9,1
27.8215,76.1193,3,1,2.77,106.44,298.1,1
19.287,74.5858,4,3,5.62,35.91,722.0,1
14.1525,83.7781,2,1,2.54,214.54,385.7,1
28.5753,77.1524,4,2,4.49,18.38,9291.7,1
28.1835,77.8718,4,4,5.2,14.45,11279.9,1
18.6407,73.0953,4,2,4.52,112.0,676.6,1
22.6568,87.4477,3,1,2.97,56.24,3032.9,1
21.5655,77.1235,2,0,2.2,8.78,476.4,0
17.2523,82.2034,2,0,3.07,375.91,584.4,0
11.7955,78.0071,3,2,3.65,107.9,555.7,0
12.4826,76.8652,2,0,2.35,121.31,1589.2,1
11.2805,78.0455,3,0,3.83,41.22,579.8,0
18.7479,77.7277,2,1,2.63,195.43,400.3,1
22.4615,75.2047,2,1,2.83,308.33,279.2,0
18.0489,74.9239,4,2,4.13,2.11,672.9,1
28.747,77.2546,4,5,3.77,23.61,18363.0,0
24.8973,74.4572,3,1,3.05,21.31,117.0,0
29.231,77.5251,4,3,4.64,23.78,36222.0,1
23.0573,70.6017,5,6,6.65,19.25,497.9,1
28.7372,77.419,4,3,3.97,24.09,9451.4,0
24.9036,75.3168,3,0,2.86,82.73,267.2,0
26.9278,85.3834,4,6,4.22,14.61,1215.8,1
28.1848,76.5084,4,1,5.56,1.0,20895.0,1
19.2281,78.4857,2,0,2.44,61.85,437.2,0
27.8294,89.5549,5,7,5.88,8.3,234.3,1
22.9729,88.9896,3,1,3.77,3.07,9803.9,0
16.7648,74.4013,4,3,3.78,25.42,497.5,1
15.4605,81.6609,2,0,2.15,89.74,1015.7,0
17.0227,74.7302,4,1,3.72,69.74,637.4,0
31.2003,76.6519,4,2,4.21,43.91,83.1,1
25.2988,75.7485,3,1,2.97,15.69,311.3,0
23.2843,71.2973,5,8,5.87,5.84,920.0,0
35.7065,77.1716,5,12,6.59,1.79,98.8,1
31.9133,77.3693,4,3,6.28,14.0,98.6,0
13.7036,75.3501,3,1,3.01,33.33,192.3,0
11.0468,75.2182,2,0,2.85,193.66,1166.9,0
25.1139,75.4518,3,1,3.76,12.39,236.8,1
26.5572,84.9771,4,8,5.93,15.91,3494.2,1
17.4385,78.5596,2,0,2.53,69.89,203.5,1
29.4563,77.5699,4,5,5.12,6.04,6096.1,1
8.9294,80.1087,3,0,4.36,39.57,692.6,1
26.7831,84.1926,4,2,5.49,28.87,907.6,1
24.5826,75.069,3,4,2.84,34.71,140.6,1
24.1561,71.9356,5,2,5.09,3.64,680.1,1
15.7037,74.7695,3,0,2.63,9.07,230.1,0
25.3552,83.7375,4,6,4.24,15.58,802.4,1
28.8802,72.0852,3,1,3.6,247.49,162.4,0
33.7226,77.1409,5,9,5.11,1.17,109.7,1
23.2453,87.6556,3,2,3.87,35.35,6126.2,1
25.1638,83.0626,4,1,4.62,42.62,497.1,1
29.1187,77.3128,4,4,3.43,10.05,12131.8,0
27.128,83.6493,4,4,3.98,24.28,939.0,0
29.3703,79.2592,5,9,5.14,15.24,110.8,1
34.9079,75.8639,5,6,5.99,10.85,227.5,1
28.3686,93.2216,5,10,6.09,17.15,521.7,1
30.703,78.1013,5,5,4.81,8.8,81.8,1
25.9798,91.9047,5,8,5.98,1.86,259.2,1
28.3935,94.8806,5,10,5.15,11.28,221.7,1
30.1778,78.9492,5,6,5.95,9.26,273.3,1
14.9904,77.0316,2,0,3.16,28.09,299.8,0
13.6562,76.014,3,1,3.54,209.07,421.9,1
19.8001,73.8669,4,1,3.93,119.53,1543.7,1
16.8744,82.8735,2,2,3.02,42.06,177.5,0
12.4335,77.2681,2,2,1.89,280.05,1594.8,1
9.7011,77.4417,2,2,3.06,54.26,624.5,1
11.995,78.1334,3,2,3.72,22.61,563.8,0
18.221,73.693,4,1,3.82,5.86,768.7,1
36.6397,77.9124,5,10,6.36,2.82,270.4,1
28.9554,74.0519,3,1,3.18,40.06,171.4,0
22.8815,70.0108,5,3,6.15,6.96,252.9,1
27.4343,75.8324,3,2,4.45,14.96,107.6,1
30.2454,80.0869,5,4,5.01,1.0,621.9,0
18.3094,72.7929,4,3,4.49,94.36,343.6,1
16.8355,74.9216,4,4,3.19,42.62,747.1,1
18.1821,83.3219,2,1,2.65,432.07,665.4,0
18.4093,73.2506,4,4,3.73,70.86,480.0,1
28.4137,76.4075,3,1,3.45,257.22,126.0,0
25.1204,95.759,5,7,5.1,5.22,242.5,1
16.3258,74.0836,3,1,3.17,126.45,173.7,0
27.3818,69.5412,3,1,3.17,31.01,239.3,0
27.231,90.9398,5,9,5.38,1.57,312.7,1
10.7213,76.9157,2,2,2.06,2.83,541.7,0
29.9803,74.202,3,1,3.55,73.85,215.1,0
33.2047,75.9771,5,6,4.86,35.15,208.9,1
23.6154,71.3676,5,7,4.83,9.17,381.6,1
12.7677,76.668,3,0,3.29,19.85,405.2,1
24.9205,88.4324,4,2,4.08,13.68,1067.0,1
16.7267,74.7478,4,2,3.67,112.66,1459.7,0
29.2981,77.0723,4,3,3.89,4.78,10985.0,1
23.0965,88.5181,3,3,3.52,370.56,4210.9,0
23.7326,87.109,3,2,3.56,69.59,10374.4,1
31.2441,76.2491,4,7,4.76,1.36,107.6,1
23.4516,70.8371,5,5,6.0,4.09,392.4,1
29.6864,78.7399,5,5,5.28,3.41,219.0,1
16.2795,76.8899,3,1,3.03,144.55,226.1,1
11.1617,80.1242,3,2,3.34,19.31,362.0,0
31.1889,76.2537,4,6,5.41,21.15,191.7,1
30.9987,76.8583,4,8,5.3,3.93,99.7,1
9.5837,78.3545,3,1,3.25,8.36,590.5,1
19.1711,73.6532,4,4,3.77,87.68,401.0,1
29.019,75.2581,3,2,3.19,17.3,153.7,1
27.5413,91.1539,5,3,6.64,7.05,330.0,1
29.0767,77.9482,4,3,4.11,22.05,10430.2,1
28.1192,77.4581,4,3,4.96,11.06,14279.9,1
19.6961,73.5873,4,4,3.35,54.39,429.6,0
12.2109,74.8345,3,5,4.03,35.96,214.8,0
29.5673,80.6224,5,7,5.5,6.24,184.6,1
23.9799,80.8001,2,0,2.86,106.95,345.9,1
26.8382,76.0128,3,1,3.49,74.26,79.1,1
12.9692,75.7343,3,0,3.73,9.91,319.2,1
28.9571,76.9231,4,3,4.74,126.97,6010.3,1
29.0261,70.9658,3,1,3.25,13.01,343.9,1
29.4204,79.1518,5,5,5.38,22.73,272.2,0
28.8957,71.0448,3,0,2.78,30.17,132.5,0
28.869,77.9691,4,1,4.35,10.57,11585.8,0
8.4065,76.0848,2,0,2.66,87.59,1959.0,0
30.5018,80.9091,5,9,5.98,6.39,339.9,1
29.9012,77.9902,5,4,4.98,4.45,285.0,1
22.6648,88.1953,3,2,3.01,23.9,11983.7,0
26.5118,94.2695,5,7,5.95,26.43,514.3,1
28.1889,76.9386,4,1,4.47,105.15,8330.9,1
28.2767,77.9542,4,5,4.89,19.45,18208.4,1
34.0352,76.0914,5,3,6.24,16.14,183.2,1
28.5773,76.7852,4,6,3.17,32.44,10916.0,1
28.1399,70.5738,3,1,3.5,96.55,130.5,1
18.332,79.3689,2,0,3.56,369.48,301.6,1
22.1287,87.6355,3,2,3.3,70.25,3928.3,1
23.8731,87.5567,3,1,3.62,66.84,3785.4,1
30.4136,80.4597,5,6,5.69,9.66,106.2,1
29.2551,71.1052,3,0,3.43,41.92,340.1,0
28.6959,76.8991,4,5,5.6,12.78,10509.0,1
22.3497,78.0652,2,0,3.53,39.64,383.4,0
23.6237,86.8269,3,1,4.23,1.0,5481.2,1
23.318,70.2255,5,4,5.21,25.81,124.7,1
18.0599,74.7861,4,1,4.06,82.32,552.8,1
23.727,70.1512,5,4,4.39,25.13,743.3,1
23.9313,71.9926,5,4,5.19,1.32,235.6,1
25.3842,86.5678,4,2,3.36,7.62,749.6,1
26.9851,86.5824,4,4,4.27,6.1,1419.8,1
23.2337,69.7675,5,1,4.91,11.09,487.8,1
9.5154,79.0658,3,0,3.73,49.58,542.1,1
25.1729,85.8994,4,2,3.3,45.3,630.1,1
23.8976,86.7288,3,3,4.34,1.04,7141.5,1
36.3183,76.8794,5,8,5.65,37.35,139.4,1
11.0834,77.0293,2,0,2.49,18.1,854.8,0
31.0577,77.8187,5,4,5.71,14.41,151.7,1
11.3926,76.0656,2,2,2.45,228.02,899.8,0
29.9228,70.5856,3,1,2.75,14.56,147.0,1
9.2574,76.9815,2,1,2.35,19.48,833.0,1
20.4334,76.1735,2,0,2.27,44.13,144.9,1
9.6438,80.395,3,0,3.29,96.24,302.6,1
27.3909,71.0533,3,1,2.96,52.82,246.0,1
24.2188,71.5317,5,4,5.17,29.3,659.5,1
17.0698,74.334,4,5,3.34,31.15,1046.9,1
23.5154,70.0453,5,7,5.06,7.33,529.8,1
26.1381,95.019,5,8,6.83,7.22,410.1,1
29.0157,76.6322,4,3,4.81,10.84,6496.5,1
35.1529,77.5589,5,8,4.98,55.99,101.9,1
29.4107,77.6296,4,5,4.72,10.11,36386.9,1
15.7299,77.7028,3,0,3.77,67.21,102.5,0
13.0814,78.8284,3,1,3.85,147.74,1212.5,0
24.0159,70.406,5,2,5.16,33.58,330.0,1
25.0243,94.9684,5,4,4.5,33.1,267.2,1
28.5202,77.6433,4,2,4.42,59.16,25184.9,1
23.6702,87.3267,3,5,2.92,87.81,5155.1,0
16.9014,77.5714,2,0,2.62,92.22,507.4,0
30.1441,78.613,5,6,6.28,3.89,219.8,1
14.4674,77.5777,3,2,4.0,132.71,467.7,0
24.3652,75.8791,2,0,2.36,4.16,406.3,0
28.3533,76.5333,4,2,4.39,6.67,17373.0,1
26.1303,91.5766,5,7,5.68,8.53,469.3,1
28.1032,77.4472,4,3,3.98,34.79,11396.1,1
19.8697,73.2905,4,2,3.52,106.49,649.2,0
27.354,76.2398,3,4,3.59,114.23,293.9,1
24.4965,71.8732,5,3,6.02,17.6,322.9,1
22.9191,81.0783,2,0,2.8,189.6,518.9,0
16.5422,72.8729,4,6,3.68,8.49,383.9,0
17.264,73.0998,4,2,4.33,99.0,561.7,1
24.0484,68.969,5,8,5.4,15.76,154.5,1
23.3355,69.0924,5,6,5.87,28.15,1061.0,1
26.1389,93.1613,5,4,6.61,1.0,200.1,1
22.3651,77.6528,2,0,2.44,337.62,352.5,1
13.4015,79.4355,3,2,3.64,134.81,313.7,0
23.3294,70.3264,5,3,6.11,12.09,481.4,1
30.7293,78.0021,4,4,4.62,59.87,138.0,1
14.5956,75.9771,3,3,3.45,10.87,245.8,1
26.7553,94.5232,5,4,4.38,15.34,405.6,1
33.3303,73.9205,5,6,6.34,1.16,270.6,1
23.5713,68.6793,5,1,5.23,11.21,382.6,1
23.8669,68.7571,5,9,4.47,15.51,188.1,1
8.5498,76.9378,2,2,2.01,500.0,346.6,1
23.0464,71.9993,5,6,5.11,8.02,486.8,1
17.6559,82.4302,2,0,2.34,127.85,628.0,0
24.8389,75.6998,2,0,3.26,80.9,338.6,1
11.8663,78.8154,3,0,4.22,259.7,366.0,0
19.6451,72.8632,4,3,3.66,53.1,490.7,1
21.7507,77.644,2,0,3.08,500.0,81.6,0
23.1909,69.4533,5,2,4.98,12.27,323.8,1
32.9014,77.6192,4,5,5.08,47.81,96.6,1
11.4816,76.8232,2,0,2.3,108.58,474.7,1
26.183,96.367,5,7,5.7,2.49,177.4,1
23.9284,87.6449,3,3,3.68,183.98,22269.0,0
22.7751,69.7465,5,6,5.9,123.41,179.2,1
19.2282,81.7671,2,0,2.73,67.88,362.5,0
29.4002,78.9344,5,7,6.48,1.0,167.6,1
11.5895,78.7616,3,1,3.73,5.78,415.9,1
29.3997,70.4064,3,3,4.04,136.92,204.2,0
11.5968,80.4182,3,0,4.24,133.26,982.6,0
23.1622,88.7742,3,1,3.85,81.33,8964.3,1
34.4667,74.3259,5,9,4.71,7.94,128.4,1
23.4416,88.7415,3,2,3.05,101.72,7506.0,1
26.1748,83.8909,4,4,4.54,1.26,1315.0,1
28.8667,76.7795,4,3,3.59,21.15,9645.3,0
21.1781,82.5272,2,0,2.57,64.43,201.3,0
25.3819,85.5702,4,3,3.5,53.0,1378.0,1
28.1588,77.887,4,2,4.99,36.04,13194.0,1
28.8306,77.8361,4,1,4.63,32.63,8625.3,0
17.5358,73.2297,4,5,3.59,24.87,1320.1,0
31.6633,77.6973,4,4,4.23,57.94,156.3,1
31.4537,76.0406,4,5,5.93,24.77,191.6,1
17.9116,82.1337,2,1,1.93,5.73,272.9,1
26.3912,85.2089,4,5,4.12,23.74,1203.9,1
24.387,68.7797,5,6,5.79,2.81,325.7,1
32.334,77.8937,4,6,5.91,71.91,303.5,1
12.4598,77.4071,2,0,2.65,73.23,678.0,1
35.9459,76.3715,5,7,5.47,23.55,116.8,1
24.9422,82.6279,2,1,2.81,90.02,434.0,0
21.5349,81.8182,2,0,2.98,143.27,319.9,1
10.5506,75.3762,2,0,2.17,79.83,423.7,1
25.9188,84.2198,4,3,4.76,81.27,1822.8,1
29.5512,73.1071,3,0,3.68,17.48,246.0,0
22.9455,88.4519,3,2,3.3,9.47,5411.9,0
22.5653,70.1577,5,7,5.63,29.54,284.0,1
30.3836,77.9627,5,7,6.42,16.55,102.2,1
24.5608,81.6763,2,1,2.96,110.26,319.8,0
26.8625,85.2579,4,1,4.26,7.86,654.2,0
28.9269,77.108,4,0,4.16,29.86,1927.2,1
26.5094,83.3541,4,6,3.39,33.18,1953.1,1
18.3302,72.9734,4,2,4.71,107.02,929.3,1
26.0276,89.7096,5,10,5.33,8.87,318.8,1
36.1109,74.4971,5,7,5.79,2.02,347.4,1
10.0637,78.4089,3,2,4.06,1.55,272.2,0
31.9535,76.8661,4,8,5.2,35.03,80.3,1
14.258,77.6691,3,0,2.89,61.51,258.0,1
25.1809,89.8574,5,6,5.57,6.6,235.9,1
34.8709,76.7832,5,4,5.75,17.89,182.9,1
28.3885,77.8111,4,5,3.42,170.12,6625.3,0
28.0009,77.0063,4,3,4.73,11.31,5234.9,1
32.0072,76.5709,4,1,5.28,13.22,197.7,1
21.3931,77.0116,2,0,3.21,195.57,175.2,0
28.1351,75.1288,3,0,3.23,102.2,205.4,0
30.7657,76.3149,4,2,5.8,10.32,80.1,1
26.7998,94.1463,5,10,5.53,7.94,889.8,1
26.0205,76.2042,3,1,3.01,22.44,144.1,1
10.647,76.2756,2,1,2.57,13.92,1100.2,1
29.4292,80.9782,5,13,5.88,4.14,324.2,1
27.1802,69.6107,3,1,3.47,245.66,217.7,0
31.9877,75.7363,4,4,3.22,8.32,217.6,1
18.5572,80.3676,2,1,3.39,56.22,566.8,1
36.2427,77.7899,5,10,4.72,8.32,250.9,1
12.898,80.0849,3,1,3.77,46.1,1315.1,1
22.4762,75.0146,2,0,1.98,48.51,471.0,0
35.9695,74.9253,5,9,5.19,15.24,107.8,1
24.6862,84.4104,4,4,4.32,14.0,1423.9,1
29.3904,77.9372,4,5,4.93,31.63,10247.6,0
17.8456,72.5665,4,1,4.05,11.52,1020.7,1
23.6669,76.9473,2,1,3.23,68.55,343.8,0
13.1455,79.8103,3,3,3.88,54.74,257.7,1
13.3661,76.1922,3,1,3.07,3.73,255.8,1
17.6417,72.8548,4,0,3.96,12.31,1467.7,0
33.8751,73.3764,5,4,5.31,6.81,159.5,1
10.0761,79.115,3,1,4.36,62.25,611.8,1
18.1539,74.3127,4,2,4.82,28.22,183.9,0
22.1254,82.1432,2,1,3.56,480.02,308.7,0
29.7876,78.9066,5,3,5.14,19.84,267.0,1
23.0456,82.4858,2,0,3.35,2.68,206.5,1
23.8756,79.463,2,1,2.96,135.55,276.0,0
15.3397,77.3476,3,0,3.51,108.98,174.7,1
30.7364,77.0055,4,5,4.46,4.63,257.1,1
29.1785,75.5654,3,0,3.49,92.95,127.8,0
9.7769,77.2649,2,0,2.45,40.34,1027.5,0
20.0411,75.2514,2,0,2.99,179.09,194.7,0
31.7865,77.3071,4,5,5.34,26.93,117.8,0
35.4454,74.4741,5,5,4.79,45.12,132.1,1
9.7319,76.8259,2,1,2.48,12.09,321.0,1
35.8063,77.9069,5,6,6.28,21.99,289.3,1
22.8203,70.6688,5,5,7.38,14.92,154.8,1
27.3099,90.2033,5,6,4.85,1.22,278.8,0
9.9838,75.1835,2,0,2.51,254.39,592.0,0
12.9263,79.6622,3,0,3.66,3.34,178.1,0
21.5223,87.2575,3,1,3.55,311.77,6716.2,0
25.2078,86.9671,4,2,3.82,19.94,842.1,1
12.7033,76.8197,3,3,3.94,168.41,266.9,1
28.8715,77.3988,4,3,4.42,123.92,7537.1,1
22.9023,88.0389,3,0,3.2,31.51,4619.0,0
13.8321,78.2669,2,2,2.35,38.81,293.5,0
28.2704,77.6661,4,7,4.81,27.27,13299.9,1
22.6393,88.9797,3,2,4.12,101.05,16713.7,1
22.821,70.1023,5,6,6.21,12.92,537.7,1
19.1631,74.7646,4,3,4.17,3.36,712.8,1
33.2907,77.115,5,7,6.2,4.69,122.6,1
23.7294,88.0348,3,0,4.34,5.34,10868.6,1
27.2204,85.926,4,2,3.14,5.18,595.1,0
30.5893,78.2725,4,1,4.85,22.79,142.8,1
30.1844,79.0192,5,2,4.38,3.52,200.9,1
19.8592,74.0663,4,2,3.67,30.09,712.8,1
24.933,74.3002,3,2,3.48,162.59,176.3,0
8.0805,76.6393,2,1,2.49,154.39,741.2,0
21.9625,87.4457,3,1,3.51,4.94,3345.7,1
26.8423,75.5465,3,3,3.19,45.54,153.2,0
36.9161,76.2367,5,7,5.33,58.72,169.5,1
32.4233,75.8912,4,4,4.15,19.47,127.2,1
19.4476,78.8743,2,1,3.07,133.65,313.2,0
26.2314,88.272,4,3,3.78,67.74,1024.0,1
25.8317,91.219,5,12,5.96,24.23,395.4,1
26.8251,83.3643,4,5,4.43,6.88,1381.6,1
13.0536,74.0118,3,0,3.61,14.47,256.9,1
23.6337,88.0296,3,4,3.34,36.17,11978.8,0
30.6983,79.7643,5,7,4.65,1.0,228.0,1
34.1023,75.2918,5,4,5.43,7.02,235.8,1
23.6759,69.4937,5,2,5.96,4.04,435.3,1
15.1422,79.3362,2,3,3.01,131.89,162.8,0
32.2846,75.8202,4,4,5.71,21.66,103.9,0
34.9409,77.1942,5,5,6.04,1.86,252.1,1
17.5879,81.0307,2,0,2.99,33.13,656.6,0
31.1946,80.3649,5,6,5.49,8.06,240.1,1
27.1627,84.6734,4,3,3.2,49.43,291.0,1
15.2764,74.3578,3,0,3.81,48.62,217.6,0
15.6594,78.6623,2,0,3.46,139.95,157.3,0
15.9388,76.068,3,2,3.3,86.47,204.7,1
25.2746,96.1242,5,11,5.93,32.14,417.4,1
35.0444,73.7193,5,5,5.51,6.93,121.5,1
24.6894,78.5899,2,0,2.69,52.25,443.2,0
18.6995,82.083,2,1,2.49,249.07,624.2,0
25.8002,84.1041,4,3,5.14,56.78,836.2,1
26.8071,89.1606,5,9,5.57,1.0,256.2,1
31.0103,77.115,4,2,5.53,60.04,176.6,1
31.3925,80.6781,5,9,5.5,19.49,271.4,1
19.0731,73.755,4,3,3.41,21.61,425.9,1
24.7255,83.079,4,3,3.85,3.1,1069.9,1
30.2107,80.5594,5,5,5.45,2.97,238.2,1
31.232,80.6071,5,6,5.0,6.6,317.2,1
22.0378,81.3634,2,0,2.53,284.82,395.0,0
22.651,71.4047,5,8,5.61,27.39,207.2,1
12.1052,78.0707,3,6,3.97,70.72,768.3,1
23.432,86.7976,3,4,3.12,4.98,6484.2,1
8.1629,76.8817,2,1,3.16,84.52,2317.8,0
29.2742,76.2517,3,1,3.59,172.44,200.2,1
11.1575,80.1999,3,2,4.26,410.86,897.6,0
8.7177,78.1297,3,1,3.89,191.46,352.6,1
9.4986,79.2991,3,1,3.64,12.81,548.6,0
31.4604,79.153,5,9,5.08,6.1,382.6,1
25.7432,89.3624,5,10,5.49,18.93,672.9,0
29.6006,80.4706,5,2,4.45,18.67,237.4,1
30.7904,78.1559,5,4,5.15,27.16,262.0,1
11.0772,78.3313,3,2,4.12,9.83,418.6,1
36.9817,76.7949,5,6,6.7,2.35,119.7,1
12.2992,77.1633,2,1,2.65,114.22,302.0,0
36.1912,73.1997,5,4,5.78,15.47,118.4,1
22.3189,88.7521,3,1,3.25,8.76,6201.3,0
10.4212,76.1832,2,1,2.15,19.53,1197.1,0
27.3223,93.8494,5,8,4.2,2.34,639.1,1
29.5487,73.881,3,0,3.12,110.34,167.9,1
33.5377,73.4568,5,9,4.23,1.0,199.7,1
22.563,87.8837,3,0,3.38,62.0,3923.9,1
18.254,74.1992,4,3,3.42,115.41,372.5,1
23.3575,87.8234,3,2,3.61,77.47,7262.3,1
26.0141,95.5024,5,12,6.05,10.01,379.1,1
11.1063,76.0247,2,1,2.6,129.54,641.1,1
22.4396,79.0216,2,3,3.26,181.69,377.2,1
24.8797,86.7928,4,2,4.34,5.68,970.1,1
24.9783,85.3592,4,4,3.91,1.43,935.0,1
29.68,76.1601,3,1,3.09,86.69,281.9,0
22.8479,87.2781,3,1,3.88,73.29,5246.0,0
36.4537,73.7069,5,5,5.13,19.24,80.8,1
28.0853,77.1247,4,2,4.09,1.0,9565.2,0
31.6272,77.2965,4,7,4.91,1.9,190.8,1
10.0073,79.1569,3,3,3.63,53.73,344.5,1
13.4943,75.1246,3,1,3.63,14.76,436.9,1
17.9477,79.1487,2,0,2.38,27.33,437.1,1
24.9393,86.1174,4,4,4.48,1.05,1180.4,1
34.2513,73.442,5,8,5.24,35.95,230.0,1
15.6745,81.8711,2,0,3.11,182.6,167.5,0
26.4313,89.6954,5,10,4.7,7.79,290.6,1
20.5386,78.6171,2,0,3.16,301.67,408.7,0
17.4658,77.6441,2,0,2.43,26.59,215.5,0
24.2781,69.7198,5,6,4.42,37.41,703.2,1
36.8874,76.3112,5,6,5.09,12.48,78.8,1
10.1596,76.4358,2,0,2.47,11.6,1101.6,0
25.8725,89.6508,5,12,5.25,5.15,419.3,1
8.8725,78.5798,3,7,3.26,16.42,671.4,1
26.7404,89.5904,5,12,5.32,6.89,404.5,1
31.165,76.5395,4,5,4.82,26.91,63.1,1
23.4324,87.7035,3,0,3.55,89.82,9703.2,0
26.6528,92.9554,5,14,4.83,9.34,486.5,1
15.874,75.0514,3,2,3.5,65.5,453.0,1
11.5208,79.1924,3,1,3.17,44.98,231.3,0
31.7278,77.3066,4,3,4.84,47.34,105.5,1
11.3308,79.5762,3,2,3.13,99.72,527.7,0
22.33,88.9482,3,1,4.5,154.36,12169.3,0
31.7829,77.2747,4,4,5.33,35.04,170.0,1
18.6031,72.8971,4,1,4.15,37.38,985.7,1
27.2166,84.3102,4,3,4.03,59.12,1345.0,1
26.4543,85.7015,4,4,4.25,3.28,2011.4,1
23.7484,78.6534,2,0,2.78,86.65,164.0,0
31.2322,78.131,4,2,5.31,21.43,212.1,1
28.3275,89.3258,5,11,4.96,5.6,420.9,1
8.5808,78.1771,3,1,4.03,22.79,513.8,1
15.2371,79.3619,2,1,2.59,500.0,308.1,0
25.151,84.4536,4,4,4.21,130.37,979.1,0
30.426,80.529,5,9,4.89,22.94,462.6,1
22.046,81.7869,2,1,2.95,191.74,129.0,0
13.5987,74.7561,3,1,3.62,38.68,346.4,1
8.7668,77.1639,2,0,2.92,100.53,1472.1,0
24.2762,69.2893,5,3,5.15,16.04,715.4,1
29.1254,73.9468,3,0,3.26,281.77,279.6,0
35.7251,77.7038,5,8,4.82,64.02,499.2,1
26.0522,86.0221,4,5,3.66,19.47,1176.8,1
21.9078,88.4303,3,0,3.53,34.84,2650.6,1
13.2804,74.5311,3,1,3.75,47.32,210.8,0
24.6534,77.3915,2,0,2.81,11.48,452.1,1
21.6771,88.872,3,2,3.69,40.12,5119.0,1
29.2433,77.8562,4,5,4.47,8.77,7296.6,1
26.758,72.842,3,2,3.03,207.29,140.3,1
25.7849,94.3726,5,10,5.38,4.24,251.5,1
30.1191,80.6023,5,7,4.98,11.39,242.7,1
29.0239,77.7864,4,6,5.06,1.49,16573.7,1
27.2578,74.8472,3,0,3.06,131.2,99.2,1
31.2083,76.7514,4,5,5.02,15.2,74.9,1
13.1696,76.6235,3,6,4.1,111.32,217.5,1
8.0668,76.6526,2,0,3.1,147.2,981.9,0
23.9243,88.9631,3,1,3.5,421.46,8036.0,0
26.025,70.0533,3,0,3.72,16.26,249.2,0
28.6438,77.2613,4,10,3.94,59.03,15704.5,1
27.9236,96.8897,5,7,6.49,11.26,572.6,1
18.4502,77.8658,2,0,2.26,57.69,347.5,0
21.8505,79.8811,2,0,2.47,69.94,162.8,0
15.6416,80.6273,2,0,2.95,77.0,560.7,0
29.4632,77.8789,4,5,3.9,44.83,9279.9,1
32.254,78.2457,4,5,5.79,1.75,180.8,1
28.1963,91.9142,5,6,5.39,17.48,295.5,0
25.6955,96.1642,5,9,6.22,1.09,424.6,1
27.5744,70.7994,3,1,3.0,34.26,190.6,1
22.7686,70.2348,5,6,6.04,11.19,500.2,1
34.6773,73.1232,5,7,6.21,11.23,85.8,1
33.769,77.551,5,4,5.44,18.96,157.7,1
29.3325,77.133,4,3,3.82,72.92,17588.6,1
16.839,83.5302,2,0,2.62,79.51,228.3,0
24.2836,75.7594,2,1,3.43,127.41,355.7,0
18.5054,73.1576,4,3,3.53,19.18,697.8,1
24.0368,70.4559,5,2,4.62,20.47,393.9,1
14.8022,77.0631,2,0,3.08,110.77,467.9,0
12.2425,80.2031,3,4,3.73,30.83,606.4,1
16.7499,79.0556,2,1,3.07,15.89,223.2,1
11.6269,76.7564,2,0,2.15,25.23,1712.1,0
22.4474,88.1798,3,2,3.79,23.7,4468.0,0
25.8068,84.5912,4,2,4.68,3.27,938.8,0
27.2112,88.1089,4,2,4.39,3.33,400.7,1
22.6507,71.7861,5,3,5.87,8.37,370.3,1
9.1151,77.1728,2,0,1.51,380.57,1265.6,0
32.9268,76.6078,4,0,4.64,49.18,69.7,1
14.6708,78.0534,3,2,3.03,50.97,430.9,0
23.6893,86.5742,3,1,2.93,44.37,10205.6,1
35.7799,75.0274,5,8,4.81,1.0,221.1,1
21.9033,81.1617,2,0,2.18,22.73,98.5,1
16.359,74.0557,3,0,3.86,53.09,366.8,0
34.575,74.2874,5,6,5.47,21.12,88.3,1
28.0999,77.5861,4,5,4.4,32.39,14155.8,1
28.6118,70.4599,3,3,3.29,62.43,82.6,1
26.5218,87.5095,4,11,4.63,9.17,1557.2,1
16.8549,82.8329,2,0,2.03,115.38,267.0,1
36.7653,76.2195,5,6,5.17,38.78,164.4,1
18.0693,73.9387,4,2,4.44,40.27,1172.2,0
30.9195,75.6905,4,6,3.95,35.55,167.6,1
20.7052,81.121,2,2,3.02,325.43,412.7,0
25.9132,86.3428,4,6,4.25,79.01,1189.2,1
23.3103,71.9453,5,2,6.51,18.87,303.1,1
33.9664,77.6809,5,6,5.07,13.85,358.9,1
33.6766,74.1644,5,7,5.14,1.0,205.6,1
14.5162,79.8006,2,0,2.28,82.98,633.3,0
20.651,78.4861,2,1,2.06,179.24,516.5,1
17.9427,74.4422,4,3,3.06,2.18,1336.7,1
22.6052,70.5391,5,3,5.3,5.33,221.2,1
22.0573,88.494,3,2,4.11,87.56,14034.8,1
18.1522,83.4439,2,0,2.93,69.58,640.7,1
11.4392,76.1499,2,0,1.86,431.75,1170.7,0
24.3421,71.2405,5,5,5.02,42.68,441.7,1
27.4269,84.7744,4,1,5.26,8.11,622.0,0
31.2351,78.1848,5,10,5.87,3.32,169.8,1
31.3409,80.9054,5,12,5.61,1.0,172.3,0
21.6068,79.9987,2,2,2.65,393.05,249.6,1
26.2692,85.672,4,2,4.88,16.05,623.6,1
17.2652,82.5175,2,0,2.62,28.23,490.4,0
25.7361,85.286,4,1,4.4,24.51,692.0,1
10.7333,80.1046,3,0,3.77,68.82,282.4,0
29.1065,72.7416,3,2,3.63,64.64,136.3,1
17.9825,82.2043,2,1,2.44,54.47,235.7,0
9.656,78.8145,3,2,4.0,113.99,257.3,0
28.8487,77.6139,4,3,4.26,139.74,12975.5,1
29.2194,77.1108,4,2,3.86,124.17,15736.0,0
24.8849,76.3565,2,0,2.92,73.72,281.3,1
8.65,76.3951,2,1,2.5,137.66,1406.3,1
25.2225,91.6293,5,6,4.67,31.61,114.0,0
30.9598,78.3803,5,8,5.51,2.5,103.1,1
19.935,72.9295,4,0,4.24,75.87,317.7,0
27.1415,89.5645,5,5,5.31,6.26,312.1,1
23.8951,86.52,3,0,3.73,41.66,4397.3,0
15.7331,77.7212,3,3,2.99,211.22,125.1,1
9.1757,75.2955,2,0,2.4,88.7,377.7,0
28.1773,77.5694,4,7,5.29,1.27,11282.8,1
13.1554,78.5906,3,2,3.27,5.59,1119.2,1
13.3316,78.8694,3,1,3.56,63.8,593.4,0
29.6323,78.6261,5,7,5.44,59.38,190.6,1
24.9304,87.296,4,4,4.55,1.0,1038.0,1
11.5959,79.9254,3,3,4.02,1.0,535.2,1
11.682,76.3883,2,1,2.28,68.31,697.7,0
16.2427,77.8927,2,0,2.44,94.51,480.1,1
23.6597,68.559,5,5,5.42,5.82,503.0,1
22.9251,76.4077,2,0,3.03,270.06,297.3,0
14.3479,74.0759,3,1,2.7,31.2,468.3,1
31.2887,78.5431,5,9,6.68,59.23,387.9,1
18.7471,82.6915,2,0,2.33,20.78,170.5,1
29.6385,71.3825,3,0,3.45,319.37,106.2,0
9.1624,76.5706,2,0,2.23,113.44,1082.6,0
22.0698,88.5472,3,1,3.71,78.86,12464.4,1
12.4478,77.056,2,0,3.13,3.64,1109.0,1
34.15,75.5031,5,5,6.6,5.7,173.7,1
9.4573,76.3279,2,0,3.06,28.51,919.0,0
29.0352,79.2066,5,7,5.18,3.35,187.5,1
28.9549,77.9271,4,10,3.39,36.83,7030.9,0
25.1953,71.3392,3,2,2.93,23.42,337.1,0
18.8741,80.3958,2,0,2.5,114.49,282.4,0
16.9317,74.1441,4,1,4.39,1.88,533.7,1
16.3804,75.9585,3,0,3.62,216.34,401.5,1
32.9109,77.6153,4,6,4.73,7.1,144.9,1
15.3409,78.0015,3,2,3.57,2.59,497.1,1
18.2296,78.463,2,0,2.37,27.71,400.8,1
30.6001,80.0893,5,8,4.79,1.09,37.0,1
23.069,87.7624,3,2,4.15,8.22,12088.1,0
22.9343,69.3311,5,8,5.61,1.0,156.8,1
19.6877,74.5538,4,2,3.7,13.07,684.2,1
18.5134,72.5344,4,1,4.38,53.22,530.6,1
30.364,80.8995,5,11,5.13,3.8,174.8,1
26.5714,74.562,3,2,3.47,91.16,153.7,0
14.7251,83.0775,2,0,2.12,57.56,195.4,1
31.0468,78.3146,5,11,5.08,18.21,299.1,1
20.6218,80.4612,2,1,2.8,208.07,460.6,0
30.2295,77.6592,5,7,4.73,10.48,45.2,1
30.5083,79.3624,5,7,5.87,9.75,149.0,1
23.3949,88.8076,3,2,3.36,12.25,6556.9,1
17.7196,74.7586,4,3,3.6,3.47,830.7,0
32.5213,77.3414,4,5,4.24,34.58,106.4,1
23.4503,88.8645,3,3,3.24,16.05,4429.4,0
34.3433,75.9817,5,5,5.4,40.31,126.2,1
25.4882,94.1394,5,9,5.47,1.0,538.8,1
15.0517,75.4819,3,2,3.29,40.69,1131.6,1
29.9792,79.5654,5,6,5.21,4.61,493.3,1
19.9742,72.7387,4,2,3.5,7.19,568.3,1
31.3232,77.6077,5,8,5.6,10.09,173.9,1
28.4156,74.0958,3,0,2.78,65.85,362.4,0
26.2789,75.5839,3,1,3.28,46.56,292.1,0
32.3885,77.8219,4,3,4.85,42.7,106.4,1
26.3233,72.0965,3,2,3.81,163.35,664.0,1
23.3788,87.6922,3,1,3.19,154.71,15500.7,1
24.0815,69.721,5,5,5.57,34.68,237.1,1
34.1302,73.6306,5,9,5.91,13.0,136.8,1
12.3272,77.2369,2,1,2.55,196.9,1038.8,0
15.4414,75.0316,3,2,3.52,1.0,830.9,0
24.4775,69.1155,5,7,5.49,36.96,421.8,1
27.2749,95.3953,5,8,5.09,5.35,848.6,1
30.1777,78.178,5,4,5.81,9.09,195.3,1
30.9809,77.3895,4,4,4.9,26.58,104.4,1
23.9768,71.1726,5,6,6.87,1.0,331.3,1
18.4615,74.2075,4,0,3.56,26.48,1150.3,0
34.284,77.162,5,8,5.06,1.35,101.9,1
28.6159,77.8821,4,2,4.61,13.24,10562.1,1
30.0808,78.2271,5,7,5.26,1.21,299.7,1
24.9567,70.214,3,1,3.31,48.57,187.4,0
22.8828,87.2249,3,3,4.17,155.65,5620.1,0
36.8996,76.1532,5,4,7.62,11.25,48.9,1
23.2663,87.0805,3,0,3.02,86.34,7413.7,1
17.618,73.7511,4,2,4.12,28.44,500.8,1
28.2409,77.5691,4,4,4.22,5.96,7345.1,1
22.8691,70.61,5,6,5.83,2.51,387.7,1
29.9678,78.9975,5,5,5.22,7.41,137.1,1
17.7145,73.1737,4,4,4.91,5.37,402.6,1
14.4154,75.9839,3,0,3.81,94.27,282.3,0
34.8414,75.7529,5,6,5.72,1.24,118.6,0
29.6119,72.1519,3,1,3.29,22.65,104.9,1
27.4193,70.497,3,1,2.88,25.04,92.8,1
29.1564,71.4261,3,2,3.21,238.69,171.8,1
35.9542,75.7271,5,7,4.95,17.55,220.4,1
32.3671,77.9789,4,6,4.46,8.44,286.7,1
11.9954,75.9676,2,0,2.61,175.92,568.1,1
28.3468,72.4486,3,2,3.63,268.87,313.8,1
24.5272,87.6178,4,3,4.85,41.64,1306.9,0
20.0274,75.3477,2,1,3.0,65.52,127.6,0
29.4926,77.1742,4,6,3.85,29.61,4762.6,1
23.7141,68.8098,5,3,5.58,26.03,689.5,1
25.8935,87.9081,4,1,4.56,32.42,2051.0,1
25.4447,89.2935,5,9,5.52,2.04,633.6,1
28.7255,77.1236,4,7,5.04,76.72,17431.0,1
31.6431,77.0335,4,2,6.33,2.91,94.0,1
35.3062,74.5519,5,4,5.08,5.92,100.5,1
9.1651,79.4203,3,2,3.97,45.76,322.3,0
16.7672,73.5221,4,1,3.34,14.03,308.0,0
30.7622,76.9227,4,8,3.98,6.04,315.8,1
8.3624,76.8872,2,1,2.51,186.09,2073.0,0
16.677,73.939,4,5,4.46,77.54,239.7,1
14.547,76.9916,3,1,3.34,62.1,556.7,1
35.2308,74.7764,5,5,4.97,26.07,90.2,1
19.9092,73.0107,4,3,4.24,30.66,906.2,1
23.9334,70.2903,5,8,5.33,57.44,605.9,1
26.9718,72.1999,3,1,3.6,134.37,104.9,1
8.7597,75.5979,2,2,3.32,63.39,643.4,1
35.3324,73.4881,5,7,6.66,6.02,48.8,1
12.1366,75.0422,2,1,2.5,173.81,848.8,1
27.4401,71.1178,3,1,3.54,45.32,171.7,0
16.3854,77.2259,2,0,3.1,6.83,400.9,1
19.0426,74.4577,4,0,4.26,47.24,513.9,1
14.1663,82.6447,2,3,2.56,2.04,290.0,0
36.0613,76.1948,5,9,5.12,8.78,105.5,1
22.5026,70.8819,5,10,5.02,20.68,257.2,1
26.7458,85.7905,4,4,4.38,33.94,2302.0,0
22.9232,87.2682,3,1,3.56,32.09,5761.7,1
18.4558,74.2244,4,4,3.37,60.27,665.2,1
20.0445,76.6626,2,0,2.74,137.7,315.2,0
16.1543,77.1952,3,6,2.65,12.19,325.3,0
24.9906,87.7782,4,5,5.44,91.91,398.0,1
13.6937,75.569,3,2,3.48,54.46,449.4,1
17.277,72.8889,4,3,3.72,64.16,648.0,1
19.851,74.5262,4,1,3.42,26.2,642.5,1
31.7517,75.6347,4,4,4.54,32.62,53.4,1
9.7273,78.0084,3,3,3.85,60.61,555.5,1
18.9969,73.0686,4,2,3.75,45.37,397.4,1
12.2597,78.5423,3,2,3.93,153.43,503.3,1
27.6981,76.4998,3,2,2.95,87.0,307.8,1
23.71,69.4129,5,8,5.02,24.11,320.7,1
25.2994,74.0159,3,0,3.57,33.37,162.2,0
17.5073,79.5605,2,0,2.77,500.0,256.8,1
9.4317,77.1659,2,0,2.28,108.53,569.6,0
32.6818,75.7439,4,11,4.44,9.59,158.6,1
27.0377,85.3001,4,1,4.72,32.7,347.9,0
9.3902,76.1627,2,1,2.24,132.62,333.0,0
28.1622,76.9912,4,3,3.53,1.5,19964.0,1
28.6772,77.3606,4,4,4.49,51.4,14830.6,1
8.3379,76.5711,2,1,3.08,110.83,1758.5,0
31.3975,76.1255,4,6,4.03,21.4,167.6,1
17.6656,74.8946,4,3,4.08,13.56,537.3,1
14.7765,83.5473,2,0,2.37,104.88,614.5,1
32.9583,78.4021,4,5,4.33,21.23,111.3,1
9.4268,75.6413,2,2,2.61,225.35,1660.1,1
12.4278,79.6571,3,1,3.59,1.0,673.9,0
23.2063,68.5934,5,2,5.17,4.2,379.4,1
28.4391,76.3613,3,1,3.36,102.69,260.9,1
30.7476,79.3542,5,10,5.17,13.96,222.6,1
29.7593,79.5671,5,7,4.73,42.93,245.3,1
8.944,79.8874,3,1,3.09,1.0,354.7,0
26.0234,85.4743,4,3,3.53,95.14,1480.7,1
23.3652,87.9186,3,2,4.2,39.01,16718.3,0
26.0661,89.8062,5,9,5.38,6.94,132.5,1
34.1273,73.2438,5,6,5.59,6.07,57.7,1
29.7531,80.1749,5,5,5.08,19.49,263.1,1
20.9894,76.7436,2,0,3.49,57.34,274.8,0
23.8849,70.3522,5,6,6.29,10.45,154.8,1
22.6538,69.8153,5,4,5.71,6.29,214.8,1
17.0853,74.7617,4,3,4.67,5.22,864.4,1
25.3419,89.1458,5,7,5.08,1.0,694.7,1
29.1012,77.7626,5,6,5.07,6.04,371.3,1
13.4963,79.2425,3,0,3.39,32.14,256.3,1
30.7003,79.9507,5,8,5.45,2.11,200.5,1
25.0676,72.702,3,3,3.2,54.76,206.6,1
23.0042,81.4302,2,0,2.51,51.25,280.8,1
28.5306,76.6877,4,4,4.06,6.53,9190.9,1
8.9873,79.738,3,1,3.98,16.06,832.8,0
28.2831,77.25,4,3,4.28,39.84,7221.2,0
26.5405,94.4641,5,11,5.92,9.19,401.2,1
28.7906,77.319,4,2,5.37,47.6,8543.9,1
28.4597,74.7454,3,3,3.7,50.23,148.7,1
27.0681,95.5104,5,10,6.63,5.32,429.4,1
28.0879,76.7658,4,4,4.06,79.65,7132.1,1
12.2782,75.084,3,2,4.21,6.58,391.9,1
21.8632,87.0237,3,1,3.47,95.1,5427.2,1
18.3675,83.1771,2,1,2.54,162.38,153.6,0
21.3234,77.0437,2,1,2.76,449.72,688.3,0
16.4194,74.3903,3,1,3.01,156.61,509.4,0
13.5682,79.9488,2,0,2.46,121.86,180.2,0
22.0223,76.5334,2,0,3.01,230.93,176.6,0
29.3352,76.6855,4,6,5.66,65.41,16351.9,1
23.9721,69.1884,5,4,5.91,24.15,286.4,1
29.1015,77.9879,4,5,4.63,6.95,6610.9,1
27.3969,86.9089,4,2,4.15,98.39,993.5,1
34.4139,74.2181,5,3,5.01,5.16,137.1,1
21.4128,81.4787,2,2,2.36,156.67,457.8,0
10.4911,79.4935,3,2,3.9,34.34,822.3,1
31.8258,77.8423,4,2,5.19,68.47,113.5,1
30.2972,80.2871,5,9,4.19,3.43,106.0,1
26.7588,70.6633,3,2,2.74,25.12,164.4,1
30.3169,79.7624,5,7,5.04,8.63,302.3,1
27.5488,90.505,5,8,5.26,1.0,277.9,1
27.562,95.8437,5,7,6.5,3.23,229.2,1
32.2283,76.9731,4,4,4.76,10.03,349.9,1
11.5956,78.919,3,2,3.39,89.88,1226.7,1
31.2407,77.9287,4,4,4.78,2.99,87.7,1
31.117,79.3384,5,8,4.73,19.11,234.0,0
12.1574,77.2911,3,3,3.48,102.28,479.4,1
19.102,73.9607,4,1,4.14,21.28,723.8,1
22.8621,88.9333,3,1,2.76,93.49,15744.2,1
28.5128,76.5407,4,6,5.34,65.12,9765.3,0
27.1038,86.523,4,4,4.22,41.28,1243.8,0
26.6983,84.5764,4,3,4.49,54.94,2115.9,1
24.2513,69.2676,5,4,5.03,45.7,419.4,1
15.1688,83.3241,2,0,2.14,315.39,364.6,0
28.0066,77.8241,4,3,4.69,4.83,9867.8,1
13.8375,76.1969,3,4,3.42,23.94,163.8,0
29.0329,76.1211,3,2,3.79,278.16,221.0,1
8.2348,76.5352,2,0,2.7,125.53,1146.7,0
28.1319,90.4195,5,14,5.32,3.51,202.8,1
27.4077,85.5205,4,1,3.86,58.28,1577.2,1
25.1046,86.0838,4,4,4.72,7.5,707.2,1
32.2975,76.7134,4,5,4.63,11.9,99.8,1
17.9403,74.7593,4,2,3.99,19.15,386.3,1
15.1701,76.587,3,1,3.97,69.28,386.9,0
23.6455,80.9684,2,1,2.9,146.0,249.8,0
21.4246,79.0803,2,0,3.17,21.91,378.8,0
31.4535,78.505,5,5,5.77,18.7,264.8,1
14.825,77.4011,2,0,2.7,77.1,299.5,0
12.3531,78.2596,3,3,3.8,121.02,328.6,1
22.0924,87.1433,3,3,2.88,12.71,5749.3,1
28.9676,77.0427,4,0,3.77,15.32,7377.0,0
23.9202,87.0679,3,0,4.08,118.36,8475.4,1
18.3122,80.7157,2,0,2.25,193.23,143.6,0
30.1858,79.3502,5,2,5.32,1.2,277.6,1
28.1483,70.2125,3,1,3.67,6.67,272.3,0
28.5399,76.7881,4,1,5.91,44.3,13827.8,1
28.2417,77.6622,4,7,5.02,9.9,9632.3,1
31.463,80.5173,5,2,5.16,1.54,307.4,1
18.3457,72.6585,4,1,2.65,43.28,661.6,0
10.5328,76.6098,2,0,2.5,8.04,1413.5,0
30.7303,76.3422,4,6,5.48,12.1,96.0,1
27.4337,85.6183,4,2,3.86,60.26,936.8,1
23.1146,70.0589,5,7,6.83,1.0,449.2,1
25.072,92.188,5,7,5.41,1.0,199.2,1
23.6259,88.7458,3,1,3.83,51.76,5552.9,1
23.1649,71.6174,5,6,5.44,40.63,1047.7,1
22.5308,87.8332,3,1,4.09,47.44,8430.1,1
28.7522,77.6032,4,5,5.76,36.33,25025.7,1
29.0802,78.9639,5,7,5.64,7.04,311.9,1
23.1214,76.7289,2,0,3.17,285.6,212.4,0
25.8415,75.2712,3,0,3.07,429.18,202.8,0
28.7701,76.4643,3,3,3.54,300.19,300.0,1
32.6629,75.8332,4,5,5.17,28.77,61.4,1
24.2118,82.568,2,1,1.88,146.54,239.6,1
18.9996,82.1129,2,0,2.11,291.69,697.4,0
32.0412,77.5129,4,5,3.54,8.93,93.6,1
10.0016,79.7262,3,3,3.69,7.45,781.4,1
29.535,80.6534,5,1,4.94,6.07,204.0,0
21.5994,87.8538,3,3,3.12,122.98,11513.7,0
27.3029,74.3819,3,3,3.25,24.65,257.0,1
33.0294,77.8722,5,6,5.35,2.57,179.2,1
18.8238,73.4553,4,1,4.63,43.11,742.6,1
16.7546,83.2553,2,0,2.9,30.33,522.2,0
15.8541,77.3855,3,3,3.31,93.32,137.4,1
29.78,79.1726,5,5,4.75,6.22,344.8,1
36.4314,73.6263,5,7,5.7,28.61,159.8,1
27.8791,92.7003,5,7,5.61,5.83,287.7,1
18.8508,83.2258,2,1,2.86,90.91,290.8,0
25.1291,93.1848,5,8,5.69,3.68,164.3,1
11.5786,75.6941,2,1,2.43,54.09,1080.7,0
32.1111,78.2617,4,7,5.19,17.1,125.3,1
21.8426,78.8426,2,1,3.52,106.5,120.9,1
23.8477,70.1391,5,3,5.71,18.82,329.4,1
23.526,88.1524,3,4,3.62,14.65,6414.6,1
32.7796,77.4929,4,5,4.43,80.0,67.4,1
16.8325,73.4657,4,1,3.71,136.05,857.7,1
11.8929,76.7977,2,0,2.1,429.3,751.5,0
36.541,73.6664,5,9,6.58,17.82,511.2,1
28.9333,73.4941,3,1,3.65,74.55,288.2,0
8.229,76.0522,2,1,2.34,57.7,461.7,1
14.2479,75.3689,3,0,3.27,36.6,628.6,1
27.5927,89.3269,5,7,5.47,5.84,189.9,1
17.817,72.9106,4,2,4.16,115.67,379.3,1
23.8689,68.5208,5,7,5.59,3.94,363.9,1
26.6743,84.4179,4,4,4.3,8.43,939.7,1
23.2074,88.4255,3,2,2.82,4.88,10391.5,1
27.8354,92.6862,5,9,5.41,16.08,691.0,1
30.1081,80.6789,5,4,5.39,2.51,241.6,0
29.3804,79.7182,5,6,5.6,13.81,88.8,1
25.0541,92.9369,5,8,5.69,7.26,174.8,1
25.6065,93.2969,5,8,5.33,10.37,256.2,1
36.8482,76.6761,5,5,5.53,19.36,300.4,1
31.3495,76.0249,4,4,5.43,20.05,88.7,1
30.4515,79.566,5,9,4.63,8.04,149.0,1
25.7391,72.4161,3,1,3.96,132.52,52.7,1
29.4035,80.4416,5,8,5.35,4.05,195.8,1
8.1552,76.6401,2,0,3.08,74.39,1413.3,1
24.8752,83.5247,4,3,4.0,21.89,1020.9,0
11.4222,75.8801,2,0,2.44,97.14,988.4,0
21.7698,87.4206,3,2,3.39,5.39,15464.6,1
23.0314,70.7461,5,4,6.3,37.23,216.3,1
22.818,79.5019,2,0,2.82,150.68,171.7,0
25.512,86.6389,4,4,4.3,31.18,666.0,0
31.2341,78.7776,5,5,4.39,1.0,86.9,1
26.0306,94.0672,5,2,6.01,30.06,399.5,1
17.5506,72.556,4,2,4.87,4.07,547.0,1
34.0434,73.9415,5,6,5.05,20.9,97.5,1
9.0289,78.6925,3,0,3.58,180.71,1384.5,1
29.0174,79.5242,5,5,6.06,1.0,187.1,0
26.5364,89.9581,5,16,6.43,8.16,267.5,1
29.3063,75.032,3,0,3.21,152.72,380.8,1
12.2091,75.1639,3,3,3.89,60.37,355.1,1
22.5501,69.9005,5,8,6.84,13.51,348.1,1
28.6439,77.6128,4,2,3.3,39.22,17210.0,1
18.1291,81.8558,2,0,2.8,424.77,484.5,0
25.6419,94.0069,5,5,5.67,13.25,1501.1,1
11.4773,79.2062,3,1,3.76,36.95,774.9,0
15.5628,75.3344,3,0,3.49,19.69,407.6,0
21.7195,88.401,3,2,3.77,47.22,6233.9,1
29.5037,80.8359,5,5,5.47,64.9,168.2,1
9.7231,80.1879,3,2,3.52,28.36,420.3,0
28.1262,76.8743,4,6,3.7,11.01,10316.3,1
21.5628,88.7543,3,2,3.33,14.96,3852.8,1
18.0072,74.3249,4,3,2.9,6.36,885.6,1
22.6706,88.8662,3,1,3.3,50.08,5340.2,1
27.3948,89.7555,5,12,6.1,1.0,432.7,1
34.218,73.8168,5,5,5.92,1.57,147.1,1
24.3886,80.9387,2,0,2.44,253.97,229.8,0
28.2364,92.0117,5,9,5.89,6.01,601.8,1
11.7523,79.9319,3,0,3.8,46.24,560.3,0
13.8563,75.4808,3,2,3.21,28.86,631.8,1
23.1159,69.3661,5,5,5.61,9.3,584.3,1
14.8098,76.6346,3,3,3.8,78.51,239.2,0
9.7302,77.2301,2,0,2.4,107.0,1426.9,0
24.4828,68.917,5,7,6.01,14.44,465.4,0
32.8432,77.6753,4,3,4.51,9.11,128.9,1
17.0981,74.7615,4,0,4.16,49.38,624.0,1
24.6375,73.4924,3,0,2.83,6.89,70.7,0
10.396,78.5267,3,1,4.51,72.15,1040.5,1
23.0096,70.9462,5,3,6.18,38.44,313.0,1
21.5303,75.6289,2,1,3.09,13.45,597.9,0
20.7929,75.0774,2,1,2.99,172.35,160.2,0
33.955,77.5478,5,5,5.65,7.79,115.1,1
15.1304,82.0391,2,0,3.37,282.91,169.5,0
29.0564,76.7409,4,2,4.5,16.85,5535.7,1
33.1536,77.1092,5,8,5.52,2.69,141.4,1
10.5784,79.0675,3,1,4.32,10.59,499.1,1
29.2966,80.8358,5,8,6.13,25.1,255.1,1
18.9743,73.6764,4,6,3.54,4.77,319.1,1
19.1972,83.2397,2,2,2.36,84.55,340.4,0
18.7473,82.2239,2,1,2.48,65.27,340.7,0
18.6881,74.9328,4,4,3.45,51.43,517.4,0
20.4588,77.729,2,1,2.66,123.85,646.8,0
30.1916,78.7266,5,9,5.05,34.63,111.0,1
30.7576,79.0958,5,6,5.31,10.22,240.7,1
28.1944,77.5957,4,3,5.21,4.5,13068.0,1
14.9342,78.6329,2,0,3.37,109.49,343.1,0
15.1765,75.5158,3,1,3.42,195.37,236.3,0
26.8158,89.0972,5,10,6.54,8.81,381.4,1
23.8157,87.5051,3,2,3.69,8.93,8544.8,1
35.0237,73.8186,5,8,6.03,2.78,217.2,1
35.2617,73.9088,5,4,4.84,10.57,214.9,1
36.5374,77.9884,5,10,6.1,10.83,119.8,1
8.0322,76.8214,2,1,2.47,62.47,928.6,0
16.827,78.4599,2,0,2.0,264.5,607.5,0
25.9158,72.2389,3,1,3.53,54.35,58.0,0
25.4607,83.1224,4,6,3.41,8.41,658.5,1
35.6454,73.3264,5,9,5.25,13.51,206.1,1
29.0835,80.8447,5,5,6.39,1.88,320.7,1
23.6061,71.1136,5,0,6.27,2.37,167.3,1
27.8844,74.752,3,2,3.38,8.89,399.1,1
21.5198,86.9682,3,0,4.24,22.79,5504.9,1
26.091,89.9453,5,11,5.22,7.45,107.5,1
28.6158,77.3559,4,3,4.73,2.26,9924.5,1
16.6503,77.9671,2,0,2.44,43.27,529.2,0
21.8734,86.9753,3,4,4.35,60.74,5675.6,1
28.2367,69.8434,3,0,2.49,72.18,72.1,0
15.3179,81.2178,2,0,2.3,38.6,423.6,0
24.2821,71.7613,5,7,6.35,15.87,306.6,1
18.6868,72.5899,4,2,4.0,328.91,385.9,1
21.7412,88.7942,3,2,4.11,72.46,5723.0,0
23.9597,70.8573,5,6,5.56,1.0,352.4,1
21.1302,79.2609,2,1,2.69,120.78,113.6,0
9.9328,79.1737,3,1,3.74,53.43,424.0,0
18.2321,73.0207,4,2,3.03,26.3,645.3,0
28.4322,77.9959,4,2,4.61,10.51,17622.7,1
25.2032,87.0575,4,6,4.55,19.23,2431.3,1
18.7493,78.2856,2,1,2.26,188.85,308.6,0
23.2625,80.5398,2,0,2.77,500.0,216.7,0
25.5607,87.3627,4,3,3.87,32.74,3010.1,1
36.2666,75.3199,5,8,4.91,1.0,112.0,1
25.8304,95.1785,5,4,5.09,7.77,439.3,1
21.844,88.262,3,2,3.99,66.14,13670.1,0
29.4734,77.855,4,3,5.01,2.55,26685.4,0
28.3947,93.9268,5,9,5.8,1.4,301.4,1
28.9275,77.7782,4,4,5.35,67.92,17103.7,1
22.8072,86.5866,3,5,4.24,8.57,15136.1,1
27.3345,71.3073,3,0,3.55,31.83,83.8,0
8.4776,75.2226,2,0,3.13,61.45,1495.9,0
9.3707,79.3523,3,1,3.84,150.11,365.3,0
15.6839,77.9438,3,3,3.7,1.0,283.9,1
12.5555,80.0022,3,2,3.87,29.14,352.5,0
14.9505,83.0775,2,0,3.06,124.46,296.0,0
32.9841,77.2456,4,5,4.18,7.8,70.2,1
17.3623,73.1193,4,1,4.36,10.05,938.7,0
14.5854,77.3471,3,0,2.92,316.87,638.3,1
27.2274,94.6078,5,10,6.32,8.74,1015.2,1
23.1767,88.0951,3,3,3.55,7.01,3388.0,1
28.2554,77.7591,4,2,4.96,54.24,24065.6,1
25.0581,90.3009,5,4,5.63,2.89,739.8,1
27.6444,96.8931,5,13,5.74,11.46,183.1,1
23.3534,79.2972,2,1,2.61,233.34,332.4,0
23.3371,87.5731,3,2,3.59,11.91,8675.6,1
17.3269,82.1245,2,0,2.58,34.54,255.1,1
21.4506,75.4718,2,1,3.15,8.85,266.6,0
23.7038,81.957,2,2,2.22,7.64,307.4,1
27.6619,69.7408,3,0,3.49,1.0,194.0,0
21.3503,80.3672,2,0,3.7,140.87,205.1,0
11.8684,77.461,2,0,2.45,54.06,905.4,0
26.3604,91.7264,5,8,5.77,1.0,544.0,1
22.7482,70.0193,5,7,5.82,38.13,377.1,1
11.0875,77.2811,2,1,2.87,110.83,911.0,0
23.7974,70.4693,5,7,5.92,19.97,110.9,1
24.9946,76.3631,2,1,2.85,155.66,334.4,0
13.4296,77.9254,3,2,3.08,26.55,271.3,0
31.7298,77.6192,4,4,4.55,1.0,87.1,1
28.8323,77.0699,4,1,5.21,3.57,13663.4,0
22.5014,87.9487,3,1,3.09,34.63,13918.9,0
26.7131,91.2477,5,9,5.83,6.28,415.4,0
32.5291,76.7509,4,5,4.41,7.54,91.7,1
33.5713,74.0294,5,1,4.82,12.95,199.9,1
20.5646,82.5187,2,1,3.16,305.22,168.2,0
24.0105,78.6754,2,1,2.99,12.66,445.2,0
23.9001,88.5365,3,7,3.75,267.85,8676.2,0
24.3446,77.257,2,1,2.77,1.78,267.4,0
21.8193,87.0883,3,4,3.45,1.74,6411.7,1
8.5853,79.2626,3,0,4.01,106.36,448.7,0
24.8827,88.1401,4,5,4.34,57.1,1016.2,1
23.1377,88.3878,3,2,3.76,7.35,21308.4,1
15.8448,80.3848,2,1,1.5,128.99,619.8,0
30.6348,80.8518,5,7,5.96,9.78,212.8,1
22.5219,88.8199,3,2,3.96,19.19,6208.9,1
26.4612,88.1445,4,4,3.64,56.39,1445.7,0
23.7345,77.4986,2,0,2.7,197.08,179.9,0
23.4349,86.7819,3,1,3.99,3.54,6550.5,0
9.2551,76.569,2,0,2.73,14.18,1566.8,0
35.0078,76.2509,5,7,6.36,3.87,213.7,1
29.862,79.6221,5,2,5.41,6.63,266.4,1
13.8707,75.8898,3,1,3.42,92.83,400.3,1
14.9443,76.6701,3,0,3.55,21.79,136.6,1
24.6629,71.2969,3,0,2.38,133.22,256.9,0
26.4964,95.0921,5,7,6.55,5.87,275.0,1
24.0375,71.2496,5,8,6.19,7.96,750.8,1
12.2654,75.3118,2,0,1.96,99.47,711.7,0
15.6891,75.8425,3,2,3.16,94.36,435.7,1
15.2055,75.1691,3,3,3.02,3.33,391.9,0
27.8603,93.753,5,7,6.01,21.48,610.5,1
23.5915,80.0503,2,1,2.61,481.99,401.0,1
14.9018,75.4669,3,0,3.98,34.32,116.3,0
23.5361,86.5239,3,3,3.55,46.88,9629.8,1
31.7475,75.7297,4,4,4.33,1.0,115.9,1
23.3823,71.4681,5,8,4.91,4.53,243.0,1
25.1802,92.6363,5,6,5.78,16.6,311.3,1
27.0735,92.666,5,11,6.25,1.92,729.2,1
24.9345,80.4954,2,0,3.22,245.62,377.3,0
22.1571,82.5154,2,0,3.26,326.42,293.5,0
22.1216,88.037,3,0,3.36,55.47,11342.2,0
29.1666,78.405,5,5,4.84,20.01,274.8,1
16.3091,76.9171,3,3,3.67,1.02,311.1,0
24.7484,72.5137,3,1,3.71,39.24,375.8,0
28.8133,77.242,4,5,4.81,12.08,17576.5,1
26.4468,86.1929,4,6,4.03,47.03,1435.5,1
18.4313,77.9564,2,1,3.14,161.11,150.4,1
26.7876,93.667,5,10,5.6,1.14,171.6,0
28.5312,77.2709,4,4,3.76,43.7,3618.6,1
23.405,88.0931,3,2,3.39,30.84,6198.6,1
8.9982,75.7434,2,0,2.93,4.34,865.5,0
30.5856,77.6874,5,4,5.21,5.29,226.4,1
29.0247,73.9833,3,1,2.96,5.5,453.8,1
10.7093,80.4172,3,1,4.5,42.11,388.3,1
15.5491,74.1286,3,3,4.35,46.76,256.7,1
10.9143,76.3926,2,1,2.2,377.92,910.9,0
26.4604,88.366,4,2,4.83,100.98,610.7,1
16.2189,75.4905,3,4,4.23,390.57,274.1,0
33.7372,77.2186,5,7,5.99,21.09,189.8,1
12.6801,76.0372,3,1,2.88,75.64,286.3,1
32.1141,75.7218,4,6,4.77,9.5,212.4,1
27.4804,86.2236,4,1,2.92,95.53,1137.0,1
32.127,76.1987,4,5,5.39,85.87,100.0,1
34.3913,76.2614,5,10,4.73,12.05,53.8,1
25.6528,93.2888,5,12,6.06,14.12,494.3,1
30.9074,77.9972,5,8,5.99,3.22,344.0,1
21.3157,78.0181,2,0,2.47,78.4,551.0,0
22.7176,86.7903,3,1,3.98,64.32,6052.1,0
32.4796,75.5531,4,4,4.49,1.3,56.5,1
24.6995,80.025,2,0,2.46,14.21,134.2,0
27.681,69.7671,3,1,3.1,245.5,276.7,0
28.4445,77.4164,4,3,5.7,34.34,10778.2,1
34.7789,75.1888,5,12,5.77,9.27,101.8,1
28.7701,77.3056,4,1,5.28,12.08,7672.2,1
9.6326,78.0437,3,3,3.1,61.31,494.9,1
12.4872,79.6385,3,0,3.18,24.48,246.0,1
25.372,84.4337,4,2,4.2,17.16,861.8,1
8.6514,79.8907,3,0,4.42,92.75,529.9,0
8.1507,76.238,2,1,2.63,121.31,1370.7,0
14.4319,74.693,3,1,3.18,23.17,312.9,1
25.4271,89.5695,5,7,6.22,4.17,488.2,1
28.5252,76.8092,4,3,4.98,45.7,16757.5,0
32.5212,76.5508,4,4,5.16,14.5,271.3,1
31.6838,75.8024,4,3,4.57,20.22,109.8,1
12.2267,78.292,3,0,4.39,25.77,726.1,1
13.632,74.7875,3,1,3.48,55.42,234.3,0
27.474,96.2431,5,9,4.78,15.13,657.5,1
25.1459,71.1214,3,0,3.28,51.47,188.4,0
14.1455,81.7055,2,0,2.39,26.57,523.4,0
19.8444,72.6601,4,4,4.82,35.57,379.0,1
12.1836,79.1359,3,1,3.83,23.56,467.6,0
30.5583,77.4962,4,5,3.92,5.04,145.1,1
36.7597,77.1063,5,11,5.81,19.99,209.0,1
21.0404,82.7664,2,0,2.71,36.63,703.6,0
32.7663,77.7959,4,8,4.87,96.48,98.6,1
18.763,74.4619,4,3,4.75,54.98,444.7,1
10.2905,80.3014,3,1,3.55,180.71,819.5,1
23.3654,70.131,5,6,5.08,1.0,230.0,1
26.6802,84.8793,4,3,4.84,2.69,807.2,1
14.7134,77.9332,2,0,2.28,48.88,178.0,0
23.8118,88.8296,3,2,3.53,64.45,3250.0,0
23.6226,69.1391,5,4,5.98,33.18,313.8,0
25.9827,93.1119,5,6,5.58,28.28,184.0,1
19.1851,73.5691,4,1,3.65,76.03,1333.8,1
36.9098,73.7838,5,4,4.6,7.59,362.5,1
19.9481,72.7748,4,1,4.64,3.27,481.3,1
9.3769,79.5389,3,0,3.69,8.67,1202.6,1
11.1631,78.3677,3,3,3.96,25.64,585.1,1
12.1043,74.5687,3,0,3.96,66.7,205.4,1
29.8316,80.746,5,6,4.98,6.35,192.3,1
13.6781,82.015,2,3,2.09,277.89,417.7,1
15.22,79.06,2,1,2.74,91.49,250.8,0
31.1738,77.8568,4,4,5.22,28.48,96.3,1
15.0275,76.4686,3,2,3.52,319.38,434.8,1
9.5703,80.1509,3,6,3.82,27.32,533.4,1
15.0208,74.416,3,1,3.85,73.4,165.8,0
35.8639,73.8739,5,3,5.48,41.65,167.2,1
23.5051,69.5429,5,4,6.46,3.2,155.4,1
28.4509,76.7624,4,6,4.19,5.78,8035.4,1
18.7465,83.1437,2,1,2.74,1.0,481.8,0
8.1181,76.2497,2,0,2.27,412.88,385.6,0
28.8002,70.7246,3,0,3.43,185.95,102.0,1
27.0922,85.1795,4,2,4.33,10.55,1019.2,0
15.0337,76.5085,3,1,2.73,264.03,539.7,1
14.8406,81.3712,2,3,3.13,54.82,257.9,1
12.235,80.2765,3,3,3.58,33.48,380.3,1
29.9697,79.671,5,5,5.01,18.76,166.9,1
11.6143,75.5208,2,2,2.61,23.59,865.8,0
23.5131,70.4024,5,10,5.17,12.07,216.8,1
29.828,78.9331,5,7,5.97,17.23,148.9,1
14.9614,79.6861,2,3,1.66,43.76,326.6,1
31.9088,78.2275,4,5,4.82,2.97,97.3,1
29.3474,77.6788,4,3,4.3,90.81,10924.3,1
12.4446,75.2826,2,0,1.85,46.86,930.9,1
11.4316,79.766,3,0,3.75,44.73,366.9,1
9.5167,75.0021,2,1,1.95,65.95,973.0,0
31.176,79.9696,5,3,5.1,3.09,62.0,1
17.0454,83.7039,2,0,2.9,1.75,231.8,0
11.5304,79.6214,3,1,4.09,3.69,1630.5,1
29.0206,78.8193,5,2,5.29,1.92,384.6,1
22.2707,88.7188,3,3,4.05,27.18,8090.6,1
25.9357,83.4739,4,2,4.85,3.42,1312.2,1
10.3893,75.2135,2,0,3.48,13.03,901.4,1
12.8192,77.0499,3,2,2.87,19.69,263.7,1
26.689,69.6909,3,1,2.86,94.41,326.3,0
35.9326,73.7212,5,5,5.17,3.57,94.5,1
27.1815,92.5876,5,5,5.5,7.77,1154.9,1
18.4459,78.2462,2,0,2.76,173.41,794.7,0
24.0467,68.5019,5,8,4.8,22.02,802.4,1
10.9397,76.685,2,0,2.58,141.04,1544.4,0
29.0464,79.5389,5,6,5.25,25.38,302.2,1
22.583,86.6686,3,6,4.15,115.24,3759.8,1
29.5536,75.677,3,1,3.35,15.44,698.2,1
13.7674,79.6807,2,0,2.5,140.54,271.8,0
9.0565,78.87,3,2,3.76,132.18,1383.0,1
32.9178,77.7495,4,6,4.37,6.39,94.5,1
23.5895,78.0719,2,1,2.91,500.0,232.5,0
31.2594,77.9566,5,3,5.85,13.0,182.2,1
25.8671,90.8978,5,9,6.34,45.57,766.4,1
30.608,75.5007,4,4,5.99,8.4,130.0,1
26.6651,87.5488,4,3,4.65,16.35,853.4,0
30.8127,79.2846,5,10,5.57,7.7,187.7,1
31.4302,80.6776,5,1,6.22,22.27,104.0,1
10.3907,77.3283,2,2,2.27,216.02,1944.4,1
31.1868,79.8762,5,8,5.49,2.54,164.5,1
17.1713,73.8926,4,3,3.52,41.05,1455.8,0
25.3972,89.2109,5,8,5.62,60.97,589.4,1
25.316,96.7952,5,9,4.49,4.02,331.2,1
29.3973,77.0095,4,2,5.08,21.68,9055.8,0
33.3868,77.1025,5,6,5.8,19.12,154.4,1
16.5755,74.1948,4,2,4.84,5.86,292.9,1
21.6935,77.2215,2,2,2.64,52.2,655.0,0
15.9976,82.7027,2,1,3.15,35.86,717.0,1
24.0217,71.1331,5,8,5.14,10.67,168.0,1
10.9311,78.4696,3,1,4.58,124.11,1952.3,0
23.2145,68.598,5,5,6.72,10.44,448.5,1
11.0207,77.1698,2,1,1.9,38.8,346.5,0
23.2217,77.2013,2,1,2.73,460.56,441.8,0
21.6454,87.7605,3,4,4.01,27.03,7609.8,0
22.7366,69.4504,5,4,6.07,33.17,495.9,1
24.1733,77.3005,2,1,3.2,92.68,267.7,0
9.6375,75.4867,2,0,2.22,500.0,402.2,0
26.7116,74.5673,3,1,3.33,61.83,119.4,1
11.0123,75.4602,2,1,1.79,153.62,1797.8,0
21.7702,76.8701,2,0,2.82,131.55,109.2,0
9.3593,78.9134,3,3,3.59,4.89,476.4,0
11.741,79.3989,3,2,2.62,6.66,994.0,1
10.7554,77.0854,2,0,2.64,118.73,513.7,0
13.1475,78.8665,3,5,3.79,22.72,552.8,1
27.141,96.8921,5,9,5.56,2.82,403.3,1
25.385,86.2388,4,6,4.13,11.22,1486.7,1
19.3647,74.9944,4,2,3.5,91.53,626.6,1
30.7561,75.5799,4,5,6.49,26.5,135.1,1
31.1114,77.4705,4,5,5.2,33.69,169.3,1
24.8196,84.3927,4,1,4.12,37.11,377.4,1
16.0569,82.4442,2,2,2.64,1.21,314.9,0
25.0887,93.7487,5,9,5.63,1.0,361.4,1
29.6572,78.4333,5,7,4.72,17.28,259.6,0
9.0007,79.0346,3,2,4.39,109.0,1220.9,1
18.8911,80.135,2,0,2.71,68.5,445.8,0
22.1528,86.9764,3,3,3.28,14.36,15393.8,0
24.1075,70.2262,5,3,4.83,11.18,494.6,0
9.7993,76.1602,2,0,2.95,24.49,1834.8,0
21.7808,87.3118,3,0,2.99,57.1,10307.3,0
15.2563,79.9946,2,0,2.78,89.85,275.1,0
32.3156,77.8926,4,2,4.92,38.33,84.7,1
22.5697,87.1242,3,2,3.9,103.75,6679.9,1
32.2625,75.9571,4,5,4.44,7.73,108.0,1
25.7874,86.1569,4,3,4.07,12.35,595.4,1
28.6449,77.0934,4,6,4.57,3.06,4743.1,1
30.1928,80.6263,5,11,5.01,7.17,86.7,1
30.1054,80.2482,5,4,5.99,1.0,207.5,1
26.4451,75.0297,3,2,2.8,96.25,312.0,0
28.8695,74.4451,3,0,2.94,19.39,494.5,1
27.0926,95.0049,5,8,5.31,1.0,198.9,1
16.2608,75.2435,3,3,3.83,84.63,305.1,1
23.8533,86.5084,3,2,3.87,11.69,11808.1,1
26.4876,86.9991,4,4,3.92,19.3,628.1,1
25.9519,70.245,3,2,3.61,55.25,153.4,1
11.6997,76.3808,2,0,2.49,112.92,1326.5,0
29.0461,78.5842,5,8,6.02,6.05,126.1,1
25.4156,85.1627,4,0,4.52,32.35,1340.5,1
10.0378,80.4293,3,0,4.58,209.99,976.3,0
30.5142,77.7869,4,8,4.5,77.0,122.7,1
24.3525,70.8432,5,2,5.71,21.28,211.2,1
29.1049,79.1587,5,6,5.3,7.31,150.1,1
17.8921,72.8072,4,3,4.48,132.56,670.1,1
27.2159,91.1873,5,8,6.01,16.81,676.2,1
9.4837,79.7071,3,3,3.95,7.24,326.8,1
12.8264,78.0034,3,3,3.71,234.4,1196.2,0
28.7366,77.2228,4,4,4.78,1.4,20311.4,1
17.2003,73.9319,4,4,5.22,28.6,404.6,1
29.5803,80.26,5,9,5.76,26.8,178.7,1
19.3781,80.1328,2,1,2.67,66.99,229.2,1
10.9974,78.2645,3,1,4.16,11.2,373.3,1
22.2493,87.1042,3,2,3.45,4.84,6496.2,0
9.8581,79.3985,3,2,3.75,94.05,1140.1,0
25.1258,94.9861,5,2,5.28,1.0,308.9,1
16.365,81.4476,2,0,2.01,52.97,222.8,1
35.0505,76.5766,5,8,5.87,6.21,95.6,1
9.7166,75.978,2,0,2.15,256.08,718.2,0
30.65,75.8617,4,2,5.44,21.5,74.4,0
14.3933,78.3377,3,1,3.76,120.26,206.7,1
31.43,77.1023,4,5,5.37,93.74,70.3,1
22.34,88.7179,3,2,3.44,70.54,6204.0,0
29.9341,78.0824,5,7,5.26,2.74,235.3,1
29.6544,78.3086,5,4,6.39,1.0,50.1,1
10.6056,75.9965,2,0,2.65,1.0,898.8,1
9.4604,76.7515,2,0,2.44,104.73,1125.8,0
31.4507,76.8302,4,3,4.58,10.64,87.5,1
29.9949,78.2293,5,8,5.85,1.9,101.0,1
13.4959,78.7812,3,2,4.04,41.4,347.0,1
26.7909,83.4465,4,2,3.34,68.21,2995.1,0
8.1276,76.5849,2,1,2.4,9.85,829.7,0
26.9402,91.8488,5,11,6.15,7.31,824.2,1
16.7087,72.993,4,4,5.12,85.24,435.3,1
28.4592,76.9438,4,3,4.37,17.92,8509.8,1
25.6923,87.35,4,6,4.57,10.35,1924.3,1
23.5672,69.7428,5,4,5.64,12.76,312.3,1
18.6138,74.5731,4,3,3.9,21.67,629.2,1
35.1535,77.3385,5,8,4.94,12.51,150.9,1
29.0924,73.9509,3,1,4.27,11.23,211.6,0
26.7594,94.566,5,5,6.97,22.82,586.1,1
30.7888,80.6893,5,8,4.69,23.54,137.6,1
23.4113,87.8871,3,3,3.11,30.54,4256.2,1
22.5369,71.8081,5,7,4.8,1.89,159.7,1
30.2326,79.2677,5,7,4.96,45.34,277.8,1
29.6668,77.9458,5,4,4.83,8.09,179.5,1
16.7359,78.0346,2,0,1.89,90.54,210.8,1
29.2043,77.8532,4,4,4.07,32.46,24578.9,1
26.4228,73.6217,3,0,2.88,69.66,310.2,0
31.4524,76.9605,4,6,5.5,43.17,140.4,1
15.2832,76.83,3,0,3.0,78.92,329.3,0
35.2772,77.0803,5,13,5.45,1.0,209.4,1
24.2585,69.847,5,6,6.12,9.23,118.3,1
27.9006,95.8673,5,9,4.81,3.91,555.5,1
27.024,95.4496,5,11,6.82,2.04,196.5,1
31.1321,77.509,4,7,4.67,78.47,109.3,0
17.7522,79.585,2,0,2.91,33.3,142.9,0
25.2571,84.6104,4,7,4.09,44.92,891.5,1
22.0377,88.6873,3,1,3.34,48.0,11748.7,0
18.3169,82.8182,2,0,2.42,71.3,155.3,0
23.5382,69.0564,5,4,6.12,28.62,352.7,1
26.6133,87.9512,4,5,4.58,26.63,1503.6,1
26.5962,96.5218,5,7,6.66,1.0,296.7,1
14.0518,83.2348,2,0,2.42,1.8,468.2,1
22.8393,75.3805,2,0,2.75,447.06,194.8,1
24.8637,80.8139,2,1,2.75,234.42,206.4,1
31.3049,80.9913,5,4,5.11,22.38,188.9,1
29.1328,80.7799,5,4,4.42,2.47,315.4,1
16.2123,79.0107,2,0,2.89,428.57,232.5,0
30.5563,79.0239,5,9,5.52,28.72,280.4,0
15.5022,74.927,3,0,3.76,15.22,444.8,0
23.6064,88.9369,3,3,3.57,70.17,14189.0,0
18.048,74.8731,4,1,4.6,21.16,314.1,1
10.2681,76.7727,2,1,2.8,458.98,2193.2,0
16.6866,79.241,2,0,2.34,169.06,214.9,0
23.9037,81.7564,2,1,2.97,42.01,137.2,0
9.5299,75.7501,2,1,2.9,72.75,1421.0,0
33.6721,73.5625,5,14,5.08,22.51,32.7,1
26.849,69.6985,3,1,3.92,198.27,177.8,1
8.0923,76.7634,2,1,1.61,4.65,615.0,1
9.2405,76.5002,2,0,2.15,116.86,1467.2,0
36.1271,73.5174,5,6,6.62,22.37,95.2,0
31.4175,75.6809,4,5,4.33,47.42,115.8,1
10.7522,75.1155,2,0,2.36,36.73,1701.6,0
29.2287,70.1081,3,1,3.03,11.44,105.8,1
31.2659,78.5378,5,6,5.41,40.19,329.0,1
26.619,72.2192,3,2,3.83,164.88,218.4,1
14.1996,77.4707,2,0,3.08,90.63,395.3,0
18.2577,72.9075,4,0,4.22,25.39,673.4,1
22.6588,88.4042,3,4,3.24,25.65,6394.2,1
25.2945,96.5581,5,10,6.5,5.13,1260.0,1
9.8225,79.449,3,1,4.29,54.21,258.8,1
23.5064,69.6404,5,0,5.35,22.64,401.1,1
10.931,80.1694,3,1,4.41,70.95,447.9,1
23.0672,88.0569,3,2,4.13,3.1,3174.1,0
14.432,74.6686,3,1,3.03,55.73,192.1,0
20.3979,75.6751,2,1,3.49,142.53,501.4,0
27.3855,88.0638,4,1,3.73,20.57,660.3,1
9.1207,75.3223,2,0,3.03,20.13,1336.8,0
14.3201,77.959,3,3,3.24,17.52,694.4,1
10.4959,79.4607,3,2,4.12,44.96,260.2,0
23.3554,69.1859,5,7,6.1,1.4,191.6,0
28.1654,77.9578,4,5,5.16,6.36,12097.8,1
21.7633,87.2877,3,2,3.78,85.19,4842.6,1
22.7552,87.0082,3,1,4.02,75.61,12853.3,1
12.9783,77.5948,3,2,2.82,57.76,355.7,1
26.4001,85.7421,4,3,4.12,12.94,2009.7,1
27.3357,70.1323,3,0,3.54,17.44,254.3,0
23.8335,86.8088,3,4,3.51,18.29,7520.2,1
23.8959,87.8532,3,3,3.58,16.11,16299.7,1
21.604,86.8168,3,2,4.49,86.12,4838.8,1
23.8106,88.9892,3,3,5.04,129.32,3102.0,1
34.8413,73.1406,5,7,4.97,45.11,188.0,1
12.5778,78.6277,3,3,4.26,6.98,407.0,1
8.6068,75.1786,2,0,2.27,224.22,2146.4,0
27.8631,89.9402,5,4,6.06,2.18,594.3,1
27.7056,71.9219,3,3,3.27,132.81,397.2,1
12.0436,75.1684,3,5,2.9,16.54,225.5,1
23.2635,87.8324,3,3,2.96,62.6,7620.9,1
15.4328,77.9257,3,0,3.82,99.39,360.7,0
29.5565,78.7055,5,6,5.76,49.51,121.8,1
28.4342,77.0092,4,5,4.28,30.85,6776.8,0
30.6727,79.4171,5,4,5.87,6.67,158.9,1
9.4852,78.8555,3,0,3.75,147.83,953.9,0
16.4274,83.6855,2,0,3.3,313.5,352.3,0
31.5474,78.1013,4,4,5.44,9.76,94.1,1
9.1793,75.549,2,0,2.46,281.65,414.8,0
17.3846,74.416,4,3,3.89,36.14,382.2,1
34.1311,76.9751,5,5,5.73,5.59,401.1,1
17.51,73.0994,4,0,3.52,284.31,878.6,0
33.5348,77.0398,5,8,5.29,2.16,108.0,1
29.93,78.6326,5,5,4.65,43.02,45.8,1
9.9885,79.8067,3,2,4.01,179.2,479.2,0
24.3401,82.3534,2,1,2.69,169.28,264.9,0
18.2851,78.7944,2,0,2.61,75.31,289.2,0
8.8432,79.3215,3,2,3.79,63.03,557.3,1
23.6183,75.0515,2,0,2.54,22.1,340.3,0
32.3423,75.9016,4,1,5.04,28.03,83.2,1
26.2568,83.7269,4,2,3.98,88.25,579.2,1
31.0184,78.0359,5,7,5.36,9.85,250.9,1
16.474,78.7357,2,0,2.82,6.42,567.7,0
12.9774,78.0683,3,2,3.84,100.38,311.1,1
27.6984,91.8073,5,4,5.63,1.02,300.5,1
28.4237,72.661,3,0,2.91,93.24,219.1,0
15.5937,77.1998,3,3,3.75,11.28,211.0,0
18.1563,72.5302,4,4,3.88,42.31,404.1,1
20.6421,79.6467,2,0,3.68,405.69,386.3,0
10.767,75.04,2,0,3.23,119.34,656.2,0
10.6982,80.4409,3,3,4.09,46.34,210.0,1
13.7395,77.7896,3,1,3.22,317.94,245.3,0
12.4187,76.2729,3,0,3.55,109.32,159.5,1
24.6812,85.343,4,1,4.64,32.3,1426.4,0
24.6361,83.0164,4,3,4.19,32.38,1217.3,1
19.4534,73.9383,4,1,3.28,10.01,365.8,0
32.1458,76.6899,4,3,4.51,10.72,54.6,1
17.4977,73.4209,4,5,4.35,35.07,568.1,1
29.4843,77.8185,5,2,5.86,19.66,307.5,1
9.4194,78.8082,3,1,4.1,52.55,372.2,0
22.7112,69.843,5,7,5.8,7.09,751.0,1
19.4726,74.0852,4,1,3.32,46.44,707.0,1
30.7394,77.3218,4,4,5.63,36.6,136.5,0
33.275,74.5583,5,7,6.22,29.92,274.8,1
30.3032,79.589,5,10,6.01,5.26,76.9,1
23.6584,71.5125,5,9,5.06,10.3,280.5,1
35.0358,76.1282,5,6,5.34,8.59,161.1,1
31.9846,77.7042,4,10,5.81,31.43,138.1,1
23.404,69.5451,5,4,4.39,6.12,111.9,1
18.4204,73.582,4,1,5.41,84.25,715.9,1
13.5038,83.8703,2,3,2.79,36.99,268.8,1
26.2787,83.8082,4,5,3.92,11.86,1082.9,1
11.948,80.1555,3,2,4.21,99.69,587.0,1
24.5105,77.5034,2,0,2.89,27.37,82.4,0
32.2623,78.4112,4,6,4.71,34.26,82.9,1
24.8787,74.1906,3,2,3.64,29.42,232.1,1
25.6873,84.792,4,4,5.02,15.1,517.3,1
20.3965,81.504,2,0,3.15,31.6,164.5,1
13.0444,79.9128,3,2,4.02,2.13,317.7,1
22.5454,71.6785,5,6,5.57,19.45,592.4,1
31.7425,75.5789,4,3,3.87,8.47,78.8,0
15.6962,76.8075,3,4,2.83,44.91,323.8,0
29.9605,78.9131,5,4,5.77,50.4,230.2,1
32.7273,75.8029,4,1,5.63,56.43,80.6,0
29.2927,71.6581,3,1,3.61,101.44,533.6,1
23.7845,87.9515,3,4,3.64,22.28,17373.9,0
22.5984,71.7765,5,5,5.68,27.82,585.5,1
26.116,88.3282,4,6,4.47,10.78,1144.7,1
18.8484,73.195,4,1,4.26,3.1,367.8,1
18.3886,73.8594,4,0,4.43,6.38,463.8,1
31.8274,75.9665,4,5,4.92,23.19,107.2,1
23.815,70.7904,5,8,5.58,1.33,609.3,1
18.6682,83.6817,2,3,2.22,20.24,204.6,0
19.3719,74.2006,4,6,4.3,253.78,398.7,1
25.2592,96.6005,5,10,6.16,12.45,334.1,1
15.3785,75.6737,3,1,4.09,25.88,602.7,1
22.7488,69.9248,5,2,5.03,44.52,395.6,1
11.8394,77.1761,2,1,2.39,5.23,948.6,1
31.2217,77.6731,5,8,4.89,37.63,141.4,1
26.4455,75.5196,3,0,3.26,158.52,173.1,0
15.478,81.9312,2,0,2.93,119.07,119.9,0
12.4929,78.3661,3,0,3.14,145.31,143.1,0
22.9865,87.9697,3,2,4.42,28.65,5661.9,1
19.4165,74.4719,4,0,4.13,11.98,861.7,1
16.5108,79.7637,2,0,2.42,17.3,129.3,1
17.4215,73.5028,4,1,4.57,40.74,972.5,0
21.6513,86.5813,3,1,3.59,149.25,5102.8,0
34.3049,73.562,5,6,5.66,36.56,121.7,1
25.2561,84.7375,4,6,4.14,27.66,958.2,1
22.3518,78.0323,2,1,2.4,100.12,164.3,1
11.6141,76.0737,2,2,2.84,87.07,4468.8,1
23.4721,78.923,2,0,2.77,53.09,297.5,0
28.5756,77.1461,4,3,4.38,56.41,9344.2,1
23.4146,70.8447,5,5,5.58,1.28,250.9,1
28.6596,76.0424,3,0,3.41,352.0,91.4,0
22.5954,87.02,3,0,3.5,97.24,2969.9,1
17.2847,78.0576,2,1,1.89,170.4,259.4,0
13.4745,77.8683,3,1,2.57,103.78,329.8,0
25.2632,85.2925,4,1,4.35,5.67,2553.6,0
19.0647,83.5912,2,0,3.03,3.23,123.5,1
10.5692,75.6159,2,1,3.07,107.08,1665.7,0
18.8903,72.8662,4,3,5.07,46.62,899.4,1
29.0285,77.998,4,7,4.88,18.84,10725.7,1
26.9223,92.4533,5,9,6.36,18.46,637.7,1
29.3939,77.0045,4,2,3.77,26.19,17182.3,1
25.4089,74.7431,3,2,3.6,14.89,137.8,1
31.4534,77.9631,4,4,4.02,1.85,218.2,1
30.7552,78.4985,4,4,3.71,120.93,217.5,1
25.4856,87.7153,4,2,4.74,36.91,1835.8,1
27.1525,96.1743,5,7,6.53,1.0,376.7,1
10.4682,76.8338,2,2,1.67,4.0,1495.1,0
32.3395,76.3923,4,4,4.62,9.29,99.5,1
30.819,79.0487,5,5,5.14,7.89,258.1,1
29.0282,74.9955,3,2,3.15,24.07,395.2,1
31.5269,76.6779,4,3,4.52,3.49,141.1,1
25.6396,83.0091,4,1,3.61,7.54,747.7,0
27.1442,86.0389,4,5,3.69,41.02,1248.0,1
28.7596,77.302,4,4,4.28,12.58,23241.8,1
11.3778,75.4651,2,0,2.29,78.96,1436.5,1
21.8084,80.3488,2,0,2.97,60.7,286.0,1
25.9282,95.0411,5,4,5.37,9.06,388.0,1
29.8323,80.2523,5,1,5.25,17.47,360.7,1
8.9592,77.3713,2,0,2.56,195.72,1645.9,1
22.6305,70.4618,5,8,5.92,30.36,272.9,1
13.5007,75.2609,3,1,3.19,12.2,365.0,1
29.1824,77.5708,5,3,5.44,9.85,245.9,1
17.6054,73.3353,4,1,4.63,7.18,874.5,1
12.82,75.5413,3,3,3.5,227.17,77.3,1
25.653,93.4672,5,8,5.71,6.93,333.5,1
34.7853,73.6019,5,6,6.2,29.01,63.4,1
27.0953,94.6293,5,6,5.58,14.64,969.3,0
21.066,81.9507,2,1,2.57,86.7,245.4,0
34.7314,73.0875,5,6,4.8,9.71,175.5,1
25.546,89.7827,5,12,5.13,11.79,340.3,1
30.9066,80.1558,5,4,5.83,14.33,147.0,1
16.7319,74.7794,4,3,3.53,151.85,996.1,1
22.8816,71.5842,5,5,6.2,42.28,267.0,1
18.3321,72.6571,4,3,3.36,87.03,593.8,0
28.202,90.1766,5,5,5.58,1.0,243.2,1
22.6747,70.2973,5,4,5.78,11.18,493.6,0
13.7959,75.3262,3,2,3.99,155.0,343.8,1
25.3037,76.0931,3,3,3.28,33.69,118.0,1
19.8773,72.7659,4,4,4.65,30.92,717.0,1
22.5997,87.9191,3,5,3.42,1.0,13344.2,1
23.4422,88.7094,3,2,3.45,30.38,16005.7,0
16.9873,74.8312,4,2,3.91,53.02,810.7,1
28.8091,77.8922,4,6,4.64,3.43,12878.7,1
18.3924,79.6206,2,2,2.44,63.8,601.3,0
32.4533,76.291,4,2,4.49,5.54,160.4,1
13.9055,74.7499,3,1,3.88,18.34,508.0,1
10.8072,76.803,2,1,2.5,30.48,1002.6,0
23.4707,69.8131,5,4,6.1,11.7,136.7,1
23.4687,87.0551,3,1,3.04,95.47,5269.0,0
27.091,74.7843,3,0,3.16,60.26,298.5,0
11.6392,76.1748,2,1,2.6,45.88,940.7,0
19.1285,73.6126,4,6,3.85,30.93,305.2,1
27.3473,86.8629,4,5,3.49,1.83,2371.8,1
21.73,87.3423,3,2,3.79,88.49,6772.7,0
26.9789,85.6239,4,6,3.32,19.38,789.8,0
12.4272,74.5673,3,3,3.5,114.36,384.1,1
18.5606,77.9126,2,1,2.66,7.04,603.7,1
19.2404,72.7527,4,4,5.05,16.8,809.1,1
23.456,76.8371,2,2,2.11,6.99,419.1,0
28.5798,77.5325,4,6,5.1,41.48,5630.5,1
23.6326,75.4278,2,0,2.94,468.57,228.4,1
32.8549,78.1428,4,1,4.89,39.43,335.3,1
22.8734,71.947,5,6,5.59,9.25,336.4,0
8.3062,75.8815,2,2,2.08,28.91,675.1,0
27.0192,92.138,5,10,5.3,9.95,226.5,1
25.4932,89.825,5,8,6.29,1.45,327.8,1
28.7511,76.8528,4,7,3.61,41.2,8940.4,1
9.1592,78.5344,3,2,2.89,89.74,248.3,1
22.6057,86.6284,3,1,3.01,41.24,13980.1,0
26.4949,89.9505,5,4,6.42,18.97,584.7,1
23.523,71.3006,5,9,5.94,1.26,296.4,1
25.6301,87.6971,4,2,3.8,16.35,830.7,0
11.2496,75.0095,2,0,1.95,49.95,704.7,0
8.8283,75.7241,2,0,2.2,151.64,687.6,0
31.5824,77.4042,4,3,4.7,13.81,130.6,1
9.7483,80.1942,3,3,4.02,34.18,411.7,0
10.4572,76.1362,2,1,1.72,20.3,740.8,0
21.5601,86.7211,3,1,4.1,31.1,5200.0,0
10.0145,76.4895,2,1,1.78,386.8,1753.4,1
13.3479,74.9766,3,1,3.44,195.41,300.0,0
30.7936,80.1194,5,5,5.6,18.77,173.8,1
28.4036,76.7682,4,2,5.05,16.37,15190.3,1
36.9318,73.5216,5,7,5.64,4.77,280.2,1
12.2895,80.3921,3,3,3.26,130.33,556.2,1
31.6486,75.7557,4,3,5.52,32.27,72.8,1
20.1575,81.1337,2,1,3.03,70.54,254.0,0
35.1751,75.2399,5,11,5.05,11.88,318.0,1
28.2266,95.4547,5,11,5.05,3.17,473.8,1
34.6367,75.0808,5,8,4.42,48.29,97.2,1
26.8922,93.2609,5,9,6.09,18.27,252.4,1
13.4057,78.0953,3,0,3.71,5.57,86.1,0
23.931,70.0353,5,4,6.69,62.98,288.7,1
31.6732,77.9085,4,2,4.08,146.21,175.2,1
23.9767,87.6393,3,2,3.53,19.7,6884.1,1
22.0114,79.5093,2,1,2.72,109.47,177.4,1
12.5206,75.9069,3,3,3.43,13.27,306.5,1
20.1423,81.9206,2,0,2.81,80.7,431.8,0
32.677,77.0497,4,9,5.07,8.47,83.0,1
32.046,77.9107,4,3,4.66,30.35,88.6,1
32.8443,77.1811,4,2,4.99,16.85,152.8,0
25.8514,84.276,4,3,4.04,3.49,1520.1,1
26.677,84.7565,4,2,4.13,10.52,886.0,0
11.7305,76.5559,2,2,2.15,20.52,616.3,0
12.6326,78.4168,3,1,4.02,28.48,408.0,1
19.1211,73.9031,4,1,4.97,23.65,542.4,0
35.413,76.7741,5,6,5.24,10.91,222.5,1
27.4615,71.8471,3,0,3.55,15.31,215.6,0
10.2127,78.3134,3,2,4.04,111.37,869.5,1
23.141,77.8765,2,1,2.9,111.64,195.8,0
26.0156,86.5492,4,0,4.61,5.96,362.5,0
30.1004,80.4013,5,12,5.17,6.22,366.3,1
24.0446,75.9346,2,1,3.25,16.05,316.7,0
34.968,75.0547,5,5,6.65,40.74,89.2,1
10.3396,77.3624,2,0,1.69,55.65,1361.8,0
25.5526,86.6306,4,1,4.31,4.72,1646.3,1
13.0233,79.4595,3,1,3.85,4.47,733.2,0
28.115,95.9886,5,8,5.7,9.29,452.9,1
26.3629,83.974,4,2,5.06,22.65,912.9,0
16.1133,74.4718,3,1,4.09,81.27,540.1,0
30.0686,79.4462,5,8,5.01,7.5,170.0,1
19.118,81.2322,2,2,2.39,177.89,226.3,0
30.4068,79.2613,5,4,6.27,7.92,128.9,1
26.8723,84.9715,4,3,3.94,45.95,479.7,1
24.8305,82.038,2,1,2.92,32.19,227.6,1
28.3846,70.6272,3,4,3.57,283.32,102.2,0
20.0964,82.5282,2,0,2.66,137.46,557.7,0
24.8579,70.8029,3,1,3.67,76.29,252.1,0
22.7423,76.7706,2,0,3.04,58.51,273.0,0
19.7856,74.7561,4,1,4.64,36.14,555.8,0
22.393,76.8086,2,0,2.32,64.66,321.3,1
9.7504,78.8843,3,2,4.08,68.02,439.1,0
21.627,88.6947,3,0,4.18,70.08,7419.6,1
14.3773,76.0173,3,1,3.19,13.03,483.1,0
23.5744,86.5088,3,2,3.32,49.58,5999.1,0
27.4606,96.759,5,7,5.76,7.86,492.7,1
32.262,78.0861,4,5,4.76,9.07,182.9,1
32.5733,77.9419,4,6,5.21,7.08,95.4,1
11.6453,79.6603,3,2,3.74,50.16,203.9,1
11.0144,76.9284,2,0,2.58,23.3,1679.4,0
24.3117,82.3159,2,0,2.54,127.81,472.3,0
10.4658,76.3652,2,0,2.57,12.06,876.5,1
23.2768,70.9199,5,3,4.6,1.16,185.0,1
31.9911,75.8804,4,1,4.93,34.13,66.6,1
18.1845,73.3007,4,2,3.53,42.57,471.5,1
28.2798,76.7553,4,4,4.87,14.29,26402.2,1
24.1716,71.4155,5,10,5.25,18.7,239.2,1
32.6901,76.2132,4,4,5.09,16.4,83.6,1
32.7964,75.5687,4,1,4.62,17.06,60.6,1
26.8504,73.9061,3,0,2.84,192.49,312.3,0
24.1377,70.3428,5,4,4.32,34.47,257.7,1
12.7015,80.3273,3,0,4.13,20.5,467.0,0
21.8307,87.9374,3,1,3.39,24.54,7403.6,0
12.1785,74.3313,3,0,3.22,292.98,585.0,0
25.9258,88.217,4,2,3.41,2.7,1254.6,0
11.8286,79.8331,3,1,3.83,29.8,362.6,1
33.2296,76.1955,5,7,5.81,1.31,88.7,1
27.5286,91.786,5,8,6.01,3.24,302.0,1
23.512,69.952,5,7,5.07,2.44,432.9,1
24.557,87.4269,4,2,3.05,26.9,2182.3,1
8.2095,76.0186,2,0,1.5,64.8,1116.6,1
28.746,74.6937,3,1,4.26,62.12,98.3,1
30.8929,78.3898,5,8,5.1,2.4,199.6,1
32.0084,77.4619,4,4,5.38,8.43,117.6,1
30.6818,77.8784,5,1,4.39,4.33,297.4,1
27.9855,91.63,5,8,5.5,16.59,173.4,1
29.1496,77.1338,4,6,4.58,47.79,18510.0,1
21.5197,88.0126,3,0,3.62,15.92,3901.6,1
32.3357,76.8889,4,2,4.57,68.35,100.8,1
26.4974,83.9935,4,1,4.09,39.91,1669.8,1
29.3115,79.2197,5,6,5.73,4.53,190.5,0
15.1307,77.8891,2,0,3.0,26.32,362.3,0
30.8067,77.4313,4,2,4.93,1.68,194.2,1
21.3747,75.9711,2,1,2.32,288.5,250.1,1
15.0309,76.2088,3,2,3.41,96.07,649.1,1
8.8254,76.8975,2,1,3.02,22.14,579.2,1
28.3178,77.5813,4,7,4.33,23.23,8810.9,1
28.5569,77.5789,4,8,4.28,47.38,5359.6,0
12.9229,78.4845,3,1,3.89,83.23,288.1,0
26.8746,88.3399,4,3,4.44,6.18,1313.6,1
34.6829,73.6417,5,11,6.14,7.51,190.2,1
34.8972,76.5518,5,6,5.78,19.77,188.4,1
11.4974,76.9817,2,0,2.25,112.44,527.7,0
30.5634,77.1969,4,5,5.14,16.59,121.5,1
29.4562,76.979,4,6,4.75,74.69,10200.3,1
10.8953,75.6317,2,2,2.85,63.33,427.0,1
27.5117,70.3497,3,0,3.32,105.3,216.1,0
22.7141,79.5962,2,0,2.16,258.1,168.6,0
26.287,89.2303,5,10,5.11,5.67,350.5,1
30.8209,78.233,4,4,4.45,10.84,90.1,1
9.7893,80.298,3,2,3.85,93.29,562.8,0
24.6993,87.0977,4,2,2.76,35.47,1014.0,1
9.2194,76.1648,2,0,2.19,13.21,860.9,1
29.6853,78.0389,5,9,4.6,6.01,89.0,1
14.3494,74.1648,3,1,3.81,23.23,264.4,1
27.4783,92.4708,5,8,6.33,2.47,705.3,1
25.2239,88.0628,4,3,4.29,25.54,1132.6,1
27.0824,86.2542,4,0,4.18,4.11,2658.6,0
26.9488,90.2152,5,8,6.36,3.29,326.1,1
9.064,76.6621,2,1,1.8,123.7,547.7,0
29.1887,77.8146,4,4,4.48,39.42,11376.8,1
15.8422,74.3336,3,0,3.48,22.0,323.5,1
29.7636,78.6572,5,5,4.79,3.65,254.7,1
9.1527,75.222,2,2,2.59,12.44,1556.6,0
17.4659,74.4812,4,2,2.8,13.59,464.8,1
28.6192,75.6059,3,1,3.49,34.64,166.2,0
23.8104,77.7728,2,3,2.78,120.84,976.2,1
12.1958,75.6436,3,0,3.55,37.86,544.6,0
35.306,73.8437,5,10,5.76,9.36,76.5,1
15.8491,77.1204,3,1,3.71,27.63,491.8,1
9.8225,75.728,2,0,2.49,105.64,977.2,0
10.3339,75.6751,2,1,2.19,61.44,2114.8,0
23.5284,69.9669,5,9,5.92,56.7,239.1,0
34.2409,76.0215,5,6,6.2,24.89,225.8,1
11.2231,79.3873,3,4,3.33,117.08,1088.8,1
33.8192,75.1751,5,4,3.88,5.78,145.0,1
14.0188,76.2036,3,4,3.67,287.71,163.8,0
12.0879,77.3092,3,2,2.82,24.12,360.4,0
28.4121,77.5255,4,8,4.65,31.63,18035.8,1
34.5568,77.0975,5,7,6.02,2.71,284.9,1
15.3093,75.8724,3,4,3.73,221.8,232.8,1
12.7853,78.186,3,4,4.08,65.97,799.0,1
22.8167,88.0175,3,1,3.69,38.13,10039.3,1
28.7208,76.7084,4,6,4.44,136.28,16454.8,0
23.9109,87.932,3,0,3.72,181.03,15882.4,0
9.8158,76.5173,2,1,2.88,60.31,427.2,1
23.7445,88.2015,3,4,4.06,107.42,7118.6,1
23.3397,69.3416,5,4,5.84,25.23,315.0,1
23.6441,87.379,3,1,3.4,186.69,7673.1,1
23.8725,71.5023,5,3,5.26,25.87,399.0,1
15.446,77.5469,2,0,1.95,404.6,129.8,0
20.5542,81.7695,2,1,2.58,10.98,296.1,1
9.8194,79.5698,3,1,3.81,39.1,646.9,0
13.7954,77.6315,3,1,2.87,36.5,201.5,1
24.0457,77.8673,2,0,2.38,102.69,116.6,1
25.4119,86.1401,4,4,4.38,24.43,2363.8,1
15.6024,83.1236,2,1,3.1,55.08,256.3,0
30.8895,77.1715,4,3,4.86,53.96,69.4,1
26.1817,95.9488,5,7,5.42,1.0,281.8,1
30.9714,77.8659,5,5,5.58,16.24,143.4,1
30.5439,78.7712,5,1,6.1,8.62,219.5,1
8.6874,76.4569,2,0,2.43,47.79,778.9,0
29.388,76.9964,4,4,4.46,21.35,12778.9,1
22.9607,69.6436,5,6,5.1,1.0,434.8,1
36.7935,73.1671,5,7,5.76,6.42,61.2,1
22.5059,80.5779,2,1,2.62,214.47,210.5,0
24.9593,83.7337,4,4,3.96,14.31,1161.8,1
10.4363,78.4265,3,3,3.72,8.83,788.3,1
24.9354,85.702,4,2,3.88,1.11,771.5,0
28.695,76.7468,4,4,3.84,22.05,19957.6,1
30.2829,79.0855,5,8,4.57,2.57,189.5,1
33.1574,75.1902,5,3,5.38,15.69,402.1,1
15.1244,79.3746,2,0,2.2,91.2,299.1,0
27.4217,72.4206,3,1,3.14,109.28,505.4,1
11.1519,75.5007,2,0,2.98,29.23,3239.1,0
22.7852,76.5514,2,0,2.85,54.28,519.8,1
22.4332,87.7043,3,1,4.06,16.36,3232.8,0
20.1642,76.0804,2,2,3.11,22.42,408.7,1
23.1204,87.5934,3,1,4.07,13.43,6068.2,0
29.8128,78.3481,5,6,6.03,8.98,182.9,1
22.33,78.953,2,0,2.7,50.03,570.9,0
31.9459,76.502,4,3,5.49,11.53,133.7,1
12.7921,76.6404,3,1,3.07,13.27,387.0,1
27.3134,88.3222,4,3,3.66,17.7,571.6,1
23.0886,88.6954,3,2,3.43,46.77,6426.8,0
10.9692,79.1498,3,1,4.36,130.4,325.1,1
26.3537,84.0802,4,5,4.38,35.34,752.0,1
23.6601,71.6304,5,6,5.85,46.7,355.4,1
24.0678,70.9365,5,6,6.87,55.76,396.9,1
21.1985,78.9252,2,1,2.51,30.08,335.6,0
34.0305,75.4719,5,10,4.32,1.71,153.0,1
27.3635,87.2351,4,8,4.27,114.51,934.3,1
34.3395,77.2543,5,10,5.42,7.22,132.5,0
8.2925,76.259,2,0,1.86,102.66,1505.3,0
26.8621,86.5183,4,5,4.61,46.52,713.2,1
29.0009,77.5998,4,2,3.95,43.89,8835.2,1
24.8103,70.5177,3,0,2.86,174.72,175.1,0
16.9285,72.9656,4,3,4.52,6.69,1313.6,1
10.3353,79.4931,3,1,3.59,102.39,560.5,0
28.6122,76.5191,4,4,4.84,2.55,6346.7,1
24.0732,68.777,5,10,5.6,15.49,221.4,1
14.7693,77.6666,3,2,3.31,17.06,102.3,1
13.1991,75.5625,3,2,3.86,1.0,278.9,0
23.5442,69.2384,5,5,5.7,66.74,618.7,1
28.4763,77.3185,4,2,4.6,46.87,31265.4,1
8.7513,79.1204,3,4,4.57,49.66,727.4,1
12.8058,79.7332,3,1,4.43,89.15,234.0,1
18.8551,74.3207,4,2,3.47,56.71,1041.5,0
29.8265,79.9679,5,9,5.36,2.3,423.8,1
20.8373,80.4123,2,2,2.96,67.69,293.8,1
31.2152,80.6678,5,11,5.3,30.37,158.4,0
23.3892,68.7001,5,7,6.94,1.0,212.3,1
10.1429,80.4747,3,0,4.33,6.92,760.8,0
16.2489,77.8352,3,0,4.02,30.97,172.9,0
32.0758,76.1423,4,5,4.41,116.23,83.7,0
24.1588,68.8498,5,4,4.87,6.22,821.5,1
19.1652,74.8644,4,2,4.27,64.35,495.5,1
24.1739,69.6983,5,10,6.0,2.25,312.8,1
11.0883,80.4925,3,3,4.05,64.91,459.6,0
23.4701,87.4102,3,2,3.79,54.44,21170.3,0
12.415,77.9487,3,0,3.26,3.27,292.7,1
10.452,75.9687,2,2,2.54,179.53,701.6,1
13.3533,79.2264,3,0,3.29,190.13,320.9,0
26.0531,93.4308,5,5,4.46,11.69,192.7,0
23.8903,88.3691,3,1,3.66,71.54,8532.5,1
14.639,78.2909,3,1,3.76,24.94,489.6,0
31.1441,80.5536,5,12,4.78,7.89,295.2,1
25.0078,86.6251,4,4,5.03,16.91,1397.7,1
18.7292,73.2156,4,2,3.6,36.66,619.3,0
8.4741,76.3024,2,1,3.03,68.21,937.2,0
21.4401,80.7859,2,1,2.92,277.2,319.8,1
35.8044,76.4834,5,6,5.41,1.0,323.8,1
16.2206,79.6668,2,1,2.91,14.29,544.0,1
10.9371,75.4899,2,0,2.93,82.77,813.7,0
29.0485,77.9298,4,4,6.43,1.66,15315.1,1
11.6607,75.5315,2,0,2.8,38.34,1399.9,0
35.7075,74.2642,5,6,5.53,9.46,189.6,1
29.4999,71.514,3,3,3.88,177.07,227.9,0
16.0889,75.0222,3,1,3.11,120.55,272.7,1
32.9862,78.279,4,7,4.58,46.34,177.0,1
29.4125,70.8482,3,3,3.53,160.2,286.4,1
22.0091,87.2333,3,1,3.87,16.29,21568.6,0
25.5765,73.5909,3,2,3.64,207.34,242.8,1
22.7242,75.1069,2,0,3.43,106.83,221.7,1
9.437,75.2925,2,2,2.47,333.88,3185.3,1
31.9411,77.1867,4,6,4.09,13.56,113.7,0
28.1489,77.2646,4,4,5.26,11.56,23491.2,1
20.6531,75.9659,2,1,3.39,79.78,193.0,0
22.9883,69.3573,5,10,5.77,10.43,249.1,1
14.5603,74.3327,3,1,3.77,212.81,637.6,0
16.1901,74.1588,3,1,3.75,131.82,846.3,0
18.8273,74.5508,4,2,4.6,61.38,410.0,0
22.4516,87.2614,3,2,3.7,75.64,7227.3,0
29.6283,77.8453,5,4,4.78,3.48,610.9,1
13.3706,76.2525,3,3,3.81,379.87,192.8,0
23.141,87.586,3,1,4.14,106.68,4431.0,0
29.0803,77.9429,5,4,5.37,1.0,348.5,0
34.9004,76.5075,5,7,6.55,7.4,490.4,0
12.2948,78.6293,3,2,3.96,23.31,502.2,0
29.4017,77.8453,4,2,4.19,1.0,10192.1,1
29.8444,79.2526,5,13,5.34,2.37,181.1,0
12.3206,78.7326,3,2,3.64,40.96,660.1,1
25.9896,72.9809,3,2,3.51,59.36,119.2,0
34.6446,77.0984,5,4,5.76,48.91,120.9,1
27.2169,92.0101,5,9,5.76,12.06,508.4,1
36.4518,77.6428,5,4,4.0,39.73,62.9,1
11.0759,78.5977,3,2,3.49,108.55,672.0,1
28.5672,77.8276,4,4,4.89,2.35,10071.6,1
19.0281,80.9466,2,0,3.19,88.47,315.1,0
22.769,77.2503,2,0,2.68,237.63,225.0,0
15.2229,77.5306,3,0,4.11,142.52,244.8,0
18.8245,78.2449,2,0,2.74,131.91,494.4,0
30.5542,78.2289,4,5,4.02,5.74,205.2,1
31.4622,78.8308,5,5,5.92,1.72,98.5,1
16.7611,73.0808,4,2,4.17,25.01,825.4,1
25.2214,74.1743,3,1,3.25,88.32,76.0,1
21.8779,86.6752,3,2,3.2,3.08,10692.8,1
20.7241,79.9839,2,2,2.93,50.1,416.4,1
19.6908,73.7325,4,2,4.37,17.84,993.6,1
10.2317,75.0025,2,0,2.08,170.25,1134.0,1
22.8855,70.2063,5,0,4.63,6.27,523.8,1
25.0212,72.8325,3,1,2.92,208.25,250.2,0
21.5137,88.6543,3,5,3.31,7.09,10421.3,1
12.1667,76.0733,3,1,3.65,5.01,297.5,1
27.3418,71.5953,3,3,3.26,282.28,448.9,0
28.9667,77.0132,4,9,4.61,17.7,8927.7,1
19.1998,72.6657,4,1,4.02,58.88,649.7,1
28.2764,71.218,3,1,3.07,34.66,125.3,1
12.1496,75.4815,2,1,2.14,43.01,519.4,1
27.0388,84.7682,4,4,4.22,25.21,682.6,1
30.7046,80.6901,5,5,5.32,1.97,313.6,1
22.3942,88.6058,3,2,3.9,97.85,9727.2,0
29.606,79.2951,5,9,5.55,10.26,189.0,1
9.6063,75.032,2,1,2.39,288.39,753.5,0
33.084,75.5207,5,6,6.58,25.48,372.6,1
16.1297,74.0906,3,4,3.83,73.3,151.1,1
12.0983,79.7694,3,2,3.79,34.36,1252.5,0
29.1741,77.5156,4,2,4.22,1.0,17995.5,1
23.7357,69.2183,5,2,6.77,8.6,279.7,1
12.7222,74.785,3,1,3.72,169.21,368.3,1
29.3682,76.7078,4,2,4.01,18.19,6036.3,1
17.4301,74.1429,4,2,4.83,35.15,930.9,0
25.0993,71.6147,3,0,3.6,31.93,104.3,0
12.7251,80.2396,3,0,3.06,1.0,1646.5,0
8.502,76.7932,2,1,3.03,86.03,1563.8,0
32.8194,77.3941,4,8,4.57,6.68,151.2,1
12.0451,76.1963,2,1,2.74,64.92,548.7,0
13.905,81.2701,2,0,2.51,99.12,536.3,0
29.0241,76.7284,4,3,3.68,8.34,13618.6,1
19.1831,72.6489,4,5,3.38,33.26,478.3,1
30.5346,76.1637,4,3,4.78,19.9,172.9,1
12.672,77.0979,3,2,3.35,21.27,122.3,1
18.1663,79.19,2,1,2.85,64.73,735.6,0
11.0879,80.1538,3,1,3.84,53.16,297.0,0
30.6331,75.5007,4,4,4.67,9.63,98.1,0
13.3632,79.9488,3,2,3.51,34.76,522.3,0
15.4289,81.8068,2,0,2.46,91.02,197.4,0
21.4081,80.867,2,0,3.79,53.63,139.9,0
23.0652,88.3102,3,2,3.02,57.48,2746.1,1
15.1888,76.1714,3,5,3.8,3.01,250.6,1
23.703,88.5677,3,2,3.68,29.23,5679.2,1
26.4131,86.5412,4,4,3.69,20.1,1251.7,1
21.4177,80.2579,2,1,2.69,164.09,553.1,0
11.1838,79.6511,3,4,4.72,6.39,343.5,1
31.3284,78.1624,4,3,4.73,1.53,216.0,1
34.2625,76.9928,5,7,4.61,2.34,355.5,1
29.0696,77.318,4,3,4.69,3.28,4368.0,1
21.0886,80.1605,2,2,2.7,31.32,350.2,0
22.787,87.8609,3,3,3.48,27.4,9028.6,1
11.4974,75.8611,2,2,2.22,160.25,3063.9,0
27.975,75.0537,3,1,3.42,243.66,258.9,1
33.3698,77.1074,5,8,6.12,2.23,125.7,1
13.3034,75.1935,3,1,2.84,50.41,737.1,1
35.7716,74.0586,5,1,5.5,19.96,188.9,1
22.6121,70.7459,5,5,5.48,8.87,292.7,1
29.353,76.5015,4,1,3.92,14.09,13062.0,1
23.5645,68.6482,5,8,5.38,3.57,205.3,1
24.7691,88.465,4,3,5.35,24.32,728.7,1
23.4594,71.6617,5,2,4.65,41.13,363.7,1
13.7393,74.7798,3,2,3.51,420.17,197.1,0
27.8129,95.2172,5,6,5.54,20.62,553.5,1
29.252,77.8741,5,5,5.81,2.48,320.3,0
13.5216,81.1791,2,0,2.04,186.05,132.4,0
25.6886,73.5124,3,0,2.45,60.74,257.4,0
29.799,80.4854,5,10,5.6,8.09,280.8,1
26.8877,96.2508,5,6,5.62,9.65,501.2,1
17.6725,83.2497,2,0,1.87,109.72,282.6,0
18.6669,83.4483,2,0,3.14,109.81,262.6,0
33.2436,74.7111,5,5,6.08,15.24,171.2,1
11.4189,77.2459,2,2,2.7,141.04,1154.2,0
12.3101,76.2995,2,0,2.63,468.16,537.5,0
20.4186,77.7275,2,2,2.23,406.99,121.7,1
30.1283,80.6894,5,2,4.94,10.51,396.0,1
30.989,79.6967,5,6,5.91,28.83,192.7,1
25.5461,92.7934,5,6,5.44,2.57,106.8,0
11.525,78.4327,3,2,3.21,70.22,466.1,0
11.224,79.8633,3,2,3.37,14.72,913.4,1
16.6095,74.9479,4,3,3.53,12.96,873.9,1
19.3376,73.6495,4,1,3.55,8.05,629.9,1
29.9551,71.2751,3,1,2.86,9.57,266.2,1
26.2816,87.6831,4,4,2.93,15.02,605.8,0
23.0303,71.179,5,5,7.22,22.77,273.7,1
9.0458,78.0127,3,5,4.14,26.8,585.6,0
34.0939,76.4589,5,6,5.61,12.88,88.3,1
25.2257,72.8372,3,5,3.35,49.39,206.6,0
26.1333,70.5896,3,3,3.87,26.34,185.3,1
21.6521,79.7945,2,0,2.74,122.48,281.9,0
29.5808,78.7911,5,2,4.98,1.56,116.2,1
26.0402,85.3254,4,0,4.3,7.52,2177.6,1
14.5944,75.099,3,3,3.25,158.55,165.6,1
22.9214,71.503,5,3,6.15,50.72,287.6,1
29.0498,79.4384,5,6,4.38,1.77,192.2,0
13.6257,74.4367,3,1,3.89,63.46,791.2,0
10.4444,76.0162,2,1,2.7,143.09,249.8,1
29.1996,73.5278,3,2,3.56,13.73,108.8,0
17.6203,74.834,4,2,5.52,6.6,1088.1,1
22.9979,77.1852,2,0,2.97,208.41,359.2,0
24.3277,77.0514,2,0,2.55,264.61,162.9,0
12.0137,74.9118,3,3,3.35,43.36,184.7,1
33.909,74.5473,5,9,5.77,25.65,61.6,1
17.0532,74.4054,4,4,5.09,78.59,532.4,1
25.5084,84.8273,4,5,3.68,4.11,581.5,1
34.9367,76.2828,5,7,4.99,7.48,219.3,1
15.7416,75.3159,3,2,4.11,74.15,292.6,1
11.8728,76.3671,2,1,2.76,23.43,491.2,0
11.425,80.2139,3,1,3.92,166.21,1476.0,0
30.458,79.2687,5,7,4.89,12.39,150.3,1
21.5994,76.1599,2,0,3.36,48.74,150.1,0
28.5317,77.7013,4,8,4.27,10.39,22666.2,1
19.9531,72.8792,4,3,3.01,8.82,321.0,1
28.4498,96.6033,5,7,6.83,2.11,782.3,1
12.9062,80.2636,3,4,4.01,73.87,824.9,0
25.4744,83.5046,4,3,2.94,78.71,638.8,1
15.5303,75.8516,3,4,3.36,89.98,394.4,0
18.9033,79.9575,2,0,2.85,62.9,155.9,0
27.1599,70.2667,3,0,2.79,72.37,435.2,0
14.5131,74.5025,3,1,2.4,23.41,338.3,1
25.3438,88.2563,4,4,3.66,52.9,1200.5,1
36.8665,77.4549,5,2,4.96,30.85,224.7,1
25.4062,84.3857,4,2,5.23,34.76,1099.8,1
32.334,75.6466,4,3,4.12,42.17,155.1,1
28.0126,94.1937,5,6,6.06,1.34,592.5,1
22.6772,87.5957,3,1,3.49,32.62,4236.6,1
13.3656,79.9958,3,1,4.14,18.3,273.1,1
15.8626,81.8424,2,0,2.49,19.93,131.5,0
14.9099,75.8222,3,0,3.07,187.47,214.7,0
31.1835,78.932,5,6,5.7,1.65,171.7,1
31.8547,77.1632,4,6,3.88,13.95,146.9,1
25.3259,95.7066,5,13,6.68,5.83,361.3,1
24.4631,68.7019,5,2,6.81,7.65,274.4,1
31.0754,78.4844,5,9,5.77,8.68,255.9,1
16.5416,78.7161,2,0,2.79,31.35,131.5,0
36.8132,73.7305,5,4,5.09,11.04,249.3,1
21.0575,76.763,2,1,2.72,128.58,402.4,0
26.8597,92.5793,5,9,6.51,4.83,235.6,1
21.5369,87.599,3,3,4.36,16.55,18062.3,1
19.499,80.3868,2,0,1.99,322.38,417.5,0
24.4085,68.793,5,3,6.05,24.55,272.5,1
17.3825,72.6049,4,4,3.19,60.23,1807.7,0
14.9242,83.0817,2,0,2.97,12.55,607.7,0
23.2659,71.8163,5,5,5.33,12.76,593.9,1
17.646,74.6869,4,2,3.31,109.15,693.0,1
31.9201,78.2794,4,3,5.02,31.27,132.0,1
23.3311,69.9043,5,4,5.44,7.02,452.9,1
26.0648,93.0251,5,9,4.87,4.18,255.4,1
9.909,78.6974,3,1,4.0,78.1,844.9,0
10.879,76.0758,2,0,2.77,302.04,1149.4,0
31.1175,80.4353,5,6,4.89,9.81,446.2,1
9.7737,79.9146,3,2,3.92,162.67,340.2,1
17.8222,78.1246,2,0,1.98,27.48,556.5,0
29.8317,80.459,5,9,4.59,1.55,186.1,1
25.854,93.9625,5,3,5.18,1.0,446.8,1
22.4049,87.0788,3,1,3.51,131.93,21411.9,0
19.3401,74.2768,4,2,3.29,14.79,787.8,1
36.4682,75.6864,5,7,5.18,3.84,113.4,1
22.2473,88.4727,3,3,3.85,25.93,4921.1,1
24.5297,84.0619,4,3,4.69,8.68,1919.6,1
24.0835,70.4789,5,4,6.03,9.96,428.9,1
23.7682,88.3107,3,2,3.51,19.82,4750.2,1
11.2117,76.8071,2,1,2.56,45.4,539.4,0
31.1513,80.476,5,5,5.1,10.67,175.5,1
13.6073,79.4222,2,0,2.16,164.38,221.9,0
13.1988,75.1369,3,1,3.39,197.34,561.9,1
17.4089,80.783,2,2,2.37,29.56,568.7,0
15.6178,79.1203,2,0,2.36,228.1,308.3,0
17.2268,79.7418,2,0,2.29,55.37,499.3,0
23.229,68.9119,5,6,5.18,31.87,398.8,1
28.4917,77.6606,4,5,4.8,21.75,16029.0,1
26.7277,74.7396,3,1,3.08,41.73,165.2,0
22.7552,70.5084,5,2,5.44,2.98,305.4,1
16.6144,80.0547,2,0,2.54,120.0,230.3,0
26.2872,92.7096,5,11,5.91,3.79,345.7,1
22.0457,82.4822,2,0,2.67,218.12,229.5,1
30.9989,80.7498,5,6,5.49,3.6,232.7,1
29.2379,71.1171,3,1,3.26,298.17,92.5,0
12.4843,80.1334,3,2,4.33,5.92,553.6,0
12.1915,77.8159,3,1,4.4,290.51,314.1,0
25.0161,72.5577,3,2,3.41,30.42,128.0,0
11.024,76.4982,2,1,2.22,8.02,1242.2,1
15.5379,74.4719,3,2,3.62,198.72,312.0,0
32.2006,77.5497,4,4,5.37,3.34,52.5,1
25.089,93.9457,5,11,6.95,7.59,519.4,1
19.8188,74.7037,4,5,3.48,21.7,569.5,1
10.9256,79.4537,3,3,3.57,1.0,948.8,1
26.1092,90.031,5,11,6.0,1.0,545.3,1
28.6852,73.5064,3,2,3.17,2.29,142.8,1
21.7437,80.6167,2,2,2.38,132.06,491.5,1
29.344,77.4526,4,8,3.72,13.14,8114.8,1
28.3992,76.8595,4,6,4.32,27.78,17810.5,1
18.664,80.6344,2,1,2.79,86.62,131.7,1
19.334,80.6778,2,1,2.17,302.57,287.1,1
26.9747,70.5596,3,1,3.29,63.61,340.2,0
26.5556,84.0038,4,6,4.33,37.12,1759.4,1
8.6698,80.2721,3,1,3.66,205.51,1189.7,1
8.9195,75.5531,2,1,2.56,192.3,1383.0,0
24.2591,70.847,5,6,6.63,9.59,224.6,1
31.6649,76.4101,4,6,3.97,23.67,134.9,1
27.2799,83.9869,4,4,5.84,16.79,1059.6,0
11.7517,78.213,3,2,3.84,203.49,733.9,0
32.3827,77.9679,4,3,5.66,8.01,93.1,1
20.609,80.9575,2,0,3.12,256.97,491.4,0
10.538,80.1095,3,0,3.7,38.79,985.8,1
8.0005,76.0718,2,0,2.52,246.08,1447.0,0
24.9067,72.3338,3,2,3.7,67.87,272.7,0
31.9618,76.4788,4,3,4.66,17.83,259.2,1
23.6238,87.8481,3,3,3.64,137.29,4985.9,1
14.0178,77.3209,2,1,1.97,80.25,396.5,1
36.2006,75.5144,5,5,4.86,11.78,294.5,1
25.4903,94.3405,5,6,5.45,23.27,406.8,1
21.7115,88.605,3,1,3.28,239.2,4940.7,0
21.0128,77.7182,2,0,2.7,50.42,245.2,0
24.7218,85.7719,4,3,4.23,7.18,623.9,1
13.6207,80.8733,2,0,3.26,69.42,197.0,0
17.346,81.4505,2,0,3.36,150.13,344.3,0
16.5579,74.1659,4,1,2.16,1.0,1190.5,1
26.1388,83.9206,4,7,4.15,40.58,1482.4,1
16.1232,77.4713,3,2,3.29,26.54,127.3,1
35.3142,76.1417,5,8,5.38,4.38,58.7,1
25.6594,84.3234,4,8,3.3,20.71,553.0,0
27.1052,87.5715,4,7,5.15,43.11,2219.9,1
12.8394,75.8561,3,3,3.64,3.38,223.0,0
8.5432,79.9221,3,2,3.97,205.56,449.7,1
27.1335,94.0352,5,11,6.0,9.51,762.5,1
27.204,83.2831,4,5,4.09,49.25,1412.3,0
28.1575,76.5531,4,5,5.13,44.71,8765.4,1
15.0391,75.7347,3,1,3.18,33.38,529.3,1
35.3173,77.9811,5,7,5.82,19.14,73.4,1
26.4779,87.4213,4,6,5.05,1.71,1527.3,1
19.9343,72.6996,4,2,3.59,81.7,211.9,1
22.7822,87.0005,3,1,3.17,32.0,5133.9,0
21.2065,79.8077,2,0,2.89,61.18,428.3,0
23.9771,69.0147,5,5,5.64,3.21,152.4,1
13.4416,79.8723,3,4,3.47,3.1,318.2,0
33.7964,74.1752,5,8,6.14,22.48,71.4,1
23.6987,88.1377,3,2,3.57,88.28,6811.5,0
26.2228,83.1201,4,2,4.63,35.96,1272.3,1
28.1399,96.9977,5,12,5.96,1.64,444.6,1
15.9392,74.3082,3,0,3.71,1.24,425.2,0
31.5716,77.5804,4,3,4.3,18.77,207.4,1
11.4183,75.6625,2,0,2.33,83.57,824.9,0
30.9102,80.3491,5,1,5.59,8.25,155.3,1
10.3036,75.7359,2,1,2.12,132.97,1341.7,0
24.916,82.5443,2,0,3.64,172.87,185.4,1
13.1893,78.6018,3,3,2.93,9.14,460.4,1
25.5657,95.7972,5,11,6.24,4.13,483.4,1
23.7527,88.9865,3,0,3.83,33.94,5080.3,1
27.4155,87.2816,4,1,3.02,59.64,1093.9,0
15.1233,75.2328,3,1,3.58,24.78,315.9,0
25.8949,85.2185,4,5,4.33,81.3,498.3,1
22.6633,87.9973,3,2,3.76,16.74,9195.1,1
30.5599,78.9838,5,6,5.04,2.52,140.8,1
19.3906,82.3402,2,0,2.75,33.99,157.6,0
22.2291,79.0596,2,0,2.56,119.33,378.7,0
32.1472,76.5564,4,8,5.1,53.08,146.1,1
30.2134,80.9174,5,10,5.88,1.14,499.5,1
14.162,83.562,2,2,2.16,94.45,746.4,1
15.5749,74.2709,3,1,3.46,26.57,263.3,1
27.2497,75.8223,3,0,3.81,102.46,117.6,0
28.8385,76.5673,4,1,3.95,28.08,11615.6,1
23.9887,88.1982,3,3,3.71,120.82,6059.9,0
22.7105,87.7729,3,4,3.63,38.92,11296.1,1
23.526,71.1525,5,6,5.44,26.71,985.8,1
11.4921,77.4734,2,0,2.79,175.08,694.8,1
25.4621,87.6412,4,7,3.73,11.64,856.2,1
29.201,74.7658,3,1,3.23,19.77,128.3,0
9.0027,80.017,3,2,4.55,12.78,696.6,1
18.8889,77.3417,2,1,2.65,162.49,270.2,0
25.0551,75.4844,3,0,3.08,24.4,96.7,1
22.2722,88.8184,3,2,3.68,12.67,7116.0,0
26.468,83.355,4,1,3.83,3.35,894.1,0
35.075,76.982,5,7,6.0,25.25,296.7,1
15.3343,77.9417,2,1,2.53,263.74,806.0,0
26.3427,76.3236,3,0,3.2,37.96,290.3,0
8.7808,76.1415,2,1,2.46,12.02,1101.5,0
17.7489,81.8065,2,1,2.77,500.0,239.6,0
29.7335,78.3864,5,6,5.05,22.8,261.6,0
23.0151,69.0455,5,3,6.04,24.82,178.7,1
13.1995,78.2187,3,1,3.55,11.09,240.2,1
21.6525,81.5525,2,0,2.25,12.74,399.5,0
22.6433,69.3185,5,13,4.51,24.67,542.0,1
31.6814,75.6105,4,8,6.06,84.89,95.4,1
8.7281,80.2547,3,1,4.02,109.13,882.4,0
30.854,78.2162,4,4,5.34,6.82,77.2,0
29.0591,76.5586,4,1,4.02,22.09,7583.1,0
29.1059,77.0364,4,6,4.79,45.27,10939.2,1
16.0557,83.6339,2,0,2.55,43.27,86.0,0
19.4639,80.7262,2,1,2.62,315.78,442.6,0
21.9442,87.4899,3,0,3.96,27.46,5246.0,1
14.2194,76.773,3,0,3.28,69.38,388.7,1
10.0913,79.0753,3,1,3.99,8.53,772.4,0
28.6894,77.5652,4,1,4.1,1.0,17831.2,0
13.8368,78.1531,3,0,4.01,3.48,677.5,1
16.5812,74.9039,4,0,3.66,119.41,499.0,0
9.0263,80.3413,3,0,3.79,44.34,832.8,0
10.0797,78.2201,3,3,3.71,15.86,631.1,0
26.7182,87.4038,4,2,5.31,11.48,1444.5,0
24.0225,71.4122,5,8,5.85,4.67,553.5,1
11.6147,77.3442,2,2,2.48,54.08,1158.5,1
13.4384,78.8242,3,2,4.3,76.84,822.9,1
25.2855,86.9086,4,1,3.56,13.99,845.6,1
24.8244,87.007,4,1,4.68,5.61,640.4,0
21.2298,81.5617,2,0,3.33,73.76,254.5,0
33.976,76.3856,5,4,4.71,14.21,128.3,0
13.4841,77.5084,3,2,4.05,1.0,418.1,1
30.1733,79.024,5,12,5.41,2.98,110.8,1
28.0227,77.9179,4,4,5.21,86.72,6624.1,0
25.3552,96.6324,5,5,7.21,13.26,506.7,1
8.7494,77.0761,2,1,2.87,199.95,779.9,0
31.1449,80.1932,5,10,5.07,4.99,361.7,1
9.9137,76.51,2,0,2.67,500.0,1343.9,0
33.0247,74.5708,5,9,5.27,87.09,85.1,1
23.8561,71.7873,5,5,6.16,25.27,394.6,1
25.5361,71.2486,3,2,2.73,48.49,123.7,0
15.7,77.0893,3,0,3.22,140.18,329.8,0
28.1618,76.5802,4,3,4.23,31.74,11008.6,1
13.1812,78.1166,3,3,2.96,63.1,240.9,0
12.5621,76.6585,3,3,2.93,106.05,451.0,1
30.6395,79.9423,5,7,4.5,7.65,111.0,1
22.5379,87.3119,3,3,3.98,94.86,16556.2,1
19.2399,74.1257,4,3,4.35,30.97,294.5,1
9.8401,75.6076,2,3,2.22,140.39,831.0,1
13.3259,80.1927,3,1,4.16,53.03,1058.6,0
17.0327,77.1715,2,1,2.53,177.97,229.9,0
27.2471,95.1519,5,11,5.66,8.72,260.2,0
12.9594,78.3165,3,4,3.49,73.17,425.3,0
32.1801,75.8699,4,5,4.55,56.67,298.3,1
21.9104,87.4594,3,2,4.23,62.4,6367.1,0
10.0792,76.7285,2,1,2.45,13.11,525.3,1
12.0863,76.9177,2,0,2.56,209.79,645.4,0
33.607,74.3178,5,9,6.18,26.51,102.8,1
28.0975,77.2648,4,6,3.64,11.65,10428.5,1
14.3495,78.3873,3,0,3.27,134.09,144.8,0
31.7557,75.9854,4,6,5.43,49.28,212.0,1
18.5147,74.5372,4,3,3.79,60.99,904.0,1
25.9833,95.007,5,5,7.05,8.13,350.9,1
25.0444,73.5531,3,0,2.59,54.65,303.2,0
31.074,76.094,4,0,4.9,20.58,143.7,0
35.0418,75.8938,5,7,5.33,1.0,133.9,1
34.7783,74.3002,5,4,5.59,14.78,262.8,1
14.6858,80.2474,2,0,2.8,280.43,440.3,0
24.8237,75.5391,3,2,3.24,36.15,372.4,0
18.3389,77.2206,2,0,3.28,333.67,285.3,0
24.3284,71.541,5,4,5.26,11.27,312.1,1
29.5728,78.3627,5,6,5.46,2.14,108.5,1
34.7833,74.2905,5,4,5.1,14.34,207.5,1
24.074,70.9337,5,5,6.18,18.09,227.2,0
22.9102,70.5218,5,3,5.01,25.12,1054.5,1
25.9554,76.1838,3,1,3.68,150.87,511.1,1
8.2323,75.7158,2,1,3.18,323.12,510.4,0
23.1694,88.6363,3,0,3.63,222.03,7481.0,0
14.4296,78.9121,2,2,2.26,22.24,405.7,0
29.2216,80.5492,5,4,4.75,24.43,371.1,1
27.0057,83.3959,4,3,4.64,11.3,572.3,1
20.3868,81.8807,2,0,2.87,65.29,205.3,0
27.2131,91.8268,5,5,6.09,1.0,318.8,1
16.0987,83.2455,2,0,3.3,40.89,622.2,0
29.0234,77.4668,4,7,3.66,110.65,15113.8,0
29.8739,71.8266,3,2,3.47,203.94,468.9,0
17.3635,73.8838,4,2,4.31,69.8,864.1,1
22.7885,88.7335,3,2,3.83,91.76,7552.6,1
23.5926,69.8099,5,7,6.37,10.25,188.4,1
9.3414,79.0201,3,2,3.97,172.38,470.4,0
26.2095,76.2131,3,2,3.06,93.73,362.8,1
28.2069,76.5122,4,4,5.29,4.91,7495.6,1
25.5032,84.5073,4,3,3.58,22.02,984.9,1
11.6002,78.3173,3,1,3.6,80.41,984.7,0
28.3797,90.5663,5,9,6.72,8.6,353.0,1
22.1086,76.3871,2,0,3.12,67.84,436.0,1
30.0246,80.9146,5,10,6.01,22.6,592.2,1
16.9338,74.5254,4,3,3.95,19.25,814.6,1
28.9782,77.9942,4,7,3.39,1.0,14973.4,1
28.0346,77.1434,4,6,4.66,12.76,6547.8,1
19.2291,73.8189,4,2,3.42,81.57,580.6,0
14.9486,75.5375,3,2,3.18,120.68,336.5,1
32.9281,76.9421,4,7,5.09,41.0,236.5,1
28.3388,96.5962,5,8,5.49,12.8,313.9,1
32.8303,76.669,4,9,3.93,34.05,209.6,1
17.2907,74.3847,4,2,5.09,150.81,497.0,1
36.3665,76.6053,5,6,4.8,8.06,245.5,1
18.7345,73.3554,4,1,3.39,29.68,683.6,1
14.2698,76.0934,3,3,3.41,79.75,225.5,0
35.9081,75.9038,5,6,4.62,1.0,125.4,1
24.6684,76.3065,3,0,2.61,14.34,176.1,0
23.3505,86.5982,3,3,3.15,122.29,12893.8,1
9.6511,79.977,3,1,3.03,34.49,1040.0,0
28.601,76.9644,4,4,5.33,78.3,12261.7,1
22.6372,71.6243,5,4,4.95,4.67,496.5,1
25.3901,85.8147,4,6,3.91,22.79,1709.5,1
8.9399,75.9057,2,0,2.46,26.71,1055.4,0
9.0299,78.9835,3,1,3.7,9.17,1648.9,1
14.2534,74.9012,3,1,4.36,6.91,504.2,0
25.8465,95.737,5,5,6.66,10.78,332.9,1
25.7309,83.9832,4,1,4.36,56.58,1225.7,1
30.0072,80.6348,5,9,4.3,11.76,175.8,1
13.7359,74.3421,3,1,3.82,169.09,333.2,1
30.5686,77.8477,4,8,4.64,18.01,158.0,1
16.8144,74.8236,4,2,5.02,45.74,900.4,1
23.3173,71.0094,5,1,4.09,21.19,249.9,1
35.4603,74.3711,5,4,6.22,36.73,153.3,1
15.4187,76.8129,3,0,2.86,21.83,318.0,1
16.4574,82.5142,2,0,2.32,471.52,396.1,0
20.1799,76.4272,2,0,2.85,500.0,311.4,0
22.8659,87.985,3,5,3.5,28.87,10652.4,1
11.07,76.4099,2,0,2.38,152.5,694.9,1
23.5025,70.9855,5,3,5.74,14.56,360.1,1
17.1983,72.8298,4,2,5.93,131.08,650.2,1
19.2044,74.8689,4,0,3.33,67.47,183.2,1
29.0024,79.9781,5,8,4.67,76.55,342.3,1
25.7422,84.9268,4,5,3.45,105.72,715.3,1
26.4609,96.6974,5,10,6.49,6.51,529.2,1
15.7956,76.1781,3,2,3.19,304.86,202.4,1
9.3096,78.9428,3,3,3.52,96.5,576.6,1
22.7739,87.5601,3,1,3.09,1.8,7293.7,1
10.6648,77.2083,2,1,2.28,124.23,1164.8,0
36.5732,77.2017,5,4,4.17,6.24,128.1,1
12.4913,80.2728,3,2,3.36,42.88,2268.1,1
25.3568,75.9613,3,2,3.32,12.24,168.8,1
30.4179,80.3207,5,9,4.21,7.5,218.9,1
