district,state,basin,rainfall_mm,river_water_level_m,soil_moisture,elevation_m,historical_flood_events,flood_occurred
Majuli,Assam,Brahmaputra,2276.27,9.45,0.622,81.1,4,1
Sangli,Maharashtra,Krishna,804.29,7.07,0.1,600.7,1,0
Cuttack,Odisha,Mahanadi,1728.9,13.33,0.757,26.8,5,1
Guwahati,Assam,Brahmaputra,2299.71,3.15,0.333,58.6,3,1
Allahabad,Uttar Pradesh,Ganga,989.47,11.6,0.717,84.9,0,1
Patna,Bihar,Ganga,1765.86,15.12,0.85,49.9,2,1
Allahabad,Uttar Pradesh,Ganga,418.22,12.12,0.126,90.3,1,0
Sangli,Maharashtra,Krishna,738.9,9.46,0.521,538.6,1,1
Sangli,Maharashtra,Krishna,1128.49,5.97,0.317,581.4,2,0
Rajahmundry,Andhra Pradesh,Godavari,1221.59,2.46,0.542,14.9,0,0
Sangli,Maharashtra,Krishna,811.03,9.65,0.392,487.0,1,0
Patna,Bihar,Ganga,985.41,15.39,0.259,50.7,3,0
Dibrugarh,Assam,Brahmaputra,3260.51,12.09,0.924,81.7,9,1
Dibrugarh,Assam,Brahmaputra,1862.55,21.41,0.308,91.5,3,1
Sambalpur,Odisha,Mahanadi,1363.16,7.06,0.592,180.5,1,0
Mysore,Karnataka,Kaveri,830.86,3.71,0.76,765.2,1,0
Guwahati,Assam,Brahmaputra,1510.38,11.32,0.95,56.7,3,0
Trichy,Tamil Nadu,Kaveri,998.09,2.01,0.592,92.9,1,0
Rajahmundry,Andhra Pradesh,Godavari,1100.18,13.36,0.171,16.1,1,1
Guwahati,Assam,Brahmaputra,1820.32,11.86,0.658,56.1,4,0
Dibrugarh,Assam,Brahmaputra,3194.15,7.32,0.855,108.9,3,1
Sambalpur,Odisha,Mahanadi,1385.93,14.53,0.457,151.2,1,1
Guwahati,Assam,Brahmaputra,2286.17,16.3,0.835,55.6,5,1
Allahabad,Uttar Pradesh,Ganga,599.34,11.36,0.44,102.6,4,1
Jodhpur,Rajasthan,Arid,465.92,1.1,0.444,229.2,1,0
Varanasi,Uttar Pradesh,Ganga,901.52,12.32,0.793,81.6,4,0
Chennai,Tamil Nadu,Coastal,1225.47,4.83,0.827,6.1,4,1
Varanasi,Uttar Pradesh,Ganga,1191.52,5.12,0.27,87.6,4,0
Jaipur,Rajasthan,Arid,835.36,1.22,0.229,417.8,0,0
Varanasi,Uttar Pradesh,Ganga,762.03,7.53,0.787,70.6,5,1
Nashik,Maharashtra,Godavari,765.7,9.1,0.523,532.0,3,1
Varanasi,Uttar Pradesh,Ganga,1338.39,10.49,0.95,84.4,3,1
Jodhpur,Rajasthan,Arid,181.34,1.78,0.1,208.8,0,0
Jodhpur,Rajasthan,Arid,168.23,1.07,0.334,234.8,0,0
Rajahmundry,Andhra Pradesh,Godavari,792.9,9.03,0.95,12.8,0,1
Sangli,Maharashtra,Krishna,681.28,5.31,0.614,556.5,2,1
Mysore,Karnataka,Kaveri,967.93,8.24,0.1,810.9,2,0
Mumbai,Maharashtra,Coastal,2473.94,3.67,0.798,14.2,2,0
Jodhpur,Rajasthan,Arid,272.59,1.89,0.156,250.1,0,0
Nashik,Maharashtra,Godavari,718.4,7.28,0.178,610.1,1,0
Mysore,Karnataka,Kaveri,809.27,4.58,0.1,789.3,1,0
Chennai,Tamil Nadu,Coastal,1497.46,5.8,0.563,5.4,2,0
Patna,Bihar,Ganga,1112.49,19.25,0.923,64.0,2,1
Patna,Bihar,Ganga,1606.87,18.14,0.344,60.7,5,1
Dibrugarh,Assam,Brahmaputra,3632.32,17.12,0.384,90.7,3,1
Kolkata,West Bengal,Coastal,1491.64,8.8,0.707,8.5,4,0
Kolkata,West Bengal,Coastal,1695.75,15.13,0.714,6.8,2,0
Jaipur,Rajasthan,Arid,566.74,3.55,0.453,427.1,0,0
Trichy,Tamil Nadu,Kaveri,503.0,9.32,0.495,79.5,0,0
Cuttack,Odisha,Mahanadi,1575.5,9.93,0.1,24.1,3,1
Jaipur,Rajasthan,Arid,686.08,3.39,0.1,467.4,2,0
Jaipur,Rajasthan,Arid,653.07,1.78,0.173,469.4,1,0
Sangli,Maharashtra,Krishna,516.86,9.25,0.837,546.7,0,1
Cuttack,Odisha,Mahanadi,2452.34,9.4,0.1,25.4,3,1
Guwahati,Assam,Brahmaputra,1256.11,19.48,0.825,60.2,10,1
Sambalpur,Odisha,Mahanadi,902.7,7.28,0.673,154.0,2,1
Guwahati,Assam,Brahmaputra,1984.87,14.36,0.95,55.8,4,1
Patna,Bihar,Ganga,1126.38,13.65,0.436,53.9,3,1
Rajahmundry,Andhra Pradesh,Godavari,1012.27,8.53,0.12,15.9,2,1
Sangli,Maharashtra,Krishna,431.62,8.03,0.807,608.0,0,0
Sangli,Maharashtra,Krishna,620.76,7.64,0.202,477.7,0,0
Mumbai,Maharashtra,Coastal,3295.29,5.57,0.806,13.7,1,1
Mumbai,Maharashtra,Coastal,2372.88,2.61,0.441,13.8,1,1
Kolkata,West Bengal,Coastal,1294.85,7.04,0.199,8.7,1,0
Patna,Bihar,Ganga,772.58,17.94,0.95,67.2,5,1
Cuttack,Odisha,Mahanadi,1805.57,9.58,0.362,24.4,2,1
Trichy,Tamil Nadu,Kaveri,1060.24,7.33,0.1,78.9,1,0
Vijayawada,Andhra Pradesh,Krishna,653.67,13.99,0.632,10.1,5,0
Mysore,Karnataka,Kaveri,840.01,3.56,0.629,821.2,2,0
Jaipur,Rajasthan,Arid,543.84,1.92,0.703,431.4,0,1
Nashik,Maharashtra,Godavari,1059.84,7.27,0.114,664.1,1,0
Patna,Bihar,Ganga,957.45,11.41,0.6,55.7,2,1
Patna,Bihar,Ganga,876.68,22.4,0.879,57.0,0,1
Varanasi,Uttar Pradesh,Ganga,1008.44,7.42,0.476,74.5,1,1
Dibrugarh,Assam,Brahmaputra,2348.67,25.29,0.95,98.8,5,1
Vijayawada,Andhra Pradesh,Krishna,862.87,10.38,0.632,11.9,2,1
Allahabad,Uttar Pradesh,Ganga,1290.65,8.79,0.825,72.2,2,0
Cuttack,Odisha,Mahanadi,1664.78,9.26,0.8,25.0,3,1
Sangli,Maharashtra,Krishna,782.51,8.52,0.564,623.8,1,1
Kolkata,West Bengal,Coastal,1814.92,7.21,0.95,6.2,5,0
Trichy,Tamil Nadu,Kaveri,817.95,5.32,0.635,74.8,2,0
Trichy,Tamil Nadu,Kaveri,598.19,9.2,0.34,74.9,3,0
Chennai,Tamil Nadu,Coastal,1478.4,2.64,0.1,5.6,2,0
Rajahmundry,Andhra Pradesh,Godavari,1219.13,12.71,0.449,12.8,1,0
Sambalpur,Odisha,Mahanadi,1081.93,9.31,0.1,161.0,3,0
Majuli,Assam,Brahmaputra,2095.33,19.66,0.95,89.3,4,1
Allahabad,Uttar Pradesh,Ganga,1000.82,13.99,0.158,92.6,1,1
Allahabad,Uttar Pradesh,Ganga,904.8,13.92,0.235,95.2,1,1
Jodhpur,Rajasthan,Arid,247.22,2.18,0.1,225.4,1,0
Kolkata,West Bengal,Coastal,1214.39,7.54,0.358,7.9,3,0
Chennai,Tamil Nadu,Coastal,1371.19,5.21,0.53,6.3,2,0
Varanasi,Uttar Pradesh,Ganga,931.68,9.68,0.262,75.7,4,1
Patna,Bihar,Ganga,1342.15,23.78,0.95,60.7,3,1
Guwahati,Assam,Brahmaputra,1780.18,16.99,0.902,51.6,3,1
Varanasi,Uttar Pradesh,Ganga,766.83,7.53,0.937,87.4,3,1
Jodhpur,Rajasthan,Arid,327.54,2.58,0.1,237.3,0,0
Sambalpur,Odisha,Mahanadi,901.94,9.64,0.631,144.4,0,0
Mysore,Karnataka,Kaveri,766.81,5.74,0.761,789.6,0,0
Varanasi,Uttar Pradesh,Ganga,1155.84,19.61,0.19,89.3,4,1
Patna,Bihar,Ganga,603.73,12.47,0.396,57.0,2,1
Majuli,Assam,Brahmaputra,1912.57,6.19,0.724,80.5,6,1
Rajahmundry,Andhra Pradesh,Godavari,1526.54,8.04,0.95,16.6,1,1
Vijayawada,Andhra Pradesh,Krishna,774.08,3.21,0.409,14.1,3,1
Mumbai,Maharashtra,Coastal,3172.34,5.26,0.719,12.6,2,1
Varanasi,Uttar Pradesh,Ganga,1233.06,16.89,0.461,77.6,0,1
Patna,Bihar,Ganga,1729.64,13.81,0.828,55.8,5,1
Dibrugarh,Assam,Brahmaputra,2906.41,16.42,0.664,82.8,4,1
Majuli,Assam,Brahmaputra,2182.16,11.23,0.533,101.4,7,1
Jaipur,Rajasthan,Arid,358.33,4.8,0.21,421.5,0,0
Majuli,Assam,Brahmaputra,2662.75,3.59,0.95,85.4,3,1
Majuli,Assam,Brahmaputra,2770.17,11.34,0.861,95.1,4,1
Guwahati,Assam,Brahmaputra,1809.5,12.0,0.909,54.3,3,1
Chennai,Tamil Nadu,Coastal,980.66,4.9,0.1,6.0,4,1
Allahabad,Uttar Pradesh,Ganga,1025.12,12.76,0.1,89.9,4,0
Vijayawada,Andhra Pradesh,Krishna,1265.43,6.64,0.538,12.6,2,1
Mysore,Karnataka,Kaveri,967.43,5.94,0.426,931.2,2,0
Vijayawada,Andhra Pradesh,Krishna,1056.72,8.33,0.329,11.0,6,0
Nashik,Maharashtra,Godavari,943.27,6.65,0.124,608.0,0,0
Patna,Bihar,Ganga,962.24,11.75,0.95,47.8,7,1
Vijayawada,Andhra Pradesh,Krishna,554.9,14.62,0.534,12.5,1,1
Majuli,Assam,Brahmaputra,2661.43,22.02,0.58,81.3,6,1
Guwahati,Assam,Brahmaputra,1567.71,12.83,0.632,48.8,2,1
Jodhpur,Rajasthan,Arid,291.34,1.04,0.286,202.3,0,1
Patna,Bihar,Ganga,857.11,16.07,0.51,50.6,2,1
Vijayawada,Andhra Pradesh,Krishna,1019.3,7.18,0.101,10.9,1,0
Jodhpur,Rajasthan,Arid,379.86,1.21,0.1,216.4,0,0
Vijayawada,Andhra Pradesh,Krishna,481.39,7.41,0.741,14.7,2,0
Jodhpur,Rajasthan,Arid,354.36,2.46,0.326,221.9,0,1
Cuttack,Odisha,Mahanadi,1572.52,10.28,0.71,23.7,4,1
Sambalpur,Odisha,Mahanadi,964.41,14.94,0.95,138.1,1,1
Mumbai,Maharashtra,Coastal,1931.28,5.13,0.177,11.9,2,1
Sambalpur,Odisha,Mahanadi,1621.6,10.36,0.371,161.2,2,1
Nashik,Maharashtra,Godavari,727.87,8.6,0.215,563.2,1,0
Majuli,Assam,Brahmaputra,2423.21,16.12,0.843,84.0,11,1
Chennai,Tamil Nadu,Coastal,1358.36,6.13,0.549,6.2,1,1
Chennai,Tamil Nadu,Coastal,1026.23,6.96,0.74,5.3,2,1
Mumbai,Maharashtra,Coastal,1565.45,5.49,0.895,14.5,2,1
Mysore,Karnataka,Kaveri,571.64,6.61,0.1,719.2,0,0
Dibrugarh,Assam,Brahmaputra,2605.72,21.83,0.69,95.3,7,1
Patna,Bihar,Ganga,2016.05,14.55,0.7,56.6,3,1
Kolkata,West Bengal,Coastal,1055.65,6.6,0.86,9.1,5,1
Kolkata,West Bengal,Coastal,1202.93,10.97,0.376,7.6,6,1
Jodhpur,Rajasthan,Arid,506.98,1.42,0.112,222.5,0,0
Kolkata,West Bengal,Coastal,2184.63,9.48,0.355,7.4,2,0
Jaipur,Rajasthan,Arid,639.55,2.32,0.19,450.8,0,0
Trichy,Tamil Nadu,Kaveri,1058.67,5.1,0.694,70.6,1,1
Sambalpur,Odisha,Mahanadi,1168.32,12.02,0.727,142.8,4,0
Mysore,Karnataka,Kaveri,1075.49,8.05,0.328,759.6,1,0
Cuttack,Odisha,Mahanadi,1326.93,22.06,0.875,21.2,1,1
Sangli,Maharashtra,Krishna,1222.03,6.94,0.27,629.5,3,1
Majuli,Assam,Brahmaputra,2213.87,8.4,0.95,80.3,3,1
Kolkata,West Bengal,Coastal,1641.26,8.14,0.277,7.5,2,1
Jaipur,Rajasthan,Arid,742.79,2.67,0.57,383.4,2,0
Jodhpur,Rajasthan,Arid,304.74,1.5,0.772,238.6,0,0
Nashik,Maharashtra,Godavari,852.35,8.72,0.1,518.0,0,0
Patna,Bihar,Ganga,1059.16,20.82,0.414,48.9,3,1
Cuttack,Odisha,Mahanadi,1997.62,12.42,0.1,25.9,4,0
Cuttack,Odisha,Mahanadi,1104.77,18.12,0.95,28.2,3,1
Mysore,Karnataka,Kaveri,759.15,2.98,0.752,847.3,0,0
Patna,Bihar,Ganga,1277.96,15.6,0.678,50.8,3,1
Nashik,Maharashtra,Godavari,899.92,8.67,0.773,561.9,0,0
Sambalpur,Odisha,Mahanadi,1320.19,6.0,0.523,148.8,3,0
Dibrugarh,Assam,Brahmaputra,3033.63,19.56,0.892,97.9,4,1
Guwahati,Assam,Brahmaputra,1837.2,14.61,0.95,47.6,6,1
Patna,Bihar,Ganga,1303.93,11.26,0.17,54.7,1,1
Mysore,Karnataka,Kaveri,780.67,6.09,0.681,862.1,0,1
Dibrugarh,Assam,Brahmaputra,2928.5,24.13,0.95,98.8,1,1
Rajahmundry,Andhra Pradesh,Godavari,989.43,7.51,0.55,15.2,3,1
Sambalpur,Odisha,Mahanadi,1110.69,9.61,0.417,138.7,2,0
Nashik,Maharashtra,Godavari,1045.3,7.3,0.1,575.7,1,0
Trichy,Tamil Nadu,Kaveri,916.69,9.74,0.321,79.0,0,0
Rajahmundry,Andhra Pradesh,Godavari,1250.0,8.65,0.912,16.4,2,1
Cuttack,Odisha,Mahanadi,1316.32,12.63,0.944,22.9,2,1
Sambalpur,Odisha,Mahanadi,1181.01,12.82,0.425,134.2,3,1
Varanasi,Uttar Pradesh,Ganga,608.85,8.08,0.946,72.8,1,1
Trichy,Tamil Nadu,Kaveri,697.03,5.97,0.1,83.1,1,0
Chennai,Tamil Nadu,Coastal,1593.85,5.52,0.1,6.3,1,0
Mysore,Karnataka,Kaveri,568.38,10.16,0.509,799.7,0,0
Varanasi,Uttar Pradesh,Ganga,661.72,11.31,0.95,81.8,3,1
Rajahmundry,Andhra Pradesh,Godavari,693.88,5.23,0.461,18.1,0,0
Jaipur,Rajasthan,Arid,292.43,4.02,0.1,437.0,1,0
Cuttack,Odisha,Mahanadi,1860.12,17.64,0.929,25.4,4,1
Nashik,Maharashtra,Godavari,970.8,4.03,0.727,548.3,1,0
Patna,Bihar,Ganga,775.39,18.45,0.701,55.5,4,1
Cuttack,Odisha,Mahanadi,865.8,18.09,0.738,23.6,2,1
Mysore,Karnataka,Kaveri,882.11,7.24,0.162,778.8,1,0
Mysore,Karnataka,Kaveri,1018.8,8.09,0.715,840.7,0,1
Mysore,Karnataka,Kaveri,820.01,5.58,0.668,827.8,0,1
Allahabad,Uttar Pradesh,Ganga,996.63,11.12,0.475,90.0,2,1
Nashik,Maharashtra,Godavari,832.74,3.5,0.534,594.8,0,1
Allahabad,Uttar Pradesh,Ganga,1045.74,11.0,0.1,84.6,2,1
Kolkata,West Bengal,Coastal,1258.7,5.92,0.77,9.5,2,0
Kolkata,West Bengal,Coastal,1171.66,8.67,0.938,8.8,2,1
Jaipur,Rajasthan,Arid,576.25,1.92,0.428,447.9,0,0
Nashik,Maharashtra,Godavari,1120.84,10.87,0.791,622.2,3,1
Guwahati,Assam,Brahmaputra,2022.33,14.73,0.255,48.2,6,1
Dibrugarh,Assam,Brahmaputra,1991.41,24.99,0.516,105.8,4,1
Cuttack,Odisha,Mahanadi,1998.73,14.85,0.453,26.0,3,0
Kolkata,West Bengal,Coastal,2152.77,5.02,0.661,7.4,4,1
Mumbai,Maharashtra,Coastal,1663.93,4.23,0.468,16.0,2,0
Kolkata,West Bengal,Coastal,1583.81,11.64,0.5,7.6,0,1
Allahabad,Uttar Pradesh,Ganga,622.38,12.19,0.731,102.4,1,0
Cuttack,Odisha,Mahanadi,1177.6,10.53,0.759,25.8,6,1
Mumbai,Maharashtra,Coastal,1350.1,3.92,0.941,15.0,3,1
Trichy,Tamil Nadu,Kaveri,753.6,8.0,0.732,62.9,0,0
Vijayawada,Andhra Pradesh,Krishna,899.46,4.85,0.461,10.3,1,1
Vijayawada,Andhra Pradesh,Krishna,630.52,5.54,0.7,9.9,2,0
Mysore,Karnataka,Kaveri,895.58,4.19,0.1,898.7,1,0
Chennai,Tamil Nadu,Coastal,1214.99,3.92,0.577,5.5,4,1
Dibrugarh,Assam,Brahmaputra,1973.88,10.05,0.916,107.8,6,1
Sambalpur,Odisha,Mahanadi,1238.12,10.4,0.826,146.2,3,0
Dibrugarh,Assam,Brahmaputra,2479.42,20.47,0.95,100.9,8,1
Mysore,Karnataka,Kaveri,575.87,6.7,0.594,836.9,1,1
Sangli,Maharashtra,Krishna,871.49,8.34,0.248,479.4,0,0
Chennai,Tamil Nadu,Coastal,1177.45,3.77,0.575,5.9,2,1
Sangli,Maharashtra,Krishna,1078.78,6.92,0.303,604.6,0,0
Jodhpur,Rajasthan,Arid,313.59,2.52,0.575,198.4,1,0
Patna,Bihar,Ganga,882.69,16.54,0.568,55.0,3,1
Kolkata,West Bengal,Coastal,1762.49,5.92,0.1,8.4,4,0
Dibrugarh,Assam,Brahmaputra,2737.54,29.62,0.95,71.4,5,1
Rajahmundry,Andhra Pradesh,Godavari,1534.59,8.39,0.95,13.1,3,1
Allahabad,Uttar Pradesh,Ganga,1167.7,10.04,0.782,105.7,3,0
Jaipur,Rajasthan,Arid,835.55,3.61,0.802,430.7,0,0
Trichy,Tamil Nadu,Kaveri,812.22,3.19,0.605,69.5,1,1
Rajahmundry,Andhra Pradesh,Godavari,1077.7,15.55,0.683,15.3,1,1
Sambalpur,Odisha,Mahanadi,1122.02,9.39,0.468,162.7,3,1
Cuttack,Odisha,Mahanadi,1464.16,15.56,0.643,26.0,2,1
Cuttack,Odisha,Mahanadi,1782.04,6.36,0.65,21.8,2,0
Varanasi,Uttar Pradesh,Ganga,1433.46,14.07,0.197,68.5,4,0
Vijayawada,Andhra Pradesh,Krishna,650.58,7.43,0.937,13.4,1,1
Allahabad,Uttar Pradesh,Ganga,870.3,5.59,0.895,89.2,2,0
Kolkata,West Bengal,Coastal,1367.1,6.93,0.552,6.8,0,1
Guwahati,Assam,Brahmaputra,2071.15,13.47,0.929,56.9,5,1
Jaipur,Rajasthan,Arid,377.63,2.11,0.1,422.2,0,0
Patna,Bihar,Ganga,980.89,22.62,0.161,48.8,3,1
Trichy,Tamil Nadu,Kaveri,1172.08,4.82,0.1,81.4,0,1
Trichy,Tamil Nadu,Kaveri,859.94,6.16,0.183,70.0,0,0
Allahabad,Uttar Pradesh,Ganga,922.41,16.68,0.471,89.8,4,1
Cuttack,Odisha,Mahanadi,726.61,4.68,0.1,24.5,0,0
Jodhpur,Rajasthan,Arid,294.1,1.92,0.54,237.3,0,0
Dibrugarh,Assam,Brahmaputra,2367.86,9.83,0.949,87.8,3,1
Allahabad,Uttar Pradesh,Ganga,832.27,11.29,0.101,89.6,3,1
Chennai,Tamil Nadu,Coastal,1355.21,4.87,0.438,5.4,2,0
Chennai,Tamil Nadu,Coastal,2098.07,5.75,0.774,6.1,1,0
Majuli,Assam,Brahmaputra,2583.35,21.58,0.793,73.3,1,1
Rajahmundry,Andhra Pradesh,Godavari,1389.32,12.58,0.844,15.4,2,1
Vijayawada,Andhra Pradesh,Krishna,881.62,11.26,0.565,13.0,1,1
Majuli,Assam,Brahmaputra,2711.04,10.85,0.793,79.5,6,1
Rajahmundry,Andhra Pradesh,Godavari,1294.35,4.34,0.198,14.2,0,1
Jaipur,Rajasthan,Arid,438.88,3.33,0.659,442.2,1,0
Jaipur,Rajasthan,Arid,449.71,2.93,0.626,427.4,1,0
Chennai,Tamil Nadu,Coastal,1436.12,7.29,0.297,5.4,3,0
Rajahmundry,Andhra Pradesh,Godavari,1018.05,4.98,0.228,13.9,1,0
Majuli,Assam,Brahmaputra,2367.84,16.77,0.125,92.5,2,1
Vijayawada,Andhra Pradesh,Krishna,1256.67,5.93,0.18,12.6,7,0
Dibrugarh,Assam,Brahmaputra,3078.7,19.99,0.367,106.6,10,1
Mysore,Karnataka,Kaveri,984.3,5.68,0.752,876.8,1,1
Nashik,Maharashtra,Godavari,639.04,8.01,0.832,520.5,1,0
Varanasi,Uttar Pradesh,Ganga,892.43,15.28,0.16,76.7,1,1
Allahabad,Uttar Pradesh,Ganga,951.2,13.79,0.905,114.5,2,0
Rajahmundry,Andhra Pradesh,Godavari,564.98,13.95,0.508,16.6,0,0
Vijayawada,Andhra Pradesh,Krishna,753.25,10.72,0.286,11.9,1,1
Vijayawada,Andhra Pradesh,Krishna,1004.39,7.03,0.859,13.3,4,1
Jaipur,Rajasthan,Arid,541.9,3.0,0.357,494.0,0,0
Majuli,Assam,Brahmaputra,2361.31,13.1,0.503,74.6,5,1
Rajahmundry,Andhra Pradesh,Godavari,1495.22,4.11,0.767,15.8,4,0
Sangli,Maharashtra,Krishna,798.42,8.66,0.719,545.0,1,0
Sangli,Maharashtra,Krishna,882.21,10.1,0.166,613.0,0,0
Cuttack,Odisha,Mahanadi,999.41,15.03,0.679,22.5,3,1
Patna,Bihar,Ganga,1289.1,21.39,0.919,56.7,4,1
Allahabad,Uttar Pradesh,Ganga,992.84,13.98,0.355,92.7,1,1
Guwahati,Assam,Brahmaputra,1466.96,15.37,0.485,50.8,2,0
Jodhpur,Rajasthan,Arid,434.96,3.15,0.1,237.9,0,0
Patna,Bihar,Ganga,1272.59,16.0,0.309,43.5,6,0
Rajahmundry,Andhra Pradesh,Godavari,958.32,4.99,0.628,17.1,2,0
Trichy,Tamil Nadu,Kaveri,740.97,6.32,0.606,71.9,2,1
Majuli,Assam,Brahmaputra,1887.89,15.43,0.342,81.9,6,1
Cuttack,Odisha,Mahanadi,1351.71,14.87,0.787,20.8,2,1
Kolkata,West Bengal,Coastal,1514.52,7.31,0.266,7.8,4,1
Majuli,Assam,Brahmaputra,2509.4,16.32,0.553,76.8,4,1
Jaipur,Rajasthan,Arid,560.36,3.34,0.15,411.9,0,0
Jaipur,Rajasthan,Arid,618.79,1.98,0.406,414.7,0,0
Allahabad,Uttar Pradesh,Ganga,907.09,12.4,0.95,77.6,4,1
Guwahati,Assam,Brahmaputra,830.91,12.56,0.95,66.6,2,1
Rajahmundry,Andhra Pradesh,Godavari,1459.6,14.92,0.812,13.1,4,1
Kolkata,West Bengal,Coastal,2407.16,9.11,0.6,9.4,1,1
Guwahati,Assam,Brahmaputra,1691.99,7.02,0.538,54.9,3,1
Trichy,Tamil Nadu,Kaveri,939.89,4.46,0.499,76.5,0,1
Nashik,Maharashtra,Godavari,798.72,10.36,0.804,594.9,2,1
Allahabad,Uttar Pradesh,Ganga,983.45,3.57,0.168,91.0,4,0
Varanasi,Uttar Pradesh,Ganga,968.04,21.78,0.609,72.1,4,0
Sambalpur,Odisha,Mahanadi,1561.8,8.54,0.95,164.3,4,0
Vijayawada,Andhra Pradesh,Krishna,834.04,7.3,0.245,12.6,0,0
Vijayawada,Andhra Pradesh,Krishna,628.77,7.31,0.95,11.2,1,1
Sambalpur,Odisha,Mahanadi,1042.53,10.11,0.303,148.2,4,0
Allahabad,Uttar Pradesh,Ganga,990.52,15.08,0.631,102.0,1,1
Sangli,Maharashtra,Krishna,485.74,7.85,0.306,531.4,2,0
Vijayawada,Andhra Pradesh,Krishna,1094.02,10.12,0.1,12.1,3,0
Mumbai,Maharashtra,Coastal,2605.21,4.37,0.48,15.6,0,1
Guwahati,Assam,Brahmaputra,2043.6,18.85,0.16,52.7,8,1
Patna,Bihar,Ganga,881.31,6.43,0.95,49.3,3,1
Varanasi,Uttar Pradesh,Ganga,1218.24,12.87,0.577,93.8,3,1
Trichy,Tamil Nadu,Kaveri,1060.27,1.3,0.39,82.9,2,0
Majuli,Assam,Brahmaputra,1976.08,19.26,0.578,83.3,4,1
Cuttack,Odisha,Mahanadi,1346.29,12.74,0.832,20.1,4,1
Jaipur,Rajasthan,Arid,512.41,1.77,0.1,397.2,1,0
Jaipur,Rajasthan,Arid,612.64,3.09,0.1,405.0,0,0
Cuttack,Odisha,Mahanadi,1711.85,13.96,0.1,20.8,0,0
Varanasi,Uttar Pradesh,Ganga,1407.28,14.1,0.905,96.3,2,1
Nashik,Maharashtra,Godavari,930.99,3.0,0.56,638.7,2,0
Sambalpur,Odisha,Mahanadi,1885.25,4.68,0.829,149.2,1,1
Mysore,Karnataka,Kaveri,510.21,7.15,0.908,760.4,0,0
Vijayawada,Andhra Pradesh,Krishna,569.38,8.22,0.404,10.6,2,0
Jodhpur,Rajasthan,Arid,362.89,1.79,0.1,241.0,0,0
Rajahmundry,Andhra Pradesh,Godavari,1168.34,10.87,0.312,11.5,2,0
Dibrugarh,Assam,Brahmaputra,2869.43,25.38,0.95,113.8,5,1
Rajahmundry,Andhra Pradesh,Godavari,986.26,8.04,0.937,13.8,3,1
Cuttack,Odisha,Mahanadi,1424.01,11.48,0.504,25.2,1,1
Jodhpur,Rajasthan,Arid,387.64,1.94,0.1,211.8,0,1
Mysore,Karnataka,Kaveri,767.21,7.48,0.153,718.0,0,0
Jodhpur,Rajasthan,Arid,355.76,2.43,0.1,237.6,0,1
Kolkata,West Bengal,Coastal,1726.78,8.95,0.266,9.0,3,1
Vijayawada,Andhra Pradesh,Krishna,1445.47,9.34,0.363,13.6,1,1
Sambalpur,Odisha,Mahanadi,1899.03,6.84,0.795,142.4,1,1
Varanasi,Uttar Pradesh,Ganga,1063.33,5.47,0.63,85.5,2,1
Dibrugarh,Assam,Brahmaputra,2875.83,16.13,0.839,96.4,3,0
Sangli,Maharashtra,Krishna,959.75,7.21,0.219,542.1,2,1
Varanasi,Uttar Pradesh,Ganga,960.31,4.62,0.56,81.3,4,1
Chennai,Tamil Nadu,Coastal,1729.0,3.09,0.95,5.6,2,0
Mumbai,Maharashtra,Coastal,2298.83,2.96,0.592,13.7,2,1
Kolkata,West Bengal,Coastal,1387.06,9.22,0.95,7.1,2,1
Varanasi,Uttar Pradesh,Ganga,971.89,16.06,0.79,78.3,4,0
Chennai,Tamil Nadu,Coastal,1171.15,7.87,0.424,5.7,2,0
Guwahati,Assam,Brahmaputra,1984.65,18.91,0.95,63.2,4,1
Varanasi,Uttar Pradesh,Ganga,1160.88,18.33,0.1,78.2,5,1
Dibrugarh,Assam,Brahmaputra,2529.81,15.71,0.689,94.7,3,1
Dibrugarh,Assam,Brahmaputra,2355.57,12.43,0.663,81.8,6,1
Allahabad,Uttar Pradesh,Ganga,1205.07,9.09,0.369,87.0,5,0
Kolkata,West Bengal,Coastal,2117.83,6.66,0.337,7.0,3,1
Guwahati,Assam,Brahmaputra,1624.29,7.75,0.627,46.6,9,1
Mumbai,Maharashtra,Coastal,2064.69,3.59,0.524,14.0,4,0
Chennai,Tamil Nadu,Coastal,1064.14,7.22,0.897,6.2,2,0
Guwahati,Assam,Brahmaputra,2096.35,18.7,0.1,45.4,6,1
Vijayawada,Andhra Pradesh,Krishna,1529.53,14.5,0.45,10.0,0,1
Mysore,Karnataka,Kaveri,1033.72,5.75,0.529,746.5,0,0
Mysore,Karnataka,Kaveri,796.6,6.3,0.266,815.7,0,0
Jodhpur,Rajasthan,Arid,364.27,1.92,0.435,235.6,1,0
Sambalpur,Odisha,Mahanadi,2011.14,13.35,0.844,185.6,0,0
Nashik,Maharashtra,Godavari,1234.8,7.97,0.815,574.3,1,0
Vijayawada,Andhra Pradesh,Krishna,519.8,13.14,0.464,9.3,0,0
Sambalpur,Odisha,Mahanadi,1379.42,13.92,0.323,153.4,2,1
Kolkata,West Bengal,Coastal,1693.17,0.5,0.95,8.4,1,1
Guwahati,Assam,Brahmaputra,2060.8,13.4,0.616,44.1,1,1
Varanasi,Uttar Pradesh,Ganga,938.44,10.7,0.687,81.3,3,0
Jodhpur,Rajasthan,Arid,397.74,1.8,0.621,215.9,0,0
Patna,Bihar,Ganga,1836.65,17.5,0.521,61.1,4,1
Trichy,Tamil Nadu,Kaveri,897.4,7.15,0.947,77.4,1,1
Varanasi,Uttar Pradesh,Ganga,587.34,11.91,0.506,69.1,3,1
Guwahati,Assam,Brahmaputra,1473.99,20.88,0.95,52.8,2,1
Nashik,Maharashtra,Godavari,1104.87,6.66,0.494,603.5,0,0
Varanasi,Uttar Pradesh,Ganga,823.25,13.31,0.62,75.3,2,0
Patna,Bihar,Ganga,1229.12,14.9,0.811,49.9,1,0
Kolkata,West Bengal,Coastal,1737.15,13.01,0.173,7.3,3,1
Vijayawada,Andhra Pradesh,Krishna,1144.22,3.83,0.196,12.3,5,0
Allahabad,Uttar Pradesh,Ganga,892.02,8.16,0.763,87.8,1,0
Sambalpur,Odisha,Mahanadi,884.28,12.46,0.434,141.6,0,0
Patna,Bihar,Ganga,854.7,13.96,0.591,51.2,2,1
Varanasi,Uttar Pradesh,Ganga,1150.83,14.98,0.349,72.8,4,1
Allahabad,Uttar Pradesh,Ganga,1397.72,3.46,0.922,71.7,1,0
Mumbai,Maharashtra,Coastal,2552.79,3.18,0.184,13.0,1,1
Kolkata,West Bengal,Coastal,1695.03,14.57,0.709,8.6,0,1
Mysore,Karnataka,Kaveri,954.58,8.72,0.113,796.5,0,1
Majuli,Assam,Brahmaputra,2846.04,13.75,0.712,82.8,8,1
Nashik,Maharashtra,Godavari,653.07,3.08,0.656,609.2,0,0
Vijayawada,Andhra Pradesh,Krishna,1275.45,11.2,0.494,12.8,0,1
Chennai,Tamil Nadu,Coastal,922.24,6.11,0.767,5.2,1,0
Trichy,Tamil Nadu,Kaveri,1052.11,9.56,0.1,86.8,3,0
Patna,Bihar,Ganga,744.19,15.5,0.301,54.7,3,1
Dibrugarh,Assam,Brahmaputra,2874.39,13.43,0.92,84.5,6,1
Mumbai,Maharashtra,Coastal,2453.17,3.14,0.1,15.0,3,1
Kolkata,West Bengal,Coastal,1412.75,8.87,0.577,8.3,2,1
Mumbai,Maharashtra,Coastal,1995.95,5.49,0.713,14.2,3,1
Sangli,Maharashtra,Krishna,947.18,11.03,0.813,515.9,2,1
Vijayawada,Andhra Pradesh,Krishna,786.85,12.14,0.392,11.6,2,0
Majuli,Assam,Brahmaputra,2612.5,16.15,0.837,71.8,2,1
Majuli,Assam,Brahmaputra,3069.83,22.17,0.932,71.8,5,1
Jaipur,Rajasthan,Arid,683.79,3.11,0.134,372.3,0,0
Varanasi,Uttar Pradesh,Ganga,1022.85,4.66,0.783,86.8,6,1
Guwahati,Assam,Brahmaputra,2529.21,16.67,0.811,46.6,5,1
Sangli,Maharashtra,Krishna,673.28,6.69,0.236,599.3,0,0
Majuli,Assam,Brahmaputra,2310.13,22.44,0.424,83.2,5,1
Jaipur,Rajasthan,Arid,796.08,2.88,0.1,448.7,1,0
Sambalpur,Odisha,Mahanadi,1143.31,2.65,0.41,156.4,3,0
Patna,Bihar,Ganga,1006.46,11.61,0.161,53.9,2,0
Dibrugarh,Assam,Brahmaputra,2423.4,17.53,0.935,95.7,4,1
Cuttack,Odisha,Mahanadi,1925.57,9.33,0.832,20.6,0,1
Rajahmundry,Andhra Pradesh,Godavari,1259.64,6.17,0.487,16.1,3,0
Rajahmundry,Andhra Pradesh,Godavari,875.53,12.5,0.95,13.0,1,0
Kolkata,West Bengal,Coastal,1694.13,11.55,0.588,7.9,0,1
Sambalpur,Odisha,Mahanadi,1704.38,7.74,0.95,133.1,2,1
Guwahati,Assam,Brahmaputra,1571.33,16.37,0.783,60.4,6,1
Chennai,Tamil Nadu,Coastal,1190.92,2.83,0.799,5.7,1,0
Allahabad,Uttar Pradesh,Ganga,794.8,7.87,0.557,99.2,2,0
Sangli,Maharashtra,Krishna,1060.07,5.44,0.551,511.4,1,0
Mysore,Karnataka,Kaveri,527.07,5.62,0.879,693.3,0,0
Vijayawada,Andhra Pradesh,Krishna,1234.72,5.5,0.74,12.0,2,0
Nashik,Maharashtra,Godavari,680.61,7.84,0.519,625.6,0,1
Dibrugarh,Assam,Brahmaputra,3370.13,25.46,0.9,89.8,6,1
Varanasi,Uttar Pradesh,Ganga,583.61,4.12,0.573,86.1,1,0
Cuttack,Odisha,Mahanadi,1196.24,16.47,0.208,23.8,2,0
Guwahati,Assam,Brahmaputra,1639.93,4.66,0.95,54.9,2,0
Trichy,Tamil Nadu,Kaveri,587.4,8.04,0.49,84.7,2,0
Sangli,Maharashtra,Krishna,650.48,7.12,0.938,646.0,1,0
Majuli,Assam,Brahmaputra,2521.41,14.94,0.639,76.5,5,1
Varanasi,Uttar Pradesh,Ganga,1539.29,13.1,0.528,72.3,6,1
Mumbai,Maharashtra,Coastal,2527.62,3.66,0.121,14.1,0,0
Patna,Bihar,Ganga,1177.67,19.8,0.841,47.7,6,1
Jodhpur,Rajasthan,Arid,376.72,1.72,0.1,213.6,0,0
Mysore,Karnataka,Kaveri,407.88,4.37,0.657,687.7,0,1
Cuttack,Odisha,Mahanadi,1382.81,6.31,0.219,21.7,1,0
Sangli,Maharashtra,Krishna,1071.41,5.71,0.687,590.9,2,0
Cuttack,Odisha,Mahanadi,1768.13,13.44,0.333,24.9,3,1
Sangli,Maharashtra,Krishna,865.6,9.83,0.129,521.7,1,0
Guwahati,Assam,Brahmaputra,2120.98,15.77,0.95,58.4,1,1
Vijayawada,Andhra Pradesh,Krishna,723.33,9.92,0.1,12.8,0,1
Jodhpur,Rajasthan,Arid,283.01,1.73,0.343,245.8,0,0
Allahabad,Uttar Pradesh,Ganga,958.54,9.77,0.723,72.6,2,1
Majuli,Assam,Brahmaputra,1929.25,8.67,0.185,74.3,7,0
Jodhpur,Rajasthan,Arid,362.69,3.06,0.1,244.5,1,0
Allahabad,Uttar Pradesh,Ganga,986.93,11.56,0.474,90.7,1,0
Allahabad,Uttar Pradesh,Ganga,1024.5,12.56,0.1,104.2,0,0
Mumbai,Maharashtra,Coastal,1450.47,4.91,0.95,13.9,1,1
Nashik,Maharashtra,Godavari,1057.53,9.13,0.947,577.8,0,0
Cuttack,Odisha,Mahanadi,1305.32,8.64,0.738,26.0,1,0
Nashik,Maharashtra,Godavari,697.1,6.87,0.1,725.2,2,0
Sambalpur,Odisha,Mahanadi,1165.12,12.03,0.2,136.9,1,0
Vijayawada,Andhra Pradesh,Krishna,1245.32,3.81,0.586,14.2,2,0
Kolkata,West Bengal,Coastal,1502.34,7.47,0.95,7.5,2,0
Patna,Bihar,Ganga,1636.06,14.84,0.553,52.0,2,1
Cuttack,Odisha,Mahanadi,1722.62,13.9,0.795,23.7,2,1
Mysore,Karnataka,Kaveri,402.82,5.69,0.1,855.7,1,0
Patna,Bihar,Ganga,1134.1,12.64,0.454,49.0,6,0
Sangli,Maharashtra,Krishna,661.81,4.34,0.823,614.8,1,0
Rajahmundry,Andhra Pradesh,Godavari,1510.59,12.76,0.8,15.7,3,0
Rajahmundry,Andhra Pradesh,Godavari,1232.13,10.36,0.1,15.9,3,0
Rajahmundry,Andhra Pradesh,Godavari,1013.11,10.94,0.95,15.2,4,1
Vijayawada,Andhra Pradesh,Krishna,1276.93,10.23,0.147,12.0,1,0
Jaipur,Rajasthan,Arid,487.67,2.82,0.104,497.3,0,0
Patna,Bihar,Ganga,639.82,7.89,0.95,46.6,5,0
Patna,Bihar,Ganga,1101.7,13.56,0.721,52.1,6,1
Sangli,Maharashtra,Krishna,510.39,3.84,0.655,521.7,0,0
Trichy,Tamil Nadu,Kaveri,687.62,5.56,0.95,70.9,2,0
Mumbai,Maharashtra,Coastal,3299.2,4.45,0.757,16.4,2,1
Majuli,Assam,Brahmaputra,1952.71,9.92,0.434,76.1,12,1
Jaipur,Rajasthan,Arid,542.09,2.68,0.523,404.7,2,1
Guwahati,Assam,Brahmaputra,1663.67,11.5,0.104,61.8,2,0
Vijayawada,Andhra Pradesh,Krishna,660.2,12.72,0.485,11.3,0,0
Sambalpur,Odisha,Mahanadi,1012.21,14.22,0.934,161.1,3,1
Mysore,Karnataka,Kaveri,585.18,7.1,0.324,782.7,1,0
Dibrugarh,Assam,Brahmaputra,2209.88,18.74,0.95,96.2,6,1
Guwahati,Assam,Brahmaputra,1660.95,15.53,0.79,54.8,4,1
Dibrugarh,Assam,Brahmaputra,3903.23,5.03,0.765,92.8,5,1
Majuli,Assam,Brahmaputra,2993.57,17.46,0.856,95.0,5,1
Trichy,Tamil Nadu,Kaveri,796.36,7.95,0.788,80.6,1,0
Sangli,Maharashtra,Krishna,877.84,4.14,0.765,526.2,0,0
Mysore,Karnataka,Kaveri,823.8,3.57,0.1,667.9,0,1
Cuttack,Odisha,Mahanadi,1008.29,14.46,0.942,24.2,3,1
Jaipur,Rajasthan,Arid,347.44,3.96,0.525,441.1,0,0
Jodhpur,Rajasthan,Arid,221.48,1.17,0.114,259.4,0,0
Jaipur,Rajasthan,Arid,557.29,2.78,0.346,416.2,1,0
Sambalpur,Odisha,Mahanadi,1478.96,5.22,0.201,144.0,0,1
Cuttack,Odisha,Mahanadi,1641.65,12.59,0.93,20.7,1,0
Allahabad,Uttar Pradesh,Ganga,377.39,9.35,0.652,84.5,2,1
Cuttack,Odisha,Mahanadi,1319.85,6.92,0.513,26.9,4,1
Sambalpur,Odisha,Mahanadi,1187.71,10.56,0.1,164.7,1,1
Cuttack,Odisha,Mahanadi,1730.07,8.12,0.857,23.3,4,0
Cuttack,Odisha,Mahanadi,1067.69,11.43,0.673,28.3,0,0
Rajahmundry,Andhra Pradesh,Godavari,1049.13,9.52,0.521,14.2,1,0
Allahabad,Uttar Pradesh,Ganga,970.04,12.68,0.558,105.1,1,0
Patna,Bihar,Ganga,1224.56,16.02,0.894,59.2,5,1
Chennai,Tamil Nadu,Coastal,1321.83,4.96,0.501,5.6,1,1
Chennai,Tamil Nadu,Coastal,1230.4,4.88,0.621,6.8,1,1
Rajahmundry,Andhra Pradesh,Godavari,1187.89,4.96,0.504,13.8,2,0
Trichy,Tamil Nadu,Kaveri,793.43,2.27,0.471,79.0,0,0
Chennai,Tamil Nadu,Coastal,1044.8,1.39,0.1,6.1,1,0
Jaipur,Rajasthan,Arid,737.82,3.57,0.1,515.1,0,0
Patna,Bihar,Ganga,1109.67,12.04,0.315,50.4,3,0
Sambalpur,Odisha,Mahanadi,1591.51,10.41,0.747,125.4,5,0
Patna,Bihar,Ganga,1371.27,23.22,0.95,42.7,5,1
Allahabad,Uttar Pradesh,Ganga,847.15,15.28,0.1,97.5,3,1
Varanasi,Uttar Pradesh,Ganga,990.42,10.91,0.95,64.5,1,0
Majuli,Assam,Brahmaputra,2164.39,18.83,0.829,94.4,4,1
Dibrugarh,Assam,Brahmaputra,2638.42,19.21,0.761,81.3,4,1
Cuttack,Odisha,Mahanadi,2057.4,10.73,0.705,23.9,3,1
Allahabad,Uttar Pradesh,Ganga,1193.47,8.56,0.231,75.3,2,1
Kolkata,West Bengal,Coastal,1587.1,8.15,0.387,9.0,3,0
Allahabad,Uttar Pradesh,Ganga,979.39,11.65,0.95,108.8,3,1
Varanasi,Uttar Pradesh,Ganga,1094.3,14.51,0.473,69.3,2,1
Rajahmundry,Andhra Pradesh,Godavari,1150.54,8.3,0.342,15.7,2,1
Mysore,Karnataka,Kaveri,535.43,7.4,0.65,777.2,1,0
Kolkata,West Bengal,Coastal,2256.65,7.74,0.552,8.9,0,0
Kolkata,West Bengal,Coastal,1178.83,13.69,0.4,8.4,3,1
Patna,Bihar,Ganga,1664.98,21.19,0.809,62.7,3,1
Jaipur,Rajasthan,Arid,432.71,0.6,0.907,445.2,1,0
Majuli,Assam,Brahmaputra,1832.4,19.19,0.155,74.6,2,0
Patna,Bihar,Ganga,1517.14,20.49,0.91,56.0,3,1
Majuli,Assam,Brahmaputra,2635.77,10.65,0.77,81.2,2,1
Allahabad,Uttar Pradesh,Ganga,986.47,9.89,0.31,90.8,1,0
Majuli,Assam,Brahmaputra,1554.45,18.57,0.535,89.0,6,1
Nashik,Maharashtra,Godavari,1195.38,6.29,0.1,662.7,2,0
Kolkata,West Bengal,Coastal,1853.66,9.77,0.842,7.4,3,1
Sangli,Maharashtra,Krishna,980.39,1.98,0.95,503.8,0,1
Nashik,Maharashtra,Godavari,511.66,7.85,0.332,678.3,0,0
Dibrugarh,Assam,Brahmaputra,3199.05,20.68,0.734,93.5,4,1
Patna,Bihar,Ganga,1144.3,8.93,0.171,52.1,4,0
Guwahati,Assam,Brahmaputra,1176.88,6.11,0.687,47.8,3,1
Sangli,Maharashtra,Krishna,801.43,6.89,0.741,553.1,1,0
Patna,Bihar,Ganga,760.95,10.86,0.89,55.6,7,1
Varanasi,Uttar Pradesh,Ganga,755.3,12.09,0.764,91.6,1,1
Mumbai,Maharashtra,Coastal,2736.14,2.65,0.83,14.7,2,0
Chennai,Tamil Nadu,Coastal,1458.81,7.36,0.293,5.1,0,0
Kolkata,West Bengal,Coastal,1749.1,7.34,0.12,5.9,1,0
Guwahati,Assam,Brahmaputra,2127.57,13.37,0.476,46.5,2,1
Cuttack,Odisha,Mahanadi,1342.98,6.18,0.239,22.0,6,1
Vijayawada,Andhra Pradesh,Krishna,1016.67,4.8,0.91,11.7,1,1
Varanasi,Uttar Pradesh,Ganga,1124.6,13.18,0.326,71.5,1,1
Mumbai,Maharashtra,Coastal,1289.5,3.01,0.567,12.0,1,0
Sambalpur,Odisha,Mahanadi,1595.41,6.09,0.525,146.6,2,1
Mysore,Karnataka,Kaveri,740.03,7.02,0.939,833.9,2,0
Jodhpur,Rajasthan,Arid,213.52,0.9,0.432,241.9,1,0
Sambalpur,Odisha,Mahanadi,1049.99,9.46,0.565,133.8,4,1
Guwahati,Assam,Brahmaputra,1610.6,13.92,0.789,51.6,4,1
Mysore,Karnataka,Kaveri,679.7,2.86,0.152,933.6,2,0
Varanasi,Uttar Pradesh,Ganga,1238.52,10.75,0.255,81.4,6,1
Kolkata,West Bengal,Coastal,1720.47,11.6,0.548,7.9,2,0
Mysore,Karnataka,Kaveri,493.28,3.44,0.204,754.6,1,0
Allahabad,Uttar Pradesh,Ganga,1150.53,15.19,0.415,83.2,3,0
Mysore,Karnataka,Kaveri,683.38,2.15,0.806,738.9,0,0
Cuttack,Odisha,Mahanadi,892.48,9.41,0.834,25.7,4,1
Jodhpur,Rajasthan,Arid,516.07,1.18,0.487,185.6,0,0
Nashik,Maharashtra,Godavari,927.01,6.23,0.1,634.1,1,0
Sambalpur,Odisha,Mahanadi,1956.78,11.31,0.42,158.2,3,0
Majuli,Assam,Brahmaputra,2548.82,13.32,0.648,79.0,6,1
Jaipur,Rajasthan,Arid,925.18,2.41,0.1,424.4,0,0
Chennai,Tamil Nadu,Coastal,1543.65,3.63,0.76,5.4,1,0
Trichy,Tamil Nadu,Kaveri,998.33,9.36,0.714,79.8,0,0
Mysore,Karnataka,Kaveri,692.0,8.72,0.137,904.4,1,0
Chennai,Tamil Nadu,Coastal,1462.25,5.18,0.584,6.7,0,0
Mysore,Karnataka,Kaveri,694.21,5.04,0.941,872.9,0,0
Allahabad,Uttar Pradesh,Ganga,1208.49,5.34,0.308,96.1,2,0
Trichy,Tamil Nadu,Kaveri,867.46,7.38,0.425,85.5,1,0
Vijayawada,Andhra Pradesh,Krishna,776.56,10.96,0.349,13.6,3,1
Chennai,Tamil Nadu,Coastal,1191.2,7.15,0.1,7.0,2,1
Allahabad,Uttar Pradesh,Ganga,1125.1,15.45,0.508,99.5,2,1
Sangli,Maharashtra,Krishna,521.43,7.71,0.905,426.2,1,1
Majuli,Assam,Brahmaputra,2092.7,11.32,0.391,74.1,3,1
Jaipur,Rajasthan,Arid,455.17,2.5,0.409,456.9,0,0
Jodhpur,Rajasthan,Arid,543.26,1.0,0.1,215.7,0,0
Jodhpur,Rajasthan,Arid,426.44,2.35,0.1,227.1,0,0
Trichy,Tamil Nadu,Kaveri,643.83,7.1,0.608,80.0,1,0
Mumbai,Maharashtra,Coastal,1948.15,3.72,0.916,11.2,0,1
Trichy,Tamil Nadu,Kaveri,1398.73,6.86,0.854,75.8,5,0
Trichy,Tamil Nadu,Kaveri,969.76,6.98,0.683,75.0,1,1
Vijayawada,Andhra Pradesh,Krishna,541.27,6.81,0.1,12.9,1,0
Guwahati,Assam,Brahmaputra,1409.12,6.71,0.859,54.6,7,1
Jodhpur,Rajasthan,Arid,303.29,2.13,0.1,241.6,1,0
Kolkata,West Bengal,Coastal,1560.94,4.97,0.579,6.3,2,1
Nashik,Maharashtra,Godavari,1079.62,8.38,0.36,593.6,0,1
Sangli,Maharashtra,Krishna,735.78,10.32,0.446,548.3,0,1
Kolkata,West Bengal,Coastal,1818.42,8.76,0.929,7.7,2,1
Jodhpur,Rajasthan,Arid,329.44,2.04,0.339,231.2,0,0
Kolkata,West Bengal,Coastal,1610.3,7.99,0.95,7.9,0,1
Kolkata,West Bengal,Coastal,1464.13,7.73,0.738,8.0,2,0
Sangli,Maharashtra,Krishna,866.83,7.52,0.886,539.7,1,1
Patna,Bihar,Ganga,1308.42,19.88,0.15,62.6,4,1
Jodhpur,Rajasthan,Arid,244.89,1.46,0.1,190.5,0,0
Guwahati,Assam,Brahmaputra,2255.78,2.57,0.943,49.7,5,1
Chennai,Tamil Nadu,Coastal,1487.92,4.8,0.863,6.2,1,0
Trichy,Tamil Nadu,Kaveri,881.29,8.62,0.841,72.1,4,1
Kolkata,West Bengal,Coastal,2058.24,10.0,0.807,9.5,4,1
Guwahati,Assam,Brahmaputra,2017.52,18.09,0.944,64.4,4,1
Jaipur,Rajasthan,Arid,445.75,2.47,0.1,440.9,0,0
Guwahati,Assam,Brahmaputra,1258.36,19.69,0.95,53.4,6,1
Kolkata,West Bengal,Coastal,1591.67,3.99,0.796,9.5,1,1
Majuli,Assam,Brahmaputra,2671.89,18.56,0.813,85.7,5,1
Sambalpur,Odisha,Mahanadi,1654.48,11.29,0.915,141.8,2,1
Jaipur,Rajasthan,Arid,506.81,2.3,0.665,495.6,0,0
Nashik,Maharashtra,Godavari,969.51,8.78,0.1,483.6,2,0
Dibrugarh,Assam,Brahmaputra,2292.92,19.38,0.897,95.6,2,1
Jodhpur,Rajasthan,Arid,342.63,2.29,0.759,202.5,0,0
Kolkata,West Bengal,Coastal,1348.77,6.26,0.95,9.0,1,1
Majuli,Assam,Brahmaputra,2526.32,16.22,0.821,83.1,10,1
Vijayawada,Andhra Pradesh,Krishna,1798.12,4.91,0.873,13.0,4,1
Jaipur,Rajasthan,Arid,534.29,2.63,0.299,427.6,0,0
Jodhpur,Rajasthan,Arid,362.99,1.76,0.488,211.6,0,0
Dibrugarh,Assam,Brahmaputra,3315.69,24.29,0.95,104.3,8,1
Sambalpur,Odisha,Mahanadi,1618.78,10.93,0.615,153.8,1,0
Vijayawada,Andhra Pradesh,Krishna,1215.98,9.67,0.389,12.3,1,0
Dibrugarh,Assam,Brahmaputra,2046.39,17.0,0.77,99.8,3,1
Nashik,Maharashtra,Godavari,896.52,9.29,0.196,639.2,0,0
Dibrugarh,Assam,Brahmaputra,3102.03,14.25,0.856,104.3,4,1
Mumbai,Maharashtra,Coastal,2095.77,4.19,0.837,13.8,2,0
Guwahati,Assam,Brahmaputra,1493.82,6.23,0.95,60.9,4,1
Jaipur,Rajasthan,Arid,829.86,3.26,0.663,457.8,1,0
Jaipur,Rajasthan,Arid,560.76,2.56,0.564,400.2,0,1
Mysore,Karnataka,Kaveri,840.49,5.52,0.95,890.8,2,1
Allahabad,Uttar Pradesh,Ganga,941.26,10.18,0.462,80.8,2,0
Cuttack,Odisha,Mahanadi,1440.71,10.93,0.54,24.6,3,0
Mumbai,Maharashtra,Coastal,2448.26,2.96,0.376,14.9,1,1
Jodhpur,Rajasthan,Arid,542.47,0.99,0.1,221.7,0,0
Patna,Bihar,Ganga,1004.52,14.05,0.414,52.2,3,0
Jaipur,Rajasthan,Arid,777.82,3.49,0.742,394.5,0,0
Rajahmundry,Andhra Pradesh,Godavari,1078.59,5.46,0.766,15.6,0,0
Varanasi,Uttar Pradesh,Ganga,1090.14,8.73,0.701,83.0,4,1
Mumbai,Maharashtra,Coastal,1839.44,4.21,0.1,15.6,4,1
Vijayawada,Andhra Pradesh,Krishna,780.32,6.29,0.776,11.5,3,0
Majuli,Assam,Brahmaputra,1985.36,13.8,0.1,92.8,4,1
Allahabad,Uttar Pradesh,Ganga,1133.47,14.02,0.516,99.7,1,0
Patna,Bihar,Ganga,1294.27,18.31,0.93,64.2,2,0
Guwahati,Assam,Brahmaputra,1540.8,15.79,0.231,39.3,1,1
Rajahmundry,Andhra Pradesh,Godavari,1101.75,11.21,0.555,13.5,1,1
Trichy,Tamil Nadu,Kaveri,1131.75,7.16,0.706,79.5,1,0
Allahabad,Uttar Pradesh,Ganga,773.21,8.42,0.472,96.0,4,0
Trichy,Tamil Nadu,Kaveri,894.55,3.26,0.546,78.3,2,0
Mumbai,Maharashtra,Coastal,1246.32,4.25,0.399,14.1,2,0
Jaipur,Rajasthan,Arid,699.02,3.03,0.235,399.7,0,1
Majuli,Assam,Brahmaputra,2917.85,13.53,0.297,91.8,1,1
Majuli,Assam,Brahmaputra,1978.53,8.89,0.658,86.7,7,1
Nashik,Maharashtra,Godavari,746.61,9.07,0.391,605.3,0,1
Varanasi,Uttar Pradesh,Ganga,1087.23,8.01,0.154,94.8,3,0
Majuli,Assam,Brahmaputra,2096.92,15.52,0.355,79.3,7,1
Allahabad,Uttar Pradesh,Ganga,1357.5,3.07,0.229,82.9,2,0
Patna,Bihar,Ganga,1001.46,8.01,0.95,55.7,2,0
Trichy,Tamil Nadu,Kaveri,1306.25,9.87,0.305,88.2,2,0
Nashik,Maharashtra,Godavari,434.48,9.42,0.588,641.4,1,0
Dibrugarh,Assam,Brahmaputra,2805.27,18.56,0.95,92.1,4,1
Guwahati,Assam,Brahmaputra,2100.5,12.56,0.343,52.4,11,1
Mumbai,Maharashtra,Coastal,2067.86,3.2,0.95,15.2,0,1
Jodhpur,Rajasthan,Arid,478.82,1.94,0.471,266.1,0,0
Mysore,Karnataka,Kaveri,877.45,4.76,0.609,802.5,0,0
Mysore,Karnataka,Kaveri,1084.66,5.54,0.949,808.7,2,0
Sambalpur,Odisha,Mahanadi,1181.31,10.65,0.448,147.6,1,1
Cuttack,Odisha,Mahanadi,1181.84,13.42,0.63,27.6,4,0
Vijayawada,Andhra Pradesh,Krishna,1312.31,10.97,0.1,11.7,2,0
Chennai,Tamil Nadu,Coastal,1538.88,4.31,0.881,5.4,2,1
Kolkata,West Bengal,Coastal,1370.22,7.63,0.452,8.5,2,1
Sambalpur,Odisha,Mahanadi,883.02,11.81,0.612,158.2,2,0
Mumbai,Maharashtra,Coastal,2381.17,2.89,0.611,15.9,3,1
Dibrugarh,Assam,Brahmaputra,1921.57,16.76,0.95,110.1,4,0
Chennai,Tamil Nadu,Coastal,1593.18,5.52,0.579,6.6,2,0
Kolkata,West Bengal,Coastal,1384.62,9.53,0.464,7.9,0,0
Allahabad,Uttar Pradesh,Ganga,901.69,15.26,0.611,93.6,3,0
Jaipur,Rajasthan,Arid,349.51,5.1,0.499,449.3,0,0
Sangli,Maharashtra,Krishna,551.55,8.88,0.1,558.5,0,0
Allahabad,Uttar Pradesh,Ganga,1325.0,10.7,0.411,108.0,2,0
Vijayawada,Andhra Pradesh,Krishna,987.05,12.13,0.185,11.2,0,0
Kolkata,West Bengal,Coastal,888.7,9.6,0.63,7.7,4,1
Allahabad,Uttar Pradesh,Ganga,814.15,3.22,0.95,92.2,5,1
Guwahati,Assam,Brahmaputra,2094.49,21.49,0.86,49.5,5,1
Guwahati,Assam,Brahmaputra,1692.04,14.67,0.727,53.2,5,1
Dibrugarh,Assam,Brahmaputra,2771.61,27.51,0.766,100.4,3,1
Patna,Bihar,Ganga,1084.48,15.11,0.902,53.1,8,1
Mysore,Karnataka,Kaveri,887.05,6.07,0.1,684.0,1,0
Dibrugarh,Assam,Brahmaputra,3185.23,9.02,0.445,90.4,6,1
Vijayawada,Andhra Pradesh,Krishna,1071.69,6.79,0.348,12.0,1,0
Cuttack,Odisha,Mahanadi,1648.18,12.49,0.1,25.0,1,1
Allahabad,Uttar Pradesh,Ganga,749.98,8.91,0.775,91.3,0,0
Trichy,Tamil Nadu,Kaveri,821.59,5.79,0.212,70.7,2,0
Kolkata,West Bengal,Coastal,2375.43,8.73,0.316,6.5,2,1
Varanasi,Uttar Pradesh,Ganga,750.04,14.63,0.115,73.0,0,0
Mysore,Karnataka,Kaveri,800.56,7.75,0.172,975.4,2,0
Patna,Bihar,Ganga,1315.6,9.01,0.938,55.2,4,1
Guwahati,Assam,Brahmaputra,1655.66,17.84,0.95,54.2,5,1
Allahabad,Uttar Pradesh,Ganga,428.55,16.25,0.579,89.9,4,1
Nashik,Maharashtra,Godavari,930.29,5.2,0.291,586.5,2,1
Trichy,Tamil Nadu,Kaveri,1264.41,10.43,0.373,74.5,0,1
Sambalpur,Odisha,Mahanadi,665.37,9.23,0.648,168.7,6,0
Majuli,Assam,Brahmaputra,2719.99,20.07,0.723,90.7,3,1
Chennai,Tamil Nadu,Coastal,1815.09,0.5,0.95,6.9,0,1
Sambalpur,Odisha,Mahanadi,1326.04,11.96,0.751,166.1,1,0
Sambalpur,Odisha,Mahanadi,669.92,13.05,0.1,136.4,1,0
Allahabad,Uttar Pradesh,Ganga,1529.43,16.86,0.281,101.2,0,1
Dibrugarh,Assam,Brahmaputra,2517.86,22.16,0.95,84.5,2,1
Kolkata,West Bengal,Coastal,2076.15,4.58,0.414,9.5,1,0
Chennai,Tamil Nadu,Coastal,1297.73,3.54,0.1,6.2,1,0
Mumbai,Maharashtra,Coastal,1502.63,5.44,0.651,12.4,0,0
Patna,Bihar,Ganga,1437.31,11.2,0.717,69.6,2,1
Nashik,Maharashtra,Godavari,1213.53,11.43,0.575,636.6,1,1
Mumbai,Maharashtra,Coastal,1772.47,4.07,0.714,12.4,3,1
Jodhpur,Rajasthan,Arid,526.75,0.82,0.814,227.5,0,0
Mumbai,Maharashtra,Coastal,2738.26,3.21,0.1,13.8,1,1
Jaipur,Rajasthan,Arid,505.26,1.95,0.179,461.0,0,0
Patna,Bihar,Ganga,924.17,14.43,0.682,55.4,4,1
Sangli,Maharashtra,Krishna,977.98,8.32,0.1,499.2,0,0
Nashik,Maharashtra,Godavari,848.77,4.81,0.942,586.4,3,1
Sangli,Maharashtra,Krishna,862.83,7.16,0.781,565.1,2,0
Patna,Bihar,Ganga,1132.96,12.43,0.265,56.1,3,0
Majuli,Assam,Brahmaputra,2578.41,13.81,0.514,78.4,8,1
Vijayawada,Andhra Pradesh,Krishna,872.31,7.28,0.336,11.2,2,1
Varanasi,Uttar Pradesh,Ganga,1074.21,11.18,0.882,87.5,3,1
Jaipur,Rajasthan,Arid,531.33,3.6,0.18,380.0,1,0
Chennai,Tamil Nadu,Coastal,1350.71,7.91,0.22,6.3,0,1
Sambalpur,Odisha,Mahanadi,1163.88,10.26,0.751,163.5,1,0
Cuttack,Odisha,Mahanadi,1616.23,13.46,0.896,23.8,2,1
Jodhpur,Rajasthan,Arid,326.31,1.39,0.1,253.0,0,0
Jodhpur,Rajasthan,Arid,279.46,3.35,0.323,213.7,0,0
Vijayawada,Andhra Pradesh,Krishna,991.05,7.68,0.5,13.0,2,1
Patna,Bihar,Ganga,1475.36,18.78,0.846,55.8,6,0
Mysore,Karnataka,Kaveri,255.5,6.57,0.1,832.4,0,0
Mysore,Karnataka,Kaveri,748.87,4.07,0.113,747.6,1,0
Chennai,Tamil Nadu,Coastal,708.35,7.16,0.699,6.3,0,1
Majuli,Assam,Brahmaputra,2431.98,15.32,0.888,85.9,5,1
Patna,Bihar,Ganga,1620.84,16.71,0.945,55.8,5,1
Mumbai,Maharashtra,Coastal,1596.81,5.7,0.763,13.9,0,0
Trichy,Tamil Nadu,Kaveri,991.18,6.79,0.123,71.8,0,0
Nashik,Maharashtra,Godavari,1042.69,8.8,0.589,513.0,0,0
Kolkata,West Bengal,Coastal,1470.72,8.35,0.172,7.9,4,0
Allahabad,Uttar Pradesh,Ganga,1064.18,9.19,0.569,87.8,1,0
Majuli,Assam,Brahmaputra,1493.74,13.77,0.733,86.7,7,1
Trichy,Tamil Nadu,Kaveri,633.82,7.39,0.559,79.5,1,0
Chennai,Tamil Nadu,Coastal,1283.71,5.71,0.39,5.2,0,0
Guwahati,Assam,Brahmaputra,2289.16,17.57,0.837,60.5,6,1
Dibrugarh,Assam,Brahmaputra,4000.0,7.32,0.921,93.5,6,1
Kolkata,West Bengal,Coastal,1517.99,6.47,0.903,8.0,1,1
Cuttack,Odisha,Mahanadi,1226.57,8.45,0.536,22.1,6,1
Jodhpur,Rajasthan,Arid,430.0,1.91,0.1,243.8,0,0
Allahabad,Uttar Pradesh,Ganga,889.69,8.08,0.142,86.2,3,1
Allahabad,Uttar Pradesh,Ganga,895.55,10.79,0.227,94.5,4,0
Cuttack,Odisha,Mahanadi,1356.05,3.08,0.607,22.6,1,1
Cuttack,Odisha,Mahanadi,1206.21,14.21,0.138,24.7,3,1
Jodhpur,Rajasthan,Arid,461.7,3.24,0.1,208.9,0,1
Allahabad,Uttar Pradesh,Ganga,801.6,6.1,0.658,102.1,0,1
Kolkata,West Bengal,Coastal,1500.22,9.49,0.227,8.2,3,0
Guwahati,Assam,Brahmaputra,1679.2,13.65,0.462,51.3,8,0
Jodhpur,Rajasthan,Arid,282.46,2.61,0.106,215.1,0,0
Jodhpur,Rajasthan,Arid,453.62,1.56,0.339,239.4,0,0
Varanasi,Uttar Pradesh,Ganga,737.16,12.84,0.145,84.3,3,1
Dibrugarh,Assam,Brahmaputra,3102.05,19.4,0.792,83.9,9,1
Trichy,Tamil Nadu,Kaveri,865.77,9.77,0.756,80.1,0,0
Varanasi,Uttar Pradesh,Ganga,1050.46,2.52,0.95,75.2,1,1
Cuttack,Odisha,Mahanadi,785.05,14.11,0.634,26.7,1,1
Allahabad,Uttar Pradesh,Ganga,549.39,8.93,0.773,88.1,2,1
Mysore,Karnataka,Kaveri,459.33,9.66,0.777,719.1,0,0
Chennai,Tamil Nadu,Coastal,1076.07,7.5,0.95,6.2,0,0
Jodhpur,Rajasthan,Arid,294.05,1.83,0.364,213.3,0,0
Sambalpur,Odisha,Mahanadi,1079.2,13.54,0.709,145.9,3,0
Allahabad,Uttar Pradesh,Ganga,1170.26,14.52,0.695,101.6,3,1
Dibrugarh,Assam,Brahmaputra,2576.68,10.75,0.944,94.8,1,1
Varanasi,Uttar Pradesh,Ganga,1208.92,14.24,0.275,57.3,3,1
Jaipur,Rajasthan,Arid,665.03,2.66,0.205,393.2,1,0
Vijayawada,Andhra Pradesh,Krishna,1264.1,5.08,0.893,13.9,2,1
Mysore,Karnataka,Kaveri,805.83,4.67,0.325,660.0,0,0
Jodhpur,Rajasthan,Arid,315.9,3.33,0.244,247.6,2,0
Jodhpur,Rajasthan,Arid,457.9,0.9,0.1,232.4,0,0
Kolkata,West Bengal,Coastal,1817.7,5.97,0.606,8.2,7,1
Varanasi,Uttar Pradesh,Ganga,1084.46,15.89,0.548,81.2,3,0
Vijayawada,Andhra Pradesh,Krishna,409.87,11.02,0.153,9.7,2,0
Sangli,Maharashtra,Krishna,931.43,4.87,0.32,526.4,2,0
Chennai,Tamil Nadu,Coastal,1214.17,6.69,0.94,4.8,0,0
Trichy,Tamil Nadu,Kaveri,625.55,12.39,0.716,81.5,2,0
Kolkata,West Bengal,Coastal,1684.0,8.99,0.739,7.2,3,1
Guwahati,Assam,Brahmaputra,1680.92,21.64,0.288,57.9,2,1
Majuli,Assam,Brahmaputra,2409.41,19.24,0.95,82.5,9,0
Trichy,Tamil Nadu,Kaveri,840.66,10.49,0.697,81.2,2,1
Chennai,Tamil Nadu,Coastal,1470.85,7.16,0.376,6.3,2,1
Allahabad,Uttar Pradesh,Ganga,1080.61,11.01,0.429,83.0,3,0
Dibrugarh,Assam,Brahmaputra,2553.54,8.28,0.697,90.8,4,1
Cuttack,Odisha,Mahanadi,1641.32,8.5,0.597,21.7,3,0
Sambalpur,Odisha,Mahanadi,1398.42,9.46,0.344,162.5,1,1
Nashik,Maharashtra,Godavari,1053.44,9.33,0.845,542.4,1,0
Vijayawada,Andhra Pradesh,Krishna,887.89,8.01,0.1,9.4,0,0
Guwahati,Assam,Brahmaputra,1714.11,16.52,0.296,52.6,1,1
Rajahmundry,Andhra Pradesh,Godavari,1030.38,9.1,0.1,16.6,1,1
Varanasi,Uttar Pradesh,Ganga,1195.56,12.61,0.35,86.8,1,0
Kolkata,West Bengal,Coastal,1769.92,9.09,0.95,8.6,3,1
Mysore,Karnataka,Kaveri,883.05,7.94,0.397,703.4,2,0
Dibrugarh,Assam,Brahmaputra,3209.38,15.68,0.95,88.4,2,1
Varanasi,Uttar Pradesh,Ganga,1162.66,16.64,0.589,80.9,1,1
Guwahati,Assam,Brahmaputra,1830.8,17.91,0.585,60.0,3,1
Kolkata,West Bengal,Coastal,1596.97,6.86,0.511,6.9,2,0
Cuttack,Odisha,Mahanadi,1127.85,10.36,0.333,24.3,1,1
Vijayawada,Andhra Pradesh,Krishna,923.17,2.38,0.763,11.4,3,1
Chennai,Tamil Nadu,Coastal,954.63,6.2,0.464,6.6,3,1
Cuttack,Odisha,Mahanadi,1697.83,14.57,0.939,22.5,2,0
Chennai,Tamil Nadu,Coastal,1172.81,5.31,0.1,5.4,2,1
Sambalpur,Odisha,Mahanadi,2073.08,12.11,0.188,167.1,0,1
Kolkata,West Bengal,Coastal,1160.76,9.23,0.551,9.2,1,1
Dibrugarh,Assam,Brahmaputra,2958.03,15.25,0.69,81.6,11,1
Trichy,Tamil Nadu,Kaveri,1260.82,4.37,0.29,67.3,1,1
Majuli,Assam,Brahmaputra,2557.05,13.01,0.67,79.7,4,1
Sangli,Maharashtra,Krishna,661.28,6.14,0.95,549.1,2,0
Rajahmundry,Andhra Pradesh,Godavari,1143.77,9.61,0.506,16.3,1,0
Jaipur,Rajasthan,Arid,826.43,3.53,0.39,432.1,0,0
Patna,Bihar,Ganga,1448.15,14.72,0.204,53.5,5,1
Jodhpur,Rajasthan,Arid,386.97,3.62,0.158,236.5,0,0
Nashik,Maharashtra,Godavari,901.49,6.24,0.45,618.2,1,0
Patna,Bihar,Ganga,984.05,13.99,0.95,57.6,4,1
Trichy,Tamil Nadu,Kaveri,879.75,3.14,0.38,73.8,0,0
Jaipur,Rajasthan,Arid,588.53,1.69,0.594,473.0,1,0
Guwahati,Assam,Brahmaputra,1585.66,11.45,0.923,49.5,4,1
Cuttack,Odisha,Mahanadi,1246.24,11.82,0.483,25.2,1,0
Majuli,Assam,Brahmaputra,2267.17,23.24,0.95,80.9,5,1
Vijayawada,Andhra Pradesh,Krishna,954.17,6.93,0.384,9.4,2,1
Majuli,Assam,Brahmaputra,1245.04,27.2,0.452,78.8,5,1
Sangli,Maharashtra,Krishna,823.8,7.47,0.588,527.8,0,0
Chennai,Tamil Nadu,Coastal,1299.93,6.85,0.806,6.3,1,1
Sambalpur,Odisha,Mahanadi,1614.19,15.37,0.95,128.8,1,0
Jaipur,Rajasthan,Arid,651.02,2.83,0.6,312.1,0,0
Varanasi,Uttar Pradesh,Ganga,846.35,18.79,0.757,81.1,1,1
Jodhpur,Rajasthan,Arid,461.56,1.76,0.1,229.0,0,1
Dibrugarh,Assam,Brahmaputra,2527.85,14.53,0.95,89.8,5,1
Majuli,Assam,Brahmaputra,1987.29,17.65,0.768,86.2,4,1
Guwahati,Assam,Brahmaputra,1577.84,16.42,0.303,45.1,10,1
Rajahmundry,Andhra Pradesh,Godavari,1060.64,12.9,0.838,16.3,1,1
Mysore,Karnataka,Kaveri,701.59,8.75,0.635,759.5,0,0
Trichy,Tamil Nadu,Kaveri,1323.98,7.23,0.423,79.7,0,1
Vijayawada,Andhra Pradesh,Krishna,689.49,7.97,0.799,12.8,1,1
Mysore,Karnataka,Kaveri,530.27,5.62,0.3,780.5,0,0
Jodhpur,Rajasthan,Arid,182.64,1.95,0.126,225.2,0,0
Vijayawada,Andhra Pradesh,Krishna,934.66,8.84,0.187,12.6,0,1
Dibrugarh,Assam,Brahmaputra,3659.18,7.53,0.854,97.7,3,1
Jodhpur,Rajasthan,Arid,332.41,3.43,0.1,271.2,0,0
Sambalpur,Odisha,Mahanadi,1539.57,16.46,0.314,151.9,0,0
Jaipur,Rajasthan,Arid,541.48,0.91,0.1,416.4,1,0
Cuttack,Odisha,Mahanadi,1137.57,11.94,0.621,25.1,3,0
Majuli,Assam,Brahmaputra,2797.6,17.75,0.107,90.4,5,1
Dibrugarh,Assam,Brahmaputra,3257.04,24.39,0.837,95.0,5,1
Guwahati,Assam,Brahmaputra,1567.91,13.27,0.95,57.1,6,1
Chennai,Tamil Nadu,Coastal,1320.02,6.23,0.332,5.6,0,1
Mysore,Karnataka,Kaveri,711.25,9.48,0.1,739.3,0,0
Mumbai,Maharashtra,Coastal,2199.22,4.9,0.611,13.2,2,0
Nashik,Maharashtra,Godavari,872.77,5.16,0.839,636.1,2,1
Varanasi,Uttar Pradesh,Ganga,1245.09,11.26,0.368,81.8,1,1
Jodhpur,Rajasthan,Arid,317.39,1.86,0.312,226.6,0,1
Trichy,Tamil Nadu,Kaveri,536.85,9.04,0.95,73.1,1,1
Cuttack,Odisha,Mahanadi,1431.24,14.26,0.395,24.2,2,0
Jodhpur,Rajasthan,Arid,315.21,1.55,0.1,249.4,0,0
Allahabad,Uttar Pradesh,Ganga,590.81,14.99,0.744,97.8,3,1
Cuttack,Odisha,Mahanadi,1061.08,6.23,0.883,21.7,5,1
Cuttack,Odisha,Mahanadi,1734.57,8.15,0.438,26.1,3,0
Jaipur,Rajasthan,Arid,782.63,4.67,0.379,389.6,2,0
Varanasi,Uttar Pradesh,Ganga,1183.35,16.46,0.209,88.6,2,0
Rajahmundry,Andhra Pradesh,Godavari,940.5,7.74,0.95,15.1,3,1
Dibrugarh,Assam,Brahmaputra,2076.75,3.81,0.641,104.5,2,1
Varanasi,Uttar Pradesh,Ganga,1176.59,8.81,0.724,70.7,4,1
Jaipur,Rajasthan,Arid,568.16,3.7,0.95,417.0,1,0
Nashik,Maharashtra,Godavari,1020.51,7.16,0.479,493.4,1,1
Chennai,Tamil Nadu,Coastal,1271.53,5.71,0.946,6.4,2,1
Jodhpur,Rajasthan,Arid,264.16,1.47,0.402,214.7,0,0
Jaipur,Rajasthan,Arid,458.91,2.29,0.308,452.3,0,0
Rajahmundry,Andhra Pradesh,Godavari,1233.84,6.07,0.445,15.3,0,1
Patna,Bihar,Ganga,776.31,8.81,0.239,61.4,1,0
Majuli,Assam,Brahmaputra,2129.95,15.32,0.881,99.9,8,1
Mysore,Karnataka,Kaveri,944.65,4.61,0.778,805.5,2,0
Sangli,Maharashtra,Krishna,976.29,9.32,0.897,597.5,0,0
Patna,Bihar,Ganga,1054.39,6.97,0.879,43.8,4,1
Majuli,Assam,Brahmaputra,2206.22,20.29,0.95,83.4,4,1
Varanasi,Uttar Pradesh,Ganga,1371.65,9.43,0.607,79.6,3,0
Chennai,Tamil Nadu,Coastal,1549.19,7.26,0.656,6.2,1,0
Cuttack,Odisha,Mahanadi,1701.78,8.25,0.719,27.6,2,0
Trichy,Tamil Nadu,Kaveri,691.4,6.01,0.188,86.1,0,0
Mysore,Karnataka,Kaveri,760.72,10.14,0.95,842.7,1,0
Sangli,Maharashtra,Krishna,991.7,9.31,0.385,590.3,0,0
Jaipur,Rajasthan,Arid,799.92,2.73,0.1,383.2,1,0
Kolkata,West Bengal,Coastal,1310.0,6.52,0.708,8.4,2,1
Cuttack,Odisha,Mahanadi,1346.08,6.52,0.571,22.2,2,1
Dibrugarh,Assam,Brahmaputra,1833.97,16.89,0.749,98.2,6,1
Sambalpur,Odisha,Mahanadi,1243.54,4.57,0.542,180.1,3,1
Vijayawada,Andhra Pradesh,Krishna,644.14,10.71,0.95,12.4,0,0
Jodhpur,Rajasthan,Arid,473.02,2.59,0.38,234.1,0,1
Nashik,Maharashtra,Godavari,736.05,3.97,0.451,564.6,1,0
Allahabad,Uttar Pradesh,Ganga,1177.71,12.26,0.426,77.7,3,0
Patna,Bihar,Ganga,1516.14,18.79,0.342,64.9,2,1
Mumbai,Maharashtra,Coastal,3277.73,3.24,0.1,18.4,5,0
Mysore,Karnataka,Kaveri,798.44,5.02,0.91,752.6,0,0
Sambalpur,Odisha,Mahanadi,1630.4,5.21,0.95,164.9,3,0
Sambalpur,Odisha,Mahanadi,1263.82,13.23,0.745,172.7,2,0
Dibrugarh,Assam,Brahmaputra,2678.29,26.73,0.877,91.0,5,1
Rajahmundry,Andhra Pradesh,Godavari,1248.35,8.03,0.472,18.5,3,0
Dibrugarh,Assam,Brahmaputra,2791.97,21.68,0.805,83.9,6,1
Rajahmundry,Andhra Pradesh,Godavari,1811.66,7.11,0.866,15.6,3,1
Guwahati,Assam,Brahmaputra,2063.78,13.55,0.947,53.4,5,1
Sangli,Maharashtra,Krishna,426.25,6.6,0.387,621.8,2,0
Trichy,Tamil Nadu,Kaveri,797.63,6.17,0.1,92.3,1,0
Varanasi,Uttar Pradesh,Ganga,795.12,8.97,0.575,83.9,3,1
Rajahmundry,Andhra Pradesh,Godavari,1005.48,8.78,0.2,15.8,5,0
Jaipur,Rajasthan,Arid,545.82,3.59,0.616,415.6,0,0
Kolkata,West Bengal,Coastal,1885.12,8.53,0.338,7.7,3,1
Allahabad,Uttar Pradesh,Ganga,1356.43,9.44,0.927,67.7,2,0
Chennai,Tamil Nadu,Coastal,1191.28,6.19,0.121,5.2,2,1
Sambalpur,Odisha,Mahanadi,1248.26,14.23,0.95,123.7,2,0
Jodhpur,Rajasthan,Arid,422.95,1.23,0.1,203.2,1,0
Trichy,Tamil Nadu,Kaveri,1060.76,4.22,0.483,72.5,1,0
Cuttack,Odisha,Mahanadi,1508.68,15.04,0.471,23.2,2,0
Mumbai,Maharashtra,Coastal,2947.31,4.23,0.448,14.3,7,1
Trichy,Tamil Nadu,Kaveri,919.47,8.17,0.38,84.5,1,1
Vijayawada,Andhra Pradesh,Krishna,1164.1,9.55,0.462,12.6,4,0
Trichy,Tamil Nadu,Kaveri,1314.4,5.44,0.753,79.2,1,1
Trichy,Tamil Nadu,Kaveri,923.85,8.82,0.344,79.9,1,0
Mysore,Karnataka,Kaveri,726.24,3.27,0.895,739.0,1,0
Allahabad,Uttar Pradesh,Ganga,1110.05,7.99,0.309,88.3,4,0
Trichy,Tamil Nadu,Kaveri,991.53,6.59,0.353,77.2,1,0
Mumbai,Maharashtra,Coastal,1285.48,4.35,0.364,12.3,3,0
Sangli,Maharashtra,Krishna,635.76,3.69,0.118,659.2,1,0
Jodhpur,Rajasthan,Arid,246.94,2.29,0.1,245.4,0,0
Dibrugarh,Assam,Brahmaputra,3542.74,9.91,0.834,78.1,6,1
Cuttack,Odisha,Mahanadi,1269.28,12.29,0.514,25.8,3,0
Patna,Bihar,Ganga,1105.42,30.0,0.419,50.4,2,1
Trichy,Tamil Nadu,Kaveri,707.03,5.53,0.53,79.9,0,0
Mumbai,Maharashtra,Coastal,2030.91,5.2,0.47,12.7,3,0
Allahabad,Uttar Pradesh,Ganga,560.91,12.38,0.198,91.1,0,0
Majuli,Assam,Brahmaputra,2486.91,11.83,0.95,100.5,8,1
Sangli,Maharashtra,Krishna,804.02,7.46,0.184,531.8,2,0
Vijayawada,Andhra Pradesh,Krishna,1167.99,5.0,0.95,13.7,2,1
Kolkata,West Bengal,Coastal,1773.91,8.29,0.91,7.9,0,0
Sangli,Maharashtra,Krishna,940.95,8.08,0.1,595.3,0,0
Mysore,Karnataka,Kaveri,298.35,2.29,0.543,832.1,2,0
Chennai,Tamil Nadu,Coastal,1617.89,4.68,0.896,5.2,0,1
Jaipur,Rajasthan,Arid,837.49,3.82,0.273,398.0,0,0
Patna,Bihar,Ganga,934.84,24.82,0.95,53.5,4,1
Jaipur,Rajasthan,Arid,402.04,2.53,0.1,433.2,1,0
Majuli,Assam,Brahmaputra,1768.85,20.23,0.95,90.6,8,0
Majuli,Assam,Brahmaputra,2562.85,11.81,0.941,82.4,5,1
Dibrugarh,Assam,Brahmaputra,3141.17,20.72,0.844,88.7,2,1
Jaipur,Rajasthan,Arid,735.54,4.14,0.325,456.6,0,0
Mysore,Karnataka,Kaveri,905.1,7.32,0.35,817.2,0,1
Kolkata,West Bengal,Coastal,931.81,15.45,0.232,7.8,3,1
Jodhpur,Rajasthan,Arid,230.94,2.07,0.1,223.6,1,0
Dibrugarh,Assam,Brahmaputra,3121.83,27.54,0.843,102.2,8,1
Majuli,Assam,Brahmaputra,2039.0,12.9,0.374,98.3,9,1
Patna,Bihar,Ganga,1308.49,15.38,0.545,57.2,3,1
Chennai,Tamil Nadu,Coastal,937.89,7.78,0.508,5.7,4,0
Rajahmundry,Andhra Pradesh,Godavari,955.95,7.06,0.921,11.2,1,1
Allahabad,Uttar Pradesh,Ganga,1227.49,9.95,0.778,97.8,3,0
Vijayawada,Andhra Pradesh,Krishna,756.54,10.01,0.133,11.9,4,1
Patna,Bihar,Ganga,1288.84,17.6,0.717,48.8,3,1
Chennai,Tamil Nadu,Coastal,1039.55,6.25,0.399,6.1,1,1
Trichy,Tamil Nadu,Kaveri,908.76,9.88,0.1,82.8,3,0
Patna,Bihar,Ganga,830.74,15.23,0.508,51.5,1,1
Jodhpur,Rajasthan,Arid,414.16,2.0,0.483,255.8,0,0
Sangli,Maharashtra,Krishna,783.24,9.31,0.191,656.3,0,0
Chennai,Tamil Nadu,Coastal,1165.43,5.41,0.857,6.5,3,1
Jodhpur,Rajasthan,Arid,412.63,2.96,0.1,242.1,1,1
Rajahmundry,Andhra Pradesh,Godavari,581.41,13.25,0.576,14.3,3,1
Rajahmundry,Andhra Pradesh,Godavari,894.67,10.85,0.675,14.0,5,0
Majuli,Assam,Brahmaputra,3192.6,19.38,0.95,93.8,3,1
Rajahmundry,Andhra Pradesh,Godavari,649.96,14.63,0.113,15.3,1,1
Nashik,Maharashtra,Godavari,836.99,12.19,0.403,524.8,0,0
Varanasi,Uttar Pradesh,Ganga,991.97,15.06,0.84,72.3,3,0
Vijayawada,Andhra Pradesh,Krishna,742.53,5.61,0.189,12.6,0,0
Sambalpur,Odisha,Mahanadi,1394.83,7.26,0.415,147.0,1,1
Jaipur,Rajasthan,Arid,709.89,3.65,0.311,475.5,0,0
Allahabad,Uttar Pradesh,Ganga,909.52,5.82,0.653,104.5,2,0
Kolkata,West Bengal,Coastal,1523.78,2.74,0.832,6.6,2,1
Allahabad,Uttar Pradesh,Ganga,998.26,7.87,0.872,89.4,2,0
Varanasi,Uttar Pradesh,Ganga,986.02,12.96,0.873,71.7,0,1
Majuli,Assam,Brahmaputra,2631.07,21.65,0.945,85.3,3,1
Sangli,Maharashtra,Krishna,595.54,4.6,0.12,518.1,1,0
Jaipur,Rajasthan,Arid,890.39,3.44,0.1,442.3,2,0
Sambalpur,Odisha,Mahanadi,1002.95,3.15,0.186,133.7,3,0
Majuli,Assam,Brahmaputra,2730.11,25.49,0.843,73.2,5,1
Dibrugarh,Assam,Brahmaputra,2134.89,9.47,0.421,106.6,2,1
Mysore,Karnataka,Kaveri,702.06,5.38,0.1,825.6,1,0
Majuli,Assam,Brahmaputra,2199.2,19.54,0.919,77.0,4,1
Mysore,Karnataka,Kaveri,732.21,3.99,0.722,809.9,0,1
Jaipur,Rajasthan,Arid,643.02,1.96,0.1,432.4,0,1
Patna,Bihar,Ganga,1275.15,16.66,0.819,54.8,3,1
Majuli,Assam,Brahmaputra,1749.92,22.2,0.95,96.7,5,1
Nashik,Maharashtra,Godavari,898.63,9.25,0.606,534.7,1,1
Cuttack,Odisha,Mahanadi,1811.0,3.78,0.371,20.5,5,1
Rajahmundry,Andhra Pradesh,Godavari,899.46,10.41,0.789,14.7,3,1
Patna,Bihar,Ganga,1041.07,19.29,0.837,53.8,1,1
Varanasi,Uttar Pradesh,Ganga,1456.6,14.39,0.95,79.5,2,0
Guwahati,Assam,Brahmaputra,1398.02,12.2,0.456,57.5,4,1
Sambalpur,Odisha,Mahanadi,1381.88,14.13,0.188,146.0,1,0
Trichy,Tamil Nadu,Kaveri,724.71,8.56,0.915,85.1,1,0
Trichy,Tamil Nadu,Kaveri,582.91,7.53,0.47,73.4,1,0
Nashik,Maharashtra,Godavari,802.37,9.74,0.258,522.5,0,0
Kolkata,West Bengal,Coastal,1752.38,11.27,0.95,7.3,2,0
Mysore,Karnataka,Kaveri,734.07,6.25,0.847,785.3,0,1
Dibrugarh,Assam,Brahmaputra,2484.98,16.98,0.359,97.9,4,1
Patna,Bihar,Ganga,1455.73,17.81,0.714,60.7,4,1
Jaipur,Rajasthan,Arid,504.9,3.2,0.693,361.0,0,0
Sambalpur,Odisha,Mahanadi,578.5,16.97,0.933,159.1,2,1
Sambalpur,Odisha,Mahanadi,1925.76,14.3,0.638,157.7,6,1
Nashik,Maharashtra,Godavari,1180.21,11.88,0.8,667.6,0,0
Cuttack,Odisha,Mahanadi,1622.05,18.57,0.942,23.7,1,1
Patna,Bihar,Ganga,1264.23,14.46,0.832,62.9,5,1
Jodhpur,Rajasthan,Arid,466.73,2.43,0.336,204.8,0,0
Jodhpur,Rajasthan,Arid,340.34,1.71,0.215,227.9,0,0
Dibrugarh,Assam,Brahmaputra,2287.39,12.44,0.95,90.0,2,1
Guwahati,Assam,Brahmaputra,1389.49,29.34,0.95,50.6,4,0
Mumbai,Maharashtra,Coastal,1636.49,6.12,0.1,16.3,0,1
Vijayawada,Andhra Pradesh,Krishna,1154.92,4.65,0.556,11.4,3,0
Mumbai,Maharashtra,Coastal,1889.66,4.23,0.708,14.9,1,0
Jaipur,Rajasthan,Arid,591.62,2.99,0.242,445.1,1,0
Vijayawada,Andhra Pradesh,Krishna,766.92,9.66,0.384,12.3,5,0
Trichy,Tamil Nadu,Kaveri,864.71,8.18,0.765,75.4,1,0
Cuttack,Odisha,Mahanadi,1630.26,13.44,0.704,26.0,2,1
Nashik,Maharashtra,Godavari,827.07,4.93,0.1,568.8,0,0
Mumbai,Maharashtra,Coastal,2760.29,2.86,0.328,15.5,4,1
Jaipur,Rajasthan,Arid,134.15,3.69,0.1,382.4,0,0
Dibrugarh,Assam,Brahmaputra,3007.39,19.5,0.83,104.6,6,1
Mysore,Karnataka,Kaveri,654.31,6.85,0.366,807.0,1,0
Chennai,Tamil Nadu,Coastal,1289.71,3.65,0.74,5.1,0,0
Sambalpur,Odisha,Mahanadi,630.47,9.8,0.95,138.4,4,0
Jodhpur,Rajasthan,Arid,404.46,1.53,0.156,215.4,0,0
Mumbai,Maharashtra,Coastal,2315.2,4.7,0.317,13.0,1,0
Cuttack,Odisha,Mahanadi,1506.95,14.36,0.95,28.1,4,1
Sambalpur,Odisha,Mahanadi,948.69,11.72,0.706,143.8,2,1
Kolkata,West Bengal,Coastal,1337.79,10.87,0.908,7.9,2,1
Rajahmundry,Andhra Pradesh,Godavari,1307.07,11.25,0.721,16.2,1,1
Chennai,Tamil Nadu,Coastal,1295.12,4.35,0.261,5.8,1,1
Kolkata,West Bengal,Coastal,1072.51,4.83,0.909,8.9,0,0
Nashik,Maharashtra,Godavari,951.88,9.28,0.401,589.0,0,1
Vijayawada,Andhra Pradesh,Krishna,929.73,12.06,0.915,12.2,2,1
Patna,Bihar,Ganga,1129.62,17.01,0.427,56.4,6,1
Jodhpur,Rajasthan,Arid,400.75,1.73,0.1,237.5,0,0
Trichy,Tamil Nadu,Kaveri,710.24,8.39,0.717,78.7,2,0
Mumbai,Maharashtra,Coastal,2434.0,2.89,0.654,14.7,5,0
Jaipur,Rajasthan,Arid,594.99,2.3,0.501,424.3,0,0
Jodhpur,Rajasthan,Arid,452.13,2.95,0.1,234.7,0,0
Patna,Bihar,Ganga,1456.92,11.04,0.95,61.3,4,1
Jaipur,Rajasthan,Arid,644.7,4.6,0.248,430.8,0,0
Rajahmundry,Andhra Pradesh,Godavari,1156.33,7.05,0.871,14.2,1,1
Majuli,Assam,Brahmaputra,2882.75,13.59,0.95,80.2,3,1
Cuttack,Odisha,Mahanadi,895.98,17.65,0.429,26.4,3,1
Mumbai,Maharashtra,Coastal,1640.17,4.37,0.532,16.1,6,1
Jodhpur,Rajasthan,Arid,277.29,0.59,0.1,297.6,0,0
Rajahmundry,Andhra Pradesh,Godavari,681.3,9.06,0.726,14.4,3,1
Rajahmundry,Andhra Pradesh,Godavari,1128.74,11.38,0.95,18.6,2,1
Jodhpur,Rajasthan,Arid,272.28,2.55,0.1,247.1,0,0
Sangli,Maharashtra,Krishna,664.49,7.88,0.283,485.1,1,1
Trichy,Tamil Nadu,Kaveri,649.32,7.28,0.831,78.6,0,1
Chennai,Tamil Nadu,Coastal,1409.22,4.74,0.257,4.9,1,1
Kolkata,West Bengal,Coastal,1461.56,10.71,0.47,6.8,4,1
Patna,Bihar,Ganga,1446.62,9.08,0.775,58.0,6,1
Rajahmundry,Andhra Pradesh,Godavari,730.23,5.4,0.821,14.7,2,1
Majuli,Assam,Brahmaputra,2475.51,13.81,0.696,81.5,2,1
Dibrugarh,Assam,Brahmaputra,3156.24,15.38,0.444,88.1,3,1
Rajahmundry,Andhra Pradesh,Godavari,535.69,8.04,0.451,14.1,2,0
Vijayawada,Andhra Pradesh,Krishna,836.36,8.99,0.921,12.9,2,1
Sangli,Maharashtra,Krishna,747.93,6.09,0.1,659.1,1,0
Rajahmundry,Andhra Pradesh,Godavari,987.96,2.94,0.1,14.5,1,0
Guwahati,Assam,Brahmaputra,1835.94,18.53,0.95,63.1,1,1
Rajahmundry,Andhra Pradesh,Godavari,913.63,14.29,0.947,13.6,3,1
Sambalpur,Odisha,Mahanadi,1700.18,16.87,0.95,140.1,5,0
Patna,Bihar,Ganga,995.99,22.76,0.95,51.0,7,1
Sangli,Maharashtra,Krishna,643.39,7.27,0.738,665.4,0,0
Jaipur,Rajasthan,Arid,753.26,3.0,0.1,498.1,1,0
Nashik,Maharashtra,Godavari,968.93,6.62,0.338,640.4,0,0
Majuli,Assam,Brahmaputra,1657.71,15.26,0.415,75.9,3,1
Cuttack,Odisha,Mahanadi,2316.97,10.8,0.643,26.5,5,1
Sangli,Maharashtra,Krishna,695.69,7.16,0.825,491.1,2,0
Sambalpur,Odisha,Mahanadi,1654.31,9.6,0.646,150.3,1,1
Sambalpur,Odisha,Mahanadi,1807.83,0.5,0.691,154.8,2,1
Jodhpur,Rajasthan,Arid,262.8,1.35,0.155,248.5,0,0
Sambalpur,Odisha,Mahanadi,1160.83,12.03,0.312,134.6,0,0
Majuli,Assam,Brahmaputra,2249.59,8.35,0.95,70.0,4,1
Patna,Bihar,Ganga,1755.68,11.54,0.898,51.6,6,1
Dibrugarh,Assam,Brahmaputra,2810.0,21.56,0.885,84.6,4,1
Guwahati,Assam,Brahmaputra,1516.18,11.55,0.6,60.3,5,0
Nashik,Maharashtra,Godavari,900.84,8.15,0.136,486.6,1,1
Guwahati,Assam,Brahmaputra,1735.34,14.63,0.944,63.5,3,1
Varanasi,Uttar Pradesh,Ganga,809.33,16.21,0.933,87.5,1,1
Jodhpur,Rajasthan,Arid,258.58,1.07,0.634,198.3,0,0
Vijayawada,Andhra Pradesh,Krishna,1119.43,6.43,0.1,13.2,2,1
Sambalpur,Odisha,Mahanadi,1237.39,13.11,0.518,160.2,2,1
Varanasi,Uttar Pradesh,Ganga,839.88,8.67,0.582,89.5,2,0
Patna,Bihar,Ganga,918.65,12.12,0.248,53.3,4,0
Cuttack,Odisha,Mahanadi,1507.84,7.29,0.767,28.1,3,1
Trichy,Tamil Nadu,Kaveri,708.2,4.12,0.1,81.1,2,0
Kolkata,West Bengal,Coastal,1693.38,7.1,0.53,8.6,3,1
Varanasi,Uttar Pradesh,Ganga,756.93,10.49,0.623,69.1,2,0
Kolkata,West Bengal,Coastal,1882.79,9.35,0.847,7.8,1,0
Vijayawada,Andhra Pradesh,Krishna,1604.9,6.7,0.843,11.4,1,0
Guwahati,Assam,Brahmaputra,1621.0,8.75,0.1,49.8,3,1
Dibrugarh,Assam,Brahmaputra,2547.79,19.77,0.95,92.9,1,1
Kolkata,West Bengal,Coastal,1708.72,8.64,0.95,7.2,1,1
Vijayawada,Andhra Pradesh,Krishna,713.19,8.11,0.15,13.4,1,0
Patna,Bihar,Ganga,1540.67,13.75,0.134,52.3,3,1
Chennai,Tamil Nadu,Coastal,1609.54,1.95,0.26,5.0,0,0
Allahabad,Uttar Pradesh,Ganga,521.13,8.93,0.835,97.1,1,1
Allahabad,Uttar Pradesh,Ganga,924.13,4.71,0.935,83.7,3,1
Trichy,Tamil Nadu,Kaveri,912.05,8.38,0.95,77.3,2,1
Mumbai,Maharashtra,Coastal,2935.45,4.9,0.709,15.6,3,0
Allahabad,Uttar Pradesh,Ganga,1194.22,14.41,0.421,98.4,2,1
Patna,Bihar,Ganga,1387.7,8.48,0.291,59.2,4,0
Mumbai,Maharashtra,Coastal,2691.88,2.59,0.773,15.2,1,1
Sangli,Maharashtra,Krishna,650.91,8.31,0.273,450.5,1,0
Vijayawada,Andhra Pradesh,Krishna,778.85,9.35,0.485,13.1,3,0
Mumbai,Maharashtra,Coastal,2722.09,4.76,0.681,12.3,4,0
Varanasi,Uttar Pradesh,Ganga,995.34,14.86,0.308,74.6,4,1
Mysore,Karnataka,Kaveri,1048.53,8.37,0.217,833.0,0,0
Jodhpur,Rajasthan,Arid,457.99,2.99,0.551,265.5,2,0
Varanasi,Uttar Pradesh,Ganga,1394.96,5.05,0.711,84.0,2,1
Varanasi,Uttar Pradesh,Ganga,1131.25,14.09,0.873,73.8,5,1
Dibrugarh,Assam,Brahmaputra,2314.86,20.07,0.946,88.3,6,1
Allahabad,Uttar Pradesh,Ganga,974.22,5.14,0.689,88.6,0,0
Mysore,Karnataka,Kaveri,716.53,6.68,0.833,718.9,0,0
Patna,Bihar,Ganga,945.96,10.07,0.833,55.0,4,0
Vijayawada,Andhra Pradesh,Krishna,1026.8,8.58,0.738,11.3,1,0
Kolkata,West Bengal,Coastal,2156.49,8.68,0.381,7.1,4,0
Nashik,Maharashtra,Godavari,888.23,7.65,0.289,642.0,0,1
Varanasi,Uttar Pradesh,Ganga,1105.37,9.37,0.405,82.5,5,0
Rajahmundry,Andhra Pradesh,Godavari,1099.28,9.15,0.723,15.2,2,0
Chennai,Tamil Nadu,Coastal,1180.69,0.72,0.408,5.4,0,0
Vijayawada,Andhra Pradesh,Krishna,665.87,7.83,0.19,14.3,1,0
Kolkata,West Bengal,Coastal,1673.23,6.52,0.95,8.3,2,1
Patna,Bihar,Ganga,1192.05,11.16,0.779,55.4,3,0
Sangli,Maharashtra,Krishna,353.2,4.05,0.313,552.5,0,0
Patna,Bihar,Ganga,1894.4,11.22,0.184,61.9,4,1
Allahabad,Uttar Pradesh,Ganga,1228.21,4.44,0.54,75.0,3,1
Guwahati,Assam,Brahmaputra,1548.11,14.12,0.621,51.6,6,1
Trichy,Tamil Nadu,Kaveri,1177.21,6.69,0.452,78.5,2,0
Sangli,Maharashtra,Krishna,860.58,6.91,0.714,620.1,0,0
Allahabad,Uttar Pradesh,Ganga,800.75,16.42,0.217,91.5,1,1
Mumbai,Maharashtra,Coastal,1551.91,3.0,0.43,15.0,1,0
Varanasi,Uttar Pradesh,Ganga,1087.97,10.5,0.764,86.7,3,1
Mumbai,Maharashtra,Coastal,2817.07,4.23,0.663,12.5,4,0
Allahabad,Uttar Pradesh,Ganga,1022.54,6.81,0.95,98.8,0,0
Sambalpur,Odisha,Mahanadi,1204.5,11.75,0.194,127.6,0,1
Majuli,Assam,Brahmaputra,1997.04,11.23,0.1,94.9,2,1
Patna,Bihar,Ganga,1217.46,11.5,0.95,56.2,0,0
Sangli,Maharashtra,Krishna,621.31,5.51,0.415,498.0,1,0
Varanasi,Uttar Pradesh,Ganga,724.66,8.63,0.812,75.3,4,1
Chennai,Tamil Nadu,Coastal,1313.22,6.12,0.549,6.9,0,0
Chennai,Tamil Nadu,Coastal,1275.55,0.57,0.157,5.8,1,1
Jodhpur,Rajasthan,Arid,426.95,2.0,0.1,208.8,0,0
Nashik,Maharashtra,Godavari,1094.35,11.41,0.161,625.3,0,1
Sambalpur,Odisha,Mahanadi,1249.18,12.66,0.877,155.0,0,0
Mumbai,Maharashtra,Coastal,1645.62,5.15,0.316,11.7,1,1
Allahabad,Uttar Pradesh,Ganga,1019.52,6.38,0.92,86.6,0,1
Allahabad,Uttar Pradesh,Ganga,853.7,12.64,0.1,90.9,3,0
Majuli,Assam,Brahmaputra,1789.97,18.72,0.474,95.3,6,1
Mumbai,Maharashtra,Coastal,1719.04,4.04,0.95,12.5,2,1
Sambalpur,Odisha,Mahanadi,1208.46,14.03,0.925,142.4,1,1
Sangli,Maharashtra,Krishna,760.58,7.59,0.389,520.5,2,0
Rajahmundry,Andhra Pradesh,Godavari,1072.01,12.76,0.387,15.5,3,1
Varanasi,Uttar Pradesh,Ganga,730.16,19.07,0.95,79.0,2,0
Kolkata,West Bengal,Coastal,680.43,12.63,0.346,7.5,2,1
Jodhpur,Rajasthan,Arid,409.19,2.51,0.637,277.6,0,0
Patna,Bihar,Ganga,1938.97,15.92,0.836,50.6,4,1
Dibrugarh,Assam,Brahmaputra,3196.36,20.88,0.947,97.2,2,1
Sambalpur,Odisha,Mahanadi,854.31,12.43,0.807,179.3,1,0
Trichy,Tamil Nadu,Kaveri,930.32,11.53,0.1,76.2,2,1
Rajahmundry,Andhra Pradesh,Godavari,1650.13,9.63,0.691,15.8,1,1
Trichy,Tamil Nadu,Kaveri,1068.37,7.24,0.1,87.1,0,0
Jodhpur,Rajasthan,Arid,340.47,2.03,0.8,227.7,0,0
Rajahmundry,Andhra Pradesh,Godavari,1349.08,6.71,0.383,15.3,1,1
Trichy,Tamil Nadu,Kaveri,706.98,8.07,0.14,79.4,1,0
Sambalpur,Odisha,Mahanadi,1134.82,4.01,0.857,154.7,7,1
Trichy,Tamil Nadu,Kaveri,884.2,10.51,0.94,76.6,1,0
Jaipur,Rajasthan,Arid,293.89,1.8,0.717,468.2,1,1
Nashik,Maharashtra,Godavari,857.97,8.07,0.69,639.4,0,0
Nashik,Maharashtra,Godavari,260.15,10.85,0.173,638.4,2,0
Guwahati,Assam,Brahmaputra,1558.62,13.52,0.457,43.0,4,1
Chennai,Tamil Nadu,Coastal,1314.05,3.52,0.741,5.9,2,0
Jodhpur,Rajasthan,Arid,230.5,1.32,0.23,191.5,0,0
Jodhpur,Rajasthan,Arid,381.42,0.98,0.254,200.7,0,0
Chennai,Tamil Nadu,Coastal,1292.04,4.32,0.721,5.2,1,1
Trichy,Tamil Nadu,Kaveri,827.34,8.4,0.853,73.8,2,0
Rajahmundry,Andhra Pradesh,Godavari,516.84,12.75,0.636,16.2,1,0
Sangli,Maharashtra,Krishna,749.95,8.99,0.3,536.0,0,0
Chennai,Tamil Nadu,Coastal,1428.12,4.49,0.859,6.3,1,0
Mumbai,Maharashtra,Coastal,2591.59,3.4,0.267,15.7,2,1
Vijayawada,Andhra Pradesh,Krishna,908.46,10.08,0.872,12.5,0,0
Rajahmundry,Andhra Pradesh,Godavari,1440.32,14.91,0.152,14.6,1,1
Allahabad,Uttar Pradesh,Ganga,1130.52,15.68,0.227,97.5,4,1
Kolkata,West Bengal,Coastal,2258.44,10.89,0.46,9.5,1,1
Nashik,Maharashtra,Godavari,708.14,9.63,0.655,533.2,2,0
Cuttack,Odisha,Mahanadi,1643.95,12.62,0.385,26.0,2,0
Dibrugarh,Assam,Brahmaputra,1179.24,10.13,0.7,92.4,4,1
Trichy,Tamil Nadu,Kaveri,908.4,9.0,0.293,75.6,0,1
Kolkata,West Bengal,Coastal,1607.46,9.17,0.936,9.2,0,1
Patna,Bihar,Ganga,1669.39,13.39,0.1,56.1,2,1
Rajahmundry,Andhra Pradesh,Godavari,1728.34,6.6,0.837,13.4,4,1
Majuli,Assam,Brahmaputra,2386.41,21.87,0.391,95.1,2,1
Mumbai,Maharashtra,Coastal,2114.36,5.27,0.696,16.8,1,1
Jaipur,Rajasthan,Arid,576.15,1.08,0.22,470.3,2,0
Mumbai,Maharashtra,Coastal,2388.88,3.94,0.95,14.3,2,1
Jaipur,Rajasthan,Arid,648.22,3.62,0.666,437.8,0,0
Kolkata,West Bengal,Coastal,1453.61,6.12,0.673,8.3,4,1
Vijayawada,Andhra Pradesh,Krishna,1242.13,9.91,0.586,11.0,1,0
Sambalpur,Odisha,Mahanadi,1292.52,10.95,0.294,146.9,2,0
Sangli,Maharashtra,Krishna,842.11,8.03,0.95,549.1,1,0
Varanasi,Uttar Pradesh,Ganga,931.0,17.96,0.209,78.5,0,1
Sambalpur,Odisha,Mahanadi,1497.15,12.22,0.124,147.0,2,1
Mumbai,Maharashtra,Coastal,1774.13,3.05,0.228,13.3,4,0
Mumbai,Maharashtra,Coastal,2009.01,3.21,0.15,15.2,2,0
Guwahati,Assam,Brahmaputra,1770.95,18.07,0.744,55.2,9,1
Kolkata,West Bengal,Coastal,1640.86,7.98,0.95,7.3,4,1
Rajahmundry,Andhra Pradesh,Godavari,1098.99,9.83,0.831,14.5,1,1
Jodhpur,Rajasthan,Arid,322.71,1.37,0.305,214.9,0,0
Sangli,Maharashtra,Krishna,941.51,6.38,0.78,648.7,1,1
Trichy,Tamil Nadu,Kaveri,694.37,6.83,0.147,82.9,3,0
Allahabad,Uttar Pradesh,Ganga,1147.31,16.85,0.678,90.5,2,0
Rajahmundry,Andhra Pradesh,Godavari,974.62,13.39,0.33,13.3,2,1
Mysore,Karnataka,Kaveri,924.2,9.85,0.518,879.5,0,0
Nashik,Maharashtra,Godavari,1065.06,6.21,0.111,566.3,0,1
Guwahati,Assam,Brahmaputra,1274.82,14.52,0.77,59.0,6,1
Nashik,Maharashtra,Godavari,1009.3,11.91,0.5,638.0,1,1
Trichy,Tamil Nadu,Kaveri,1183.13,7.64,0.911,81.5,0,1
Dibrugarh,Assam,Brahmaputra,3178.52,26.4,0.602,90.3,1,1
Cuttack,Odisha,Mahanadi,1042.48,17.78,0.93,23.8,2,0
Dibrugarh,Assam,Brahmaputra,2521.64,17.93,0.95,95.8,2,1
Majuli,Assam,Brahmaputra,2143.25,9.17,0.347,67.9,5,1
Varanasi,Uttar Pradesh,Ganga,797.83,3.17,0.912,73.0,1,1
Guwahati,Assam,Brahmaputra,1187.15,17.23,0.512,42.8,3,0
Cuttack,Odisha,Mahanadi,1418.48,5.81,0.363,27.3,1,1
Trichy,Tamil Nadu,Kaveri,738.27,2.14,0.331,70.7,1,0
Majuli,Assam,Brahmaputra,2761.87,15.91,0.825,81.4,10,1
Mysore,Karnataka,Kaveri,1045.57,6.79,0.311,758.3,0,0
Jodhpur,Rajasthan,Arid,373.43,3.97,0.103,208.9,1,0
Jaipur,Rajasthan,Arid,818.45,2.22,0.257,422.1,0,0
Mysore,Karnataka,Kaveri,825.89,7.25,0.474,608.2,2,0
Guwahati,Assam,Brahmaputra,1978.63,11.4,0.902,55.6,1,1
Trichy,Tamil Nadu,Kaveri,1007.96,5.15,0.5,78.6,0,1
Varanasi,Uttar Pradesh,Ganga,1091.67,15.67,0.593,90.0,3,0
Kolkata,West Bengal,Coastal,904.4,11.24,0.628,9.6,1,0
Mysore,Karnataka,Kaveri,604.01,7.59,0.371,859.7,0,0
Cuttack,Odisha,Mahanadi,1917.86,14.43,0.459,28.0,3,1
Mysore,Karnataka,Kaveri,807.05,7.48,0.202,735.0,0,0
Rajahmundry,Andhra Pradesh,Godavari,1612.1,21.02,0.1,15.4,2,0
Guwahati,Assam,Brahmaputra,1759.93,14.18,0.656,52.9,4,1
Nashik,Maharashtra,Godavari,831.92,7.59,0.584,530.2,1,1
Mysore,Karnataka,Kaveri,839.63,5.87,0.134,793.6,0,1
Sambalpur,Odisha,Mahanadi,1209.84,8.53,0.713,157.6,3,0
Trichy,Tamil Nadu,Kaveri,883.7,11.46,0.146,67.6,2,0
Rajahmundry,Andhra Pradesh,Godavari,1333.3,4.36,0.941,16.6,4,0
Varanasi,Uttar Pradesh,Ganga,1088.28,19.88,0.493,74.9,1,1
Vijayawada,Andhra Pradesh,Krishna,1440.73,9.28,0.372,11.7,1,1
Varanasi,Uttar Pradesh,Ganga,1407.36,17.15,0.469,65.4,6,1
Majuli,Assam,Brahmaputra,2513.51,19.83,0.851,80.9,2,1
Mumbai,Maharashtra,Coastal,2545.07,1.97,0.428,16.2,3,0
Sambalpur,Odisha,Mahanadi,1276.83,10.09,0.218,135.0,6,1
Patna,Bihar,Ganga,682.52,15.35,0.59,56.9,2,1
Mysore,Karnataka,Kaveri,325.1,5.82,0.877,791.3,1,0
Dibrugarh,Assam,Brahmaputra,2857.47,25.73,0.1,98.8,6,1
Patna,Bihar,Ganga,1004.0,14.75,0.732,49.7,2,1
Jaipur,Rajasthan,Arid,660.28,2.65,0.1,405.7,1,0
Varanasi,Uttar Pradesh,Ganga,1362.86,12.31,0.865,76.0,2,0
Jaipur,Rajasthan,Arid,831.76,1.91,0.1,433.4,2,0
Rajahmundry,Andhra Pradesh,Godavari,1120.29,7.48,0.49,11.4,0,0
Vijayawada,Andhra Pradesh,Krishna,798.03,11.71,0.569,11.1,2,1
Chennai,Tamil Nadu,Coastal,1466.49,8.6,0.657,5.6,1,0
Trichy,Tamil Nadu,Kaveri,617.65,8.53,0.143,82.4,1,1
Sangli,Maharashtra,Krishna,808.64,7.11,0.937,504.6,1,0
Mumbai,Maharashtra,Coastal,1743.1,4.41,0.347,13.9,3,0
Chennai,Tamil Nadu,Coastal,1443.6,7.32,0.701,6.5,1,0
Jodhpur,Rajasthan,Arid,337.87,1.89,0.1,232.5,0,0
Trichy,Tamil Nadu,Kaveri,1020.01,4.09,0.347,73.3,0,0
Varanasi,Uttar Pradesh,Ganga,1365.33,14.04,0.589,81.7,2,1
Dibrugarh,Assam,Brahmaputra,3431.93,16.27,0.112,108.5,4,1
Rajahmundry,Andhra Pradesh,Godavari,1105.07,12.54,0.743,14.4,0,1
Chennai,Tamil Nadu,Coastal,1672.46,5.59,0.232,6.6,1,1
Mumbai,Maharashtra,Coastal,2049.04,2.96,0.668,13.8,2,0
Sangli,Maharashtra,Krishna,840.92,10.21,0.1,499.7,2,0
Mumbai,Maharashtra,Coastal,2346.47,3.68,0.605,12.6,2,0
Varanasi,Uttar Pradesh,Ganga,1029.62,15.68,0.753,77.8,1,1
Cuttack,Odisha,Mahanadi,986.08,16.88,0.608,21.8,2,0
Sambalpur,Odisha,Mahanadi,884.78,8.8,0.748,161.4,4,0
Nashik,Maharashtra,Godavari,1278.53,6.07,0.67,585.0,0,0
Guwahati,Assam,Brahmaputra,1910.92,12.66,0.211,62.2,3,0
Guwahati,Assam,Brahmaputra,1719.76,15.26,0.303,58.1,5,1
Nashik,Maharashtra,Godavari,1192.51,10.5,0.684,620.5,0,1
Mysore,Karnataka,Kaveri,639.07,5.94,0.314,812.0,1,0
Nashik,Maharashtra,Godavari,851.62,11.82,0.706,658.5,3,1
Jaipur,Rajasthan,Arid,523.82,3.62,0.444,411.7,1,0
Varanasi,Uttar Pradesh,Ganga,933.7,16.18,0.807,96.6,3,1
Vijayawada,Andhra Pradesh,Krishna,667.56,8.39,0.616,12.8,0,1
Sambalpur,Odisha,Mahanadi,866.05,8.77,0.349,149.6,0,1
Cuttack,Odisha,Mahanadi,1015.67,14.41,0.448,24.7,3,1
Nashik,Maharashtra,Godavari,699.31,12.75,0.764,679.5,2,1
Sambalpur,Odisha,Mahanadi,1525.09,11.8,0.421,125.9,2,0
Trichy,Tamil Nadu,Kaveri,477.73,4.87,0.1,88.4,1,0
Sambalpur,Odisha,Mahanadi,1478.16,14.84,0.691,148.4,2,1
Kolkata,West Bengal,Coastal,1112.23,6.9,0.751,8.5,2,0
Sambalpur,Odisha,Mahanadi,1224.73,3.87,0.607,156.7,2,0
Guwahati,Assam,Brahmaputra,1032.28,10.93,0.95,56.5,7,1
Majuli,Assam,Brahmaputra,2225.67,20.63,0.546,87.2,4,1
Rajahmundry,Andhra Pradesh,Godavari,1033.3,10.24,0.681,16.3,0,0
Jaipur,Rajasthan,Arid,492.2,4.04,0.217,360.8,1,0
Kolkata,West Bengal,Coastal,2071.5,4.5,0.438,8.3,3,1
Patna,Bihar,Ganga,1759.73,25.3,0.346,55.0,2,1
Sambalpur,Odisha,Mahanadi,1441.06,10.72,0.224,156.1,3,0
Rajahmundry,Andhra Pradesh,Godavari,1290.19,9.52,0.492,13.5,2,0
Allahabad,Uttar Pradesh,Ganga,856.9,9.64,0.366,73.1,3,1
Allahabad,Uttar Pradesh,Ganga,1273.45,2.9,0.302,88.5,0,0
Nashik,Maharashtra,Godavari,898.92,8.7,0.323,629.0,0,0
Mumbai,Maharashtra,Coastal,3318.64,4.5,0.716,13.2,1,1
Guwahati,Assam,Brahmaputra,1384.71,14.63,0.876,47.3,4,0
Mumbai,Maharashtra,Coastal,2020.35,4.4,0.73,13.8,2,0
Chennai,Tamil Nadu,Coastal,879.66,6.14,0.637,5.2,2,0
Mumbai,Maharashtra,Coastal,2208.9,3.54,0.95,13.0,0,0
Jodhpur,Rajasthan,Arid,393.08,3.42,0.151,238.8,0,0
Varanasi,Uttar Pradesh,Ganga,1254.0,18.75,0.139,91.0,3,1
Nashik,Maharashtra,Godavari,1216.52,9.04,0.308,681.9,1,0
Cuttack,Odisha,Mahanadi,1796.47,6.04,0.799,22.6,1,0
Vijayawada,Andhra Pradesh,Krishna,1117.3,11.87,0.15,10.7,1,1
Allahabad,Uttar Pradesh,Ganga,1298.52,15.4,0.586,81.2,4,1
Rajahmundry,Andhra Pradesh,Godavari,1242.41,9.27,0.76,13.3,3,0
Sambalpur,Odisha,Mahanadi,1299.06,11.92,0.379,161.2,4,1
Jodhpur,Rajasthan,Arid,227.11,2.22,0.1,199.8,0,1
Kolkata,West Bengal,Coastal,1794.9,10.8,0.372,7.2,3,1
Nashik,Maharashtra,Godavari,801.1,7.23,0.283,487.2,0,1
Chennai,Tamil Nadu,Coastal,1701.86,6.67,0.639,6.6,2,1
Jaipur,Rajasthan,Arid,787.46,1.63,0.1,381.5,1,0
Allahabad,Uttar Pradesh,Ganga,829.41,9.54,0.862,85.1,3,1
Varanasi,Uttar Pradesh,Ganga,1283.61,12.69,0.353,85.5,1,1
Kolkata,West Bengal,Coastal,1581.19,11.21,0.95,8.3,0,1
Patna,Bihar,Ganga,1195.95,19.5,0.713,59.6,5,1
Sambalpur,Odisha,Mahanadi,1419.14,13.98,0.242,145.9,3,1
Guwahati,Assam,Brahmaputra,1500.52,13.59,0.859,43.6,8,1
Allahabad,Uttar Pradesh,Ganga,1395.46,6.01,0.918,89.9,2,0
Majuli,Assam,Brahmaputra,2828.47,0.5,0.695,89.8,4,1
Mysore,Karnataka,Kaveri,641.18,6.77,0.364,716.1,1,0
Kolkata,West Bengal,Coastal,677.59,10.09,0.933,5.9,5,1
Sangli,Maharashtra,Krishna,990.83,5.67,0.397,550.7,0,0
Allahabad,Uttar Pradesh,Ganga,929.25,12.58,0.437,96.8,4,1
Mysore,Karnataka,Kaveri,846.21,6.47,0.5,766.0,1,0
Sambalpur,Odisha,Mahanadi,1380.88,4.61,0.313,175.2,0,1
Patna,Bihar,Ganga,1403.88,10.69,0.18,61.6,1,1
Dibrugarh,Assam,Brahmaputra,3672.93,14.8,0.928,92.9,5,1
Vijayawada,Andhra Pradesh,Krishna,1145.31,10.7,0.406,14.2,1,0
Mumbai,Maharashtra,Coastal,2873.59,5.63,0.595,11.8,1,1
Varanasi,Uttar Pradesh,Ganga,1003.3,9.52,0.95,62.6,5,0
Patna,Bihar,Ganga,933.15,22.51,0.712,55.6,1,1
Allahabad,Uttar Pradesh,Ganga,1219.3,10.17,0.795,102.8,2,1
Vijayawada,Andhra Pradesh,Krishna,901.57,10.54,0.522,11.4,2,0
Vijayawada,Andhra Pradesh,Krishna,1104.85,8.11,0.778,13.3,5,0
Sangli,Maharashtra,Krishna,784.93,5.79,0.241,466.7,2,0
Allahabad,Uttar Pradesh,Ganga,1030.95,14.71,0.584,84.6,2,1
Nashik,Maharashtra,Godavari,1003.98,9.74,0.254,626.1,1,1
Rajahmundry,Andhra Pradesh,Godavari,1054.04,8.25,0.1,14.5,2,1
Mysore,Karnataka,Kaveri,620.99,3.35,0.1,718.5,0,1
Guwahati,Assam,Brahmaputra,2012.85,8.63,0.808,61.8,7,1
Mumbai,Maharashtra,Coastal,2149.7,3.98,0.127,13.7,3,0
Sambalpur,Odisha,Mahanadi,1451.8,13.58,0.849,171.1,1,0
Mysore,Karnataka,Kaveri,1024.38,3.18,0.708,785.1,0,1
Rajahmundry,Andhra Pradesh,Godavari,656.36,14.25,0.593,16.7,3,0
Nashik,Maharashtra,Godavari,1074.82,10.1,0.539,632.0,4,0
Sambalpur,Odisha,Mahanadi,865.85,9.17,0.467,166.4,1,0
Allahabad,Uttar Pradesh,Ganga,858.3,6.16,0.1,104.4,3,0
Mysore,Karnataka,Kaveri,493.7,6.6,0.562,702.4,0,1
Mumbai,Maharashtra,Coastal,2304.11,2.81,0.559,14.5,1,0
Sangli,Maharashtra,Krishna,451.82,10.9,0.547,655.4,0,0
Majuli,Assam,Brahmaputra,1629.5,10.21,0.95,108.4,8,1
Sangli,Maharashtra,Krishna,594.13,6.1,0.364,557.2,1,0
Rajahmundry,Andhra Pradesh,Godavari,785.88,10.18,0.655,13.4,0,0
Jodhpur,Rajasthan,Arid,200.93,1.24,0.681,252.4,0,0
Mysore,Karnataka,Kaveri,743.45,6.76,0.493,732.8,1,0
Majuli,Assam,Brahmaputra,1466.07,6.14,0.86,94.5,2,1
Mumbai,Maharashtra,Coastal,3046.44,4.14,0.95,16.2,0,0
Sangli,Maharashtra,Krishna,619.51,6.03,0.402,573.2,0,0
Chennai,Tamil Nadu,Coastal,1083.19,8.0,0.1,6.3,4,0
Guwahati,Assam,Brahmaputra,1588.95,0.5,0.801,58.5,2,1
Majuli,Assam,Brahmaputra,2396.35,23.65,0.95,79.8,9,1
Varanasi,Uttar Pradesh,Ganga,637.74,14.35,0.519,84.9,3,1
Dibrugarh,Assam,Brahmaputra,3127.62,25.14,0.555,97.3,4,1
Trichy,Tamil Nadu,Kaveri,1048.3,10.8,0.167,71.9,3,0
Jaipur,Rajasthan,Arid,776.48,1.64,0.1,436.2,0,0
Kolkata,West Bengal,Coastal,1380.04,3.25,0.641,8.7,3,0
Sangli,Maharashtra,Krishna,1188.69,7.98,0.1,603.5,0,1
Rajahmundry,Andhra Pradesh,Godavari,1215.03,6.89,0.902,15.6,2,1
Guwahati,Assam,Brahmaputra,1936.54,10.62,0.775,60.2,5,0
Allahabad,Uttar Pradesh,Ganga,846.33,12.77,0.95,91.8,3,1
Majuli,Assam,Brahmaputra,2632.16,14.91,0.657,82.6,7,1
Cuttack,Odisha,Mahanadi,1421.47,13.9,0.903,27.4,2,1
Guwahati,Assam,Brahmaputra,1416.82,22.67,0.219,45.5,6,1
Varanasi,Uttar Pradesh,Ganga,956.93,15.58,0.649,77.2,2,1
Allahabad,Uttar Pradesh,Ganga,689.83,15.36,0.186,96.3,1,1
Dibrugarh,Assam,Brahmaputra,3106.13,14.6,0.503,104.4,5,1
Kolkata,West Bengal,Coastal,1434.08,8.16,0.763,9.6,2,1
Guwahati,Assam,Brahmaputra,2202.26,9.19,0.835,50.9,4,1
Nashik,Maharashtra,Godavari,909.42,7.65,0.29,519.2,1,1
Jaipur,Rajasthan,Arid,727.01,3.08,0.66,382.3,0,0
Jodhpur,Rajasthan,Arid,286.57,3.04,0.855,214.1,0,0
Jaipur,Rajasthan,Arid,743.7,2.62,0.4,384.7,0,1
Mumbai,Maharashtra,Coastal,1389.12,2.58,0.509,14.1,2,1
Rajahmundry,Andhra Pradesh,Godavari,1080.84,14.73,0.95,15.3,4,1
Trichy,Tamil Nadu,Kaveri,884.45,5.74,0.347,79.6,1,0
Sangli,Maharashtra,Krishna,601.16,1.09,0.315,514.3,0,0
Majuli,Assam,Brahmaputra,1807.41,19.01,0.879,73.8,5,1
Mumbai,Maharashtra,Coastal,1334.99,1.0,0.423,15.5,2,0
Dibrugarh,Assam,Brahmaputra,2875.07,16.81,0.71,89.9,7,1
Nashik,Maharashtra,Godavari,1023.57,5.72,0.313,491.6,4,1
Jodhpur,Rajasthan,Arid,288.57,1.55,0.864,219.4,0,0
Rajahmundry,Andhra Pradesh,Godavari,776.89,7.47,0.365,18.0,2,0
Rajahmundry,Andhra Pradesh,Godavari,1630.74,15.94,0.675,14.3,1,1
Majuli,Assam,Brahmaputra,2911.33,15.88,0.917,94.6,3,1
Dibrugarh,Assam,Brahmaputra,2683.86,19.84,0.859,118.4,8,1
Cuttack,Odisha,Mahanadi,1449.25,10.54,0.95,23.6,1,1
Dibrugarh,Assam,Brahmaputra,2288.12,10.03,0.927,106.4,2,1
Jaipur,Rajasthan,Arid,562.86,2.05,0.628,453.9,1,0
Jodhpur,Rajasthan,Arid,315.5,2.26,0.1,191.5,0,0
Rajahmundry,Andhra Pradesh,Godavari,861.26,13.47,0.1,13.2,0,0
Jaipur,Rajasthan,Arid,906.24,3.16,0.734,506.4,0,0
Majuli,Assam,Brahmaputra,2317.83,25.93,0.67,75.2,7,1
Sangli,Maharashtra,Krishna,908.47,9.22,0.393,495.0,1,0
Nashik,Maharashtra,Godavari,897.78,8.27,0.95,522.8,1,0
Jaipur,Rajasthan,Arid,552.56,2.15,0.204,401.5,0,0
Rajahmundry,Andhra Pradesh,Godavari,781.07,13.35,0.689,12.9,5,1
Patna,Bihar,Ganga,1283.01,6.48,0.95,52.6,2,1
Majuli,Assam,Brahmaputra,2019.5,19.75,0.525,85.2,11,1
Mumbai,Maharashtra,Coastal,1968.81,1.98,0.411,13.8,1,1
Majuli,Assam,Brahmaputra,2317.47,16.04,0.829,79.1,9,1
Mumbai,Maharashtra,Coastal,2403.19,6.06,0.85,15.2,0,0
Patna,Bihar,Ganga,1128.95,10.22,0.463,51.4,2,1
Kolkata,West Bengal,Coastal,1783.66,8.64,0.95,7.5,2,1
Kolkata,West Bengal,Coastal,1923.93,7.27,0.749,9.0,0,1
Allahabad,Uttar Pradesh,Ganga,1079.11,7.51,0.564,107.9,3,1
Sangli,Maharashtra,Krishna,920.49,6.85,0.475,575.2,1,0
Vijayawada,Andhra Pradesh,Krishna,647.19,12.91,0.129,10.6,2,1
Vijayawada,Andhra Pradesh,Krishna,1220.44,5.53,0.875,10.9,4,0
Guwahati,Assam,Brahmaputra,1856.48,4.46,0.278,52.3,5,0
Rajahmundry,Andhra Pradesh,Godavari,1477.15,9.56,0.262,14.2,4,1
Trichy,Tamil Nadu,Kaveri,980.56,8.76,0.14,73.8,4,0
Sangli,Maharashtra,Krishna,534.4,11.51,0.455,516.1,1,1
Allahabad,Uttar Pradesh,Ganga,758.26,2.17,0.95,76.4,2,1
Mysore,Karnataka,Kaveri,767.32,10.14,0.756,811.9,1,1
Kolkata,West Bengal,Coastal,1114.55,4.25,0.487,6.1,3,0
Allahabad,Uttar Pradesh,Ganga,932.95,8.7,0.299,94.1,4,0
Nashik,Maharashtra,Godavari,1210.5,9.06,0.356,591.9,0,0
Mumbai,Maharashtra,Coastal,1792.51,5.19,0.716,14.0,1,0
Guwahati,Assam,Brahmaputra,2027.36,6.4,0.589,55.7,2,1
Dibrugarh,Assam,Brahmaputra,3838.67,13.5,0.95,90.6,2,1
Sambalpur,Odisha,Mahanadi,1089.58,8.88,0.675,166.1,3,0
Rajahmundry,Andhra Pradesh,Godavari,1111.32,9.88,0.277,14.4,1,0
Cuttack,Odisha,Mahanadi,1726.31,11.85,0.417,27.2,2,1
Dibrugarh,Assam,Brahmaputra,3239.51,10.48,0.905,105.0,3,1
Trichy,Tamil Nadu,Kaveri,661.24,7.91,0.617,79.4,1,0
Nashik,Maharashtra,Godavari,945.92,4.79,0.875,635.8,1,0
Patna,Bihar,Ganga,1354.51,7.42,0.95,62.2,4,1
Varanasi,Uttar Pradesh,Ganga,1235.71,10.12,0.95,81.6,1,0
Guwahati,Assam,Brahmaputra,1880.6,18.02,0.119,52.2,4,1
Vijayawada,Andhra Pradesh,Krishna,1061.32,13.1,0.233,10.7,1,1
Rajahmundry,Andhra Pradesh,Godavari,1252.09,6.5,0.907,13.9,3,1
Guwahati,Assam,Brahmaputra,1840.35,10.11,0.729,45.6,10,1
Dibrugarh,Assam,Brahmaputra,3316.33,23.57,0.589,96.6,8,1
Chennai,Tamil Nadu,Coastal,1667.69,5.23,0.152,6.7,0,0
Rajahmundry,Andhra Pradesh,Godavari,1228.81,5.32,0.95,14.3,1,0
Varanasi,Uttar Pradesh,Ganga,747.74,12.3,0.814,85.4,4,1
Jaipur,Rajasthan,Arid,852.92,3.27,0.1,450.7,0,0
Nashik,Maharashtra,Godavari,1180.86,4.23,0.94,581.3,1,1
Kolkata,West Bengal,Coastal,1306.63,8.71,0.702,8.6,2,0
Sangli,Maharashtra,Krishna,570.83,6.27,0.822,664.7,2,1
Sambalpur,Odisha,Mahanadi,1474.63,5.11,0.618,142.0,1,1
Guwahati,Assam,Brahmaputra,1445.75,7.41,0.87,48.7,4,1
Patna,Bihar,Ganga,1432.39,17.85,0.852,52.6,2,1
Majuli,Assam,Brahmaputra,2641.15,17.76,0.95,106.0,7,1
Rajahmundry,Andhra Pradesh,Godavari,1091.7,8.94,0.529,14.2,1,0
Jodhpur,Rajasthan,Arid,407.65,0.5,0.136,227.2,0,0
Rajahmundry,Andhra Pradesh,Godavari,1577.89,13.16,0.781,14.6,1,0
Mumbai,Maharashtra,Coastal,2835.62,4.57,0.314,13.4,1,1
Patna,Bihar,Ganga,996.92,18.41,0.1,56.4,3,1
Mysore,Karnataka,Kaveri,665.02,3.59,0.463,780.4,0,0
Jaipur,Rajasthan,Arid,684.29,3.16,0.266,435.6,1,0
Mumbai,Maharashtra,Coastal,2703.82,2.82,0.937,14.0,1,0
Sangli,Maharashtra,Krishna,360.5,5.33,0.1,572.1,1,0
Cuttack,Odisha,Mahanadi,1348.81,12.93,0.665,24.4,1,1
Vijayawada,Andhra Pradesh,Krishna,1081.54,11.83,0.83,11.2,2,0
Dibrugarh,Assam,Brahmaputra,4000.0,24.83,0.424,104.6,5,1
Guwahati,Assam,Brahmaputra,1717.61,29.44,0.792,57.2,3,1
Allahabad,Uttar Pradesh,Ganga,760.39,13.87,0.741,97.8,0,1
Dibrugarh,Assam,Brahmaputra,3277.85,22.16,0.646,100.6,7,1
Nashik,Maharashtra,Godavari,594.12,5.54,0.904,483.4,2,0
Mumbai,Maharashtra,Coastal,2862.06,3.05,0.872,14.2,2,1
Patna,Bihar,Ganga,1019.49,16.79,0.901,60.3,2,1
Allahabad,Uttar Pradesh,Ganga,708.72,7.99,0.78,97.9,0,1
Jodhpur,Rajasthan,Arid,448.99,2.05,0.32,228.2,0,0
Jaipur,Rajasthan,Arid,707.73,2.27,0.1,464.6,1,0
Kolkata,West Bengal,Coastal,1606.22,2.84,0.749,7.4,2,1
Majuli,Assam,Brahmaputra,1798.27,8.85,0.419,83.7,4,1
Sangli,Maharashtra,Krishna,849.61,8.78,0.123,436.8,0,0
Varanasi,Uttar Pradesh,Ganga,603.26,11.04,0.595,68.9,1,0
Sangli,Maharashtra,Krishna,654.59,3.24,0.608,592.6,2,0
Dibrugarh,Assam,Brahmaputra,3283.48,29.9,0.376,105.7,1,1
Mumbai,Maharashtra,Coastal,1971.09,2.96,0.71,17.4,2,1
Mumbai,Maharashtra,Coastal,2090.59,2.96,0.1,12.2,4,0
Jaipur,Rajasthan,Arid,635.33,3.16,0.219,463.1,0,0
Mumbai,Maharashtra,Coastal,1934.91,2.26,0.206,15.7,0,1
Vijayawada,Andhra Pradesh,Krishna,1209.75,13.47,0.224,12.4,0,0
Jaipur,Rajasthan,Arid,505.72,3.46,0.185,432.8,0,0
Guwahati,Assam,Brahmaputra,1518.65,8.92,0.927,62.0,4,1
Dibrugarh,Assam,Brahmaputra,2406.48,14.54,0.93,104.6,2,1
Mysore,Karnataka,Kaveri,1030.97,9.01,0.318,728.7,4,0
Trichy,Tamil Nadu,Kaveri,880.97,4.93,0.1,74.7,4,0
Cuttack,Odisha,Mahanadi,1181.41,14.47,0.809,30.1,6,1
Varanasi,Uttar Pradesh,Ganga,1004.4,12.74,0.785,90.3,1,0
Trichy,Tamil Nadu,Kaveri,972.38,7.81,0.317,79.4,2,1
Patna,Bihar,Ganga,1344.74,10.3,0.208,51.0,2,0
Majuli,Assam,Brahmaputra,2077.2,18.18,0.541,92.9,9,1
Cuttack,Odisha,Mahanadi,1255.49,17.76,0.35,23.6,1,1
Varanasi,Uttar Pradesh,Ganga,776.15,17.88,0.463,79.5,1,1
Mysore,Karnataka,Kaveri,726.11,3.89,0.415,778.1,2,1
Majuli,Assam,Brahmaputra,1760.65,12.19,0.749,86.6,6,1
Rajahmundry,Andhra Pradesh,Godavari,762.26,3.06,0.708,12.7,1,1
Sangli,Maharashtra,Krishna,811.55,7.12,0.357,506.6,1,1
Nashik,Maharashtra,Godavari,838.78,10.02,0.345,518.3,0,1
Rajahmundry,Andhra Pradesh,Godavari,1114.42,10.65,0.187,15.0,1,1
Vijayawada,Andhra Pradesh,Krishna,839.85,6.0,0.594,10.8,5,0
Mumbai,Maharashtra,Coastal,2097.2,4.42,0.802,16.3,1,1
Guwahati,Assam,Brahmaputra,1512.73,14.27,0.393,56.3,4,1
Sangli,Maharashtra,Krishna,941.62,8.15,0.778,662.5,2,0
Patna,Bihar,Ganga,756.44,17.74,0.46,54.3,4,1
Vijayawada,Andhra Pradesh,Krishna,1321.25,12.49,0.95,11.8,4,1
Majuli,Assam,Brahmaputra,2235.09,14.76,0.92,99.2,3,1
Jodhpur,Rajasthan,Arid,394.4,0.5,0.1,258.1,1,0
Majuli,Assam,Brahmaputra,2982.17,15.12,0.95,78.9,5,1
Rajahmundry,Andhra Pradesh,Godavari,1172.43,15.51,0.159,16.3,2,1
Sambalpur,Odisha,Mahanadi,1218.54,9.4,0.138,144.2,3,0
Varanasi,Uttar Pradesh,Ganga,763.17,9.75,0.58,83.3,1,1
Mumbai,Maharashtra,Coastal,1544.09,3.56,0.107,15.9,1,0
Majuli,Assam,Brahmaputra,2136.97,22.51,0.95,83.7,9,1
Rajahmundry,Andhra Pradesh,Godavari,930.4,13.31,0.1,12.1,2,1
Dibrugarh,Assam,Brahmaputra,2318.3,3.36,0.91,98.0,9,0
Guwahati,Assam,Brahmaputra,2100.17,3.35,0.95,59.4,3,0
Vijayawada,Andhra Pradesh,Krishna,919.9,5.79,0.574,10.4,1,1
Sangli,Maharashtra,Krishna,697.5,7.0,0.832,549.2,1,0
Sangli,Maharashtra,Krishna,689.0,9.36,0.289,444.0,1,0
Vijayawada,Andhra Pradesh,Krishna,991.9,8.71,0.241,11.7,3,1
Patna,Bihar,Ganga,1580.07,6.65,0.526,49.8,4,0
Jaipur,Rajasthan,Arid,500.69,2.84,0.1,478.7,0,0
Rajahmundry,Andhra Pradesh,Godavari,1215.12,17.4,0.414,15.3,1,0
Guwahati,Assam,Brahmaputra,1605.3,6.72,0.796,59.0,4,1
Chennai,Tamil Nadu,Coastal,1103.95,9.33,0.675,6.1,2,1
Allahabad,Uttar Pradesh,Ganga,1601.35,5.47,0.451,94.3,2,0
Sambalpur,Odisha,Mahanadi,1124.28,7.39,0.701,150.2,3,1
Rajahmundry,Andhra Pradesh,Godavari,1468.98,7.22,0.95,16.8,2,1
Nashik,Maharashtra,Godavari,934.54,5.83,0.423,548.5,1,0
Kolkata,West Bengal,Coastal,1009.54,6.9,0.95,7.0,2,0
Guwahati,Assam,Brahmaputra,1865.39,9.62,0.515,48.7,1,1
Vijayawada,Andhra Pradesh,Krishna,883.75,5.09,0.95,12.5,3,1
Nashik,Maharashtra,Godavari,794.81,10.2,0.95,611.9,3,1
Sangli,Maharashtra,Krishna,611.38,9.88,0.653,513.2,0,0
Kolkata,West Bengal,Coastal,1514.03,7.69,0.566,6.5,0,0
Majuli,Assam,Brahmaputra,2097.5,17.27,0.634,75.6,5,1
Trichy,Tamil Nadu,Kaveri,547.79,2.35,0.1,78.8,1,0
Patna,Bihar,Ganga,1218.07,19.36,0.603,56.9,0,0
Sambalpur,Odisha,Mahanadi,1155.26,6.2,0.363,187.8,2,1
Patna,Bihar,Ganga,892.68,15.24,0.882,59.9,1,1
Majuli,Assam,Brahmaputra,1444.26,11.85,0.92,79.9,2,1
Nashik,Maharashtra,Godavari,524.66,6.75,0.297,580.0,1,0
Guwahati,Assam,Brahmaputra,2250.22,20.89,0.898,52.5,7,1
Sambalpur,Odisha,Mahanadi,1053.65,8.58,0.1,158.8,5,1
Patna,Bihar,Ganga,948.23,15.48,0.624,44.3,3,1
Guwahati,Assam,Brahmaputra,2013.31,6.66,0.642,66.1,4,1
Allahabad,Uttar Pradesh,Ganga,1358.87,9.01,0.545,86.5,2,1
Sambalpur,Odisha,Mahanadi,1504.68,7.6,0.919,153.0,2,1
Rajahmundry,Andhra Pradesh,Godavari,700.51,5.9,0.1,15.8,3,0
Nashik,Maharashtra,Godavari,856.49,5.0,0.819,594.8,1,1
Kolkata,West Bengal,Coastal,1861.77,9.24,0.358,8.2,2,0
Varanasi,Uttar Pradesh,Ganga,932.89,15.71,0.679,87.0,1,0
Mumbai,Maharashtra,Coastal,2573.54,4.35,0.611,15.9,1,1
Allahabad,Uttar Pradesh,Ganga,809.84,13.4,0.923,80.1,2,0
Kolkata,West Bengal,Coastal,1565.63,8.73,0.469,7.4,0,1
Trichy,Tamil Nadu,Kaveri,721.67,2.76,0.722,77.2,0,0
Nashik,Maharashtra,Godavari,1139.04,7.64,0.901,493.6,1,1
Jodhpur,Rajasthan,Arid,568.02,2.37,0.557,187.3,1,0
Chennai,Tamil Nadu,Coastal,1365.35,4.48,0.612,5.3,1,1
Varanasi,Uttar Pradesh,Ganga,928.21,8.56,0.916,61.0,3,0
Nashik,Maharashtra,Godavari,1189.43,8.2,0.79,578.5,2,1
Vijayawada,Andhra Pradesh,Krishna,826.83,12.94,0.664,10.6,1,0
Sangli,Maharashtra,Krishna,767.05,6.37,0.83,467.4,1,0
Vijayawada,Andhra Pradesh,Krishna,1011.21,16.65,0.715,11.1,3,0
Vijayawada,Andhra Pradesh,Krishna,1206.71,12.29,0.771,11.8,4,0
Mysore,Karnataka,Kaveri,764.52,3.71,0.1,680.0,1,0
Mumbai,Maharashtra,Coastal,2312.95,2.77,0.682,14.6,0,1
Nashik,Maharashtra,Godavari,1198.57,9.0,0.598,593.6,3,1
Allahabad,Uttar Pradesh,Ganga,764.11,14.75,0.884,80.2,2,1
Jodhpur,Rajasthan,Arid,232.12,2.03,0.1,227.1,1,0
Varanasi,Uttar Pradesh,Ganga,770.65,8.94,0.878,82.8,5,0
Sangli,Maharashtra,Krishna,831.66,6.41,0.696,576.6,1,1
Cuttack,Odisha,Mahanadi,1587.41,9.04,0.305,26.3,4,1
Kolkata,West Bengal,Coastal,1675.17,13.03,0.95,8.9,1,1
Mumbai,Maharashtra,Coastal,2310.25,3.85,0.318,13.3,1,1
Guwahati,Assam,Brahmaputra,1902.17,13.84,0.95,55.1,6,1
Vijayawada,Andhra Pradesh,Krishna,788.76,9.74,0.426,12.4,2,0
Rajahmundry,Andhra Pradesh,Godavari,1512.02,17.41,0.541,15.4,6,1
Chennai,Tamil Nadu,Coastal,1577.21,4.94,0.382,6.5,0,1
Mumbai,Maharashtra,Coastal,2093.03,3.87,0.1,15.1,2,0
Chennai,Tamil Nadu,Coastal,1486.08,3.75,0.217,6.6,0,1
Mumbai,Maharashtra,Coastal,1915.96,4.39,0.298,13.0,1,1
Trichy,Tamil Nadu,Kaveri,745.57,6.74,0.678,71.4,1,0
Majuli,Assam,Brahmaputra,1553.13,24.06,0.581,74.4,5,1
Varanasi,Uttar Pradesh,Ganga,1136.09,10.57,0.95,76.3,1,1
Mumbai,Maharashtra,Coastal,2981.51,3.85,0.871,13.1,0,1
Mysore,Karnataka,Kaveri,820.74,5.46,0.274,750.1,1,1
Sangli,Maharashtra,Krishna,846.68,5.83,0.86,598.1,2,0
Sambalpur,Odisha,Mahanadi,1071.51,6.14,0.532,124.9,0,0
Sambalpur,Odisha,Mahanadi,1288.41,9.99,0.158,136.7,2,0
Mumbai,Maharashtra,Coastal,1829.76,2.32,0.544,14.0,1,0
Cuttack,Odisha,Mahanadi,1526.56,7.99,0.529,24.3,1,1
Mumbai,Maharashtra,Coastal,2618.19,2.62,0.841,15.3,1,1
Chennai,Tamil Nadu,Coastal,1369.53,4.32,0.335,5.4,2,1
Nashik,Maharashtra,Godavari,1113.08,6.57,0.361,530.6,1,0
Dibrugarh,Assam,Brahmaputra,3371.7,17.42,0.398,87.0,6,1
Vijayawada,Andhra Pradesh,Krishna,637.17,9.66,0.742,13.4,1,1
Jodhpur,Rajasthan,Arid,300.72,0.64,0.1,187.8,0,0
Mumbai,Maharashtra,Coastal,2160.79,3.69,0.891,13.8,1,1
Sambalpur,Odisha,Mahanadi,1738.09,11.95,0.261,121.5,3,0
Mumbai,Maharashtra,Coastal,2704.62,5.93,0.548,13.8,2,1
Allahabad,Uttar Pradesh,Ganga,595.78,14.0,0.479,93.7,3,1
Kolkata,West Bengal,Coastal,1035.0,2.65,0.921,7.5,2,0
Cuttack,Odisha,Mahanadi,1896.41,22.85,0.919,26.9,2,1
Trichy,Tamil Nadu,Kaveri,1180.59,10.43,0.483,71.0,1,1
Mumbai,Maharashtra,Coastal,2194.91,5.42,0.372,14.4,4,0
Sambalpur,Odisha,Mahanadi,1052.1,8.13,0.743,161.1,3,0
Dibrugarh,Assam,Brahmaputra,2719.96,16.74,0.525,103.6,3,1
Allahabad,Uttar Pradesh,Ganga,1066.05,7.52,0.13,104.6,1,0
Sangli,Maharashtra,Krishna,685.49,2.28,0.242,586.9,2,0
Guwahati,Assam,Brahmaputra,1685.0,18.58,0.23,54.3,2,1
Nashik,Maharashtra,Godavari,686.52,5.68,0.357,657.3,0,0
Cuttack,Odisha,Mahanadi,1093.85,12.88,0.761,28.6,5,0
Vijayawada,Andhra Pradesh,Krishna,905.48,7.53,0.395,12.1,0,1
Majuli,Assam,Brahmaputra,1464.13,9.69,0.809,74.4,3,1
Rajahmundry,Andhra Pradesh,Godavari,1475.94,10.8,0.929,15.5,3,0
Patna,Bihar,Ganga,1099.65,10.85,0.95,56.5,2,1
Guwahati,Assam,Brahmaputra,1264.83,11.46,0.689,56.9,3,1
Trichy,Tamil Nadu,Kaveri,775.33,8.85,0.213,68.5,1,0
Varanasi,Uttar Pradesh,Ganga,958.67,9.56,0.95,81.8,3,0
Vijayawada,Andhra Pradesh,Krishna,1058.9,7.66,0.573,9.3,1,1
Guwahati,Assam,Brahmaputra,1423.98,19.56,0.894,47.7,7,1
Patna,Bihar,Ganga,841.14,18.96,0.819,44.6,4,1
Sangli,Maharashtra,Krishna,963.23,6.45,0.14,560.9,0,1
Cuttack,Odisha,Mahanadi,1671.28,7.58,0.278,24.8,4,1
Cuttack,Odisha,Mahanadi,822.35,9.2,0.691,30.2,5,1
Sambalpur,Odisha,Mahanadi,1622.22,7.93,0.702,135.9,3,1
Sambalpur,Odisha,Mahanadi,1684.97,11.09,0.711,121.9,1,1
Sambalpur,Odisha,Mahanadi,1203.73,9.1,0.777,152.5,1,0
Cuttack,Odisha,Mahanadi,1358.03,17.91,0.95,27.1,4,1
Vijayawada,Andhra Pradesh,Krishna,1163.08,15.43,0.124,11.8,1,0
Jodhpur,Rajasthan,Arid,297.44,2.88,0.232,232.7,2,0
Trichy,Tamil Nadu,Kaveri,922.53,8.78,0.872,71.0,0,1
Guwahati,Assam,Brahmaputra,1499.98,1.78,0.95,49.2,4,1
Patna,Bihar,Ganga,959.32,15.06,0.95,54.4,1,1
Cuttack,Odisha,Mahanadi,1033.85,6.89,0.138,24.1,1,1
Varanasi,Uttar Pradesh,Ganga,1271.68,9.3,0.887,82.2,2,1
Varanasi,Uttar Pradesh,Ganga,1057.77,17.56,0.553,83.4,1,1
Vijayawada,Andhra Pradesh,Krishna,1420.61,10.32,0.1,9.8,2,1
Jodhpur,Rajasthan,Arid,413.08,2.07,0.279,221.0,0,0
Sangli,Maharashtra,Krishna,544.15,6.36,0.494,467.7,1,0
Dibrugarh,Assam,Brahmaputra,2564.62,19.17,0.405,103.2,6,1
Trichy,Tamil Nadu,Kaveri,1034.13,6.11,0.477,77.6,2,1
Dibrugarh,Assam,Brahmaputra,1776.28,16.07,0.475,102.4,5,1
Vijayawada,Andhra Pradesh,Krishna,1068.43,9.46,0.682,12.6,1,0
Kolkata,West Bengal,Coastal,1220.54,6.83,0.922,7.8,2,0
Rajahmundry,Andhra Pradesh,Godavari,1211.01,11.98,0.128,15.7,2,0
Cuttack,Odisha,Mahanadi,2098.38,6.08,0.748,23.1,1,0
Majuli,Assam,Brahmaputra,2164.97,20.33,0.434,78.1,2,1
Dibrugarh,Assam,Brahmaputra,3342.25,7.76,0.95,82.2,8,0
Varanasi,Uttar Pradesh,Ganga,1228.79,8.52,0.1,83.8,2,0
Patna,Bihar,Ganga,1444.06,15.03,0.865,54.7,3,1
Varanasi,Uttar Pradesh,Ganga,874.32,10.5,0.937,84.7,4,0
Majuli,Assam,Brahmaputra,1710.24,19.66,0.703,83.3,12,1
Dibrugarh,Assam,Brahmaputra,2921.04,20.43,0.597,100.8,5,1
Varanasi,Uttar Pradesh,Ganga,974.59,7.45,0.903,90.4,3,1
Dibrugarh,Assam,Brahmaputra,2595.33,20.88,0.95,76.1,3,1
Mumbai,Maharashtra,Coastal,2029.09,4.32,0.555,15.4,2,1
Jodhpur,Rajasthan,Arid,179.25,1.38,0.437,249.7,0,0
Allahabad,Uttar Pradesh,Ganga,1407.29,14.57,0.95,84.4,2,1
Rajahmundry,Andhra Pradesh,Godavari,1134.46,7.04,0.538,14.5,2,1
Nashik,Maharashtra,Godavari,728.09,8.66,0.783,560.9,1,0
Sangli,Maharashtra,Krishna,898.3,5.98,0.594,573.7,3,0
Nashik,Maharashtra,Godavari,940.03,7.34,0.1,516.3,2,0
Vijayawada,Andhra Pradesh,Krishna,962.85,14.56,0.396,12.6,2,1
Dibrugarh,Assam,Brahmaputra,2020.28,17.55,0.95,87.1,4,1
Chennai,Tamil Nadu,Coastal,1363.8,5.87,0.103,6.7,3,1
Mysore,Karnataka,Kaveri,469.82,1.69,0.1,686.6,1,0
Majuli,Assam,Brahmaputra,1951.19,17.89,0.95,73.3,3,1
Kolkata,West Bengal,Coastal,1719.88,4.74,0.826,8.1,2,1
Kolkata,West Bengal,Coastal,1560.01,6.85,0.884,7.5,3,1
Mumbai,Maharashtra,Coastal,2183.55,2.07,0.95,13.2,4,0
Sambalpur,Odisha,Mahanadi,1524.5,1.41,0.95,161.8,2,1
Majuli,Assam,Brahmaputra,2673.69,15.14,0.95,95.7,4,1
Guwahati,Assam,Brahmaputra,902.83,14.42,0.95,70.2,3,0
Sambalpur,Odisha,Mahanadi,1826.94,6.87,0.794,117.0,2,0
Nashik,Maharashtra,Godavari,1141.07,6.13,0.1,621.1,1,0
Jodhpur,Rajasthan,Arid,303.58,3.1,0.709,195.7,1,0
Mysore,Karnataka,Kaveri,638.39,4.36,0.1,816.7,1,0
Patna,Bihar,Ganga,1277.27,22.26,0.402,58.1,3,0
Jaipur,Rajasthan,Arid,608.81,4.51,0.563,375.9,0,0
Cuttack,Odisha,Mahanadi,1056.15,12.37,0.235,24.4,2,0
Jodhpur,Rajasthan,Arid,325.91,1.97,0.523,245.0,0,0
Patna,Bihar,Ganga,1299.38,10.91,0.325,56.9,1,0
Patna,Bihar,Ganga,1226.11,10.89,0.417,54.1,3,1
Dibrugarh,Assam,Brahmaputra,1809.58,27.76,0.785,102.5,4,1
Varanasi,Uttar Pradesh,Ganga,821.99,11.04,0.1,67.6,3,1
Jodhpur,Rajasthan,Arid,307.31,1.72,0.1,215.2,0,0
Allahabad,Uttar Pradesh,Ganga,1297.23,8.3,0.778,90.0,1,0
Nashik,Maharashtra,Godavari,795.29,6.46,0.161,623.8,0,0
Vijayawada,Andhra Pradesh,Krishna,984.97,8.29,0.373,12.0,2,0
Trichy,Tamil Nadu,Kaveri,1037.08,7.43,0.328,80.3,1,0
Mysore,Karnataka,Kaveri,677.22,7.11,0.866,721.5,1,1
Chennai,Tamil Nadu,Coastal,1163.79,7.68,0.706,6.5,2,1
Nashik,Maharashtra,Godavari,900.38,5.45,0.421,550.2,0,1
Rajahmundry,Andhra Pradesh,Godavari,1049.74,12.72,0.95,17.4,0,1
Patna,Bihar,Ganga,927.18,15.75,0.385,53.4,4,0
Nashik,Maharashtra,Godavari,968.6,9.2,0.1,492.6,0,0
Vijayawada,Andhra Pradesh,Krishna,1497.46,8.47,0.26,10.2,1,0
Kolkata,West Bengal,Coastal,1971.23,6.57,0.263,7.5,3,1
Dibrugarh,Assam,Brahmaputra,2133.66,29.48,0.307,84.4,8,1
Patna,Bihar,Ganga,1376.06,19.75,0.468,65.0,1,1
Sangli,Maharashtra,Krishna,877.39,8.17,0.511,494.1,0,0
Rajahmundry,Andhra Pradesh,Godavari,1098.01,9.31,0.95,13.6,3,1
Guwahati,Assam,Brahmaputra,1727.81,22.34,0.249,59.0,3,1
Mysore,Karnataka,Kaveri,786.01,9.25,0.589,872.0,0,1
Mysore,Karnataka,Kaveri,829.44,5.24,0.105,818.3,0,0
Chennai,Tamil Nadu,Coastal,1600.27,5.14,0.95,5.2,3,0
Guwahati,Assam,Brahmaputra,1518.53,15.39,0.652,52.6,3,0
Mysore,Karnataka,Kaveri,974.1,4.91,0.186,663.7,1,0
Mysore,Karnataka,Kaveri,851.62,5.18,0.1,768.2,0,0
Mysore,Karnataka,Kaveri,715.19,8.08,0.108,730.2,3,0
Nashik,Maharashtra,Godavari,602.27,8.43,0.629,674.2,2,0
Varanasi,Uttar Pradesh,Ganga,962.6,21.11,0.135,84.0,2,0
Vijayawada,Andhra Pradesh,Krishna,1359.9,10.57,0.884,12.1,1,1
Mumbai,Maharashtra,Coastal,2979.83,4.25,0.766,12.8,1,1
Dibrugarh,Assam,Brahmaputra,3328.05,25.25,0.86,98.3,7,1
Chennai,Tamil Nadu,Coastal,1201.24,6.28,0.72,5.4,0,0
Vijayawada,Andhra Pradesh,Krishna,954.93,9.08,0.922,12.0,1,1
Jodhpur,Rajasthan,Arid,341.36,2.5,0.515,222.0,0,0
Majuli,Assam,Brahmaputra,1451.63,12.38,0.817,80.2,9,1
Mysore,Karnataka,Kaveri,774.28,7.01,0.95,669.3,0,0
Nashik,Maharashtra,Godavari,796.79,11.61,0.822,600.8,0,1
Majuli,Assam,Brahmaputra,2150.48,7.36,0.95,91.5,3,1
Guwahati,Assam,Brahmaputra,1852.1,4.97,0.278,65.0,2,0
Chennai,Tamil Nadu,Coastal,1338.51,7.75,0.87,5.7,2,1
Sangli,Maharashtra,Krishna,592.87,8.25,0.206,477.8,0,0
Mumbai,Maharashtra,Coastal,1944.9,5.23,0.657,15.1,2,1
Sambalpur,Odisha,Mahanadi,1082.51,9.58,0.932,148.5,0,1
Kolkata,West Bengal,Coastal,1877.27,10.66,0.493,7.0,4,1
Varanasi,Uttar Pradesh,Ganga,1171.22,9.1,0.32,81.6,3,0
Chennai,Tamil Nadu,Coastal,1621.28,1.79,0.798,5.5,4,0
Mysore,Karnataka,Kaveri,963.31,4.9,0.135,842.5,0,0
Vijayawada,Andhra Pradesh,Krishna,1272.23,3.22,0.482,11.0,3,1
Trichy,Tamil Nadu,Kaveri,689.71,5.38,0.163,76.8,3,1
Sambalpur,Odisha,Mahanadi,1957.53,16.01,0.503,173.3,2,0
Majuli,Assam,Brahmaputra,2986.68,23.01,0.618,92.5,10,1
Majuli,Assam,Brahmaputra,1184.37,11.39,0.95,87.9,2,1
Dibrugarh,Assam,Brahmaputra,3184.57,4.47,0.95,101.3,4,1
Chennai,Tamil Nadu,Coastal,1470.71,5.18,0.209,6.3,3,1
Sambalpur,Odisha,Mahanadi,1445.0,10.33,0.54,173.2,2,0
Mysore,Karnataka,Kaveri,1002.4,4.14,0.119,707.8,0,0
Majuli,Assam,Brahmaputra,2207.01,19.01,0.822,93.5,6,1
Guwahati,Assam,Brahmaputra,1216.93,7.45,0.745,50.5,2,1
Trichy,Tamil Nadu,Kaveri,1004.3,6.97,0.325,67.1,0,0
Vijayawada,Andhra Pradesh,Krishna,894.7,8.43,0.916,12.6,1,1
Kolkata,West Bengal,Coastal,1566.61,4.47,0.655,6.9,3,0
Guwahati,Assam,Brahmaputra,2230.83,17.9,0.163,56.8,8,1
Chennai,Tamil Nadu,Coastal,1013.81,5.5,0.56,5.9,3,0
Jaipur,Rajasthan,Arid,533.07,2.75,0.66,411.9,0,0
Varanasi,Uttar Pradesh,Ganga,873.36,10.4,0.932,70.5,4,0
Mysore,Karnataka,Kaveri,775.67,7.24,0.828,721.9,0,1
Patna,Bihar,Ganga,1673.76,22.21,0.68,63.0,2,0
Dibrugarh,Assam,Brahmaputra,2794.82,9.77,0.523,91.0,6,1
Rajahmundry,Andhra Pradesh,Godavari,1186.2,10.55,0.698,14.6,3,1
Varanasi,Uttar Pradesh,Ganga,1008.62,8.59,0.751,75.6,3,0
Guwahati,Assam,Brahmaputra,1562.96,17.25,0.119,60.7,3,1
Allahabad,Uttar Pradesh,Ganga,904.49,12.18,0.185,96.3,3,0
Nashik,Maharashtra,Godavari,1185.95,6.97,0.95,609.6,0,1
Jaipur,Rajasthan,Arid,818.04,4.05,0.367,347.8,1,0
Trichy,Tamil Nadu,Kaveri,485.92,8.12,0.872,76.6,0,0
Vijayawada,Andhra Pradesh,Krishna,1033.31,14.54,0.353,13.3,0,1
Jaipur,Rajasthan,Arid,381.58,3.08,0.217,414.6,0,0
Chennai,Tamil Nadu,Coastal,1573.96,5.83,0.215,5.6,0,0
Sangli,Maharashtra,Krishna,643.04,3.85,0.783,551.7,0,0
Sangli,Maharashtra,Krishna,713.89,5.84,0.117,546.9,1,0
Chennai,Tamil Nadu,Coastal,1244.73,4.2,0.822,6.5,2,0
Nashik,Maharashtra,Godavari,484.06,7.2,0.806,593.1,2,0
Mumbai,Maharashtra,Coastal,1947.86,5.44,0.823,16.0,2,0
Jodhpur,Rajasthan,Arid,524.91,2.08,0.688,238.8,0,1
Cuttack,Odisha,Mahanadi,1263.0,5.8,0.683,21.9,4,0
Patna,Bihar,Ganga,1251.95,12.23,0.92,53.6,4,1
Majuli,Assam,Brahmaputra,2815.35,20.48,0.947,91.7,6,0
Jaipur,Rajasthan,Arid,343.99,2.94,0.751,423.0,1,0
Guwahati,Assam,Brahmaputra,1112.15,14.06,0.684,47.2,5,1
Sangli,Maharashtra,Krishna,794.67,4.94,0.349,618.7,1,0
Rajahmundry,Andhra Pradesh,Godavari,1410.65,11.13,0.285,16.0,1,0
Cuttack,Odisha,Mahanadi,1500.49,15.25,0.827,27.2,3,1
Sambalpur,Odisha,Mahanadi,1249.01,11.49,0.693,142.1,2,1
Cuttack,Odisha,Mahanadi,2035.61,12.65,0.497,21.0,5,0
Mumbai,Maharashtra,Coastal,2509.09,3.5,0.95,14.2,0,1
Cuttack,Odisha,Mahanadi,2334.59,6.65,0.433,21.1,4,0
Vijayawada,Andhra Pradesh,Krishna,1005.1,8.78,0.268,12.2,1,1
Guwahati,Assam,Brahmaputra,2497.48,6.94,0.749,61.6,3,0
Majuli,Assam,Brahmaputra,1817.1,10.08,0.762,86.3,6,1
Varanasi,Uttar Pradesh,Ganga,921.96,7.26,0.95,75.8,1,0
Vijayawada,Andhra Pradesh,Krishna,941.37,1.69,0.603,13.2,1,1
Vijayawada,Andhra Pradesh,Krishna,862.37,6.65,0.121,10.9,2,0
Mumbai,Maharashtra,Coastal,1504.99,4.5,0.1,13.6,1,0
Guwahati,Assam,Brahmaputra,1465.46,15.6,0.95,56.1,3,1
Sangli,Maharashtra,Krishna,838.79,7.42,0.803,572.8,4,1
Patna,Bihar,Ganga,1405.88,11.77,0.1,61.8,4,1
Nashik,Maharashtra,Godavari,991.18,6.87,0.1,567.2,1,0
Nashik,Maharashtra,Godavari,1006.09,10.2,0.862,559.6,2,0
Allahabad,Uttar Pradesh,Ganga,1080.98,4.72,0.681,88.2,2,0
Guwahati,Assam,Brahmaputra,1839.64,7.32,0.844,50.2,5,1
Mysore,Karnataka,Kaveri,818.38,6.54,0.1,692.5,1,1
Vijayawada,Andhra Pradesh,Krishna,1017.01,7.44,0.151,13.6,2,0
Majuli,Assam,Brahmaputra,2342.97,24.39,0.672,85.6,5,1
Sangli,Maharashtra,Krishna,583.52,7.41,0.246,495.8,2,0
Varanasi,Uttar Pradesh,Ganga,1174.77,16.57,0.95,85.3,1,1
Jodhpur,Rajasthan,Arid,424.99,2.34,0.85,240.3,0,1
Guwahati,Assam,Brahmaputra,1806.8,10.78,0.602,61.8,1,1
Patna,Bihar,Ganga,987.7,17.72,0.938,53.8,6,1
Varanasi,Uttar Pradesh,Ganga,890.0,15.05,0.946,76.8,1,1
Vijayawada,Andhra Pradesh,Krishna,810.31,5.14,0.325,12.1,0,0
Varanasi,Uttar Pradesh,Ganga,1213.3,7.02,0.688,76.3,5,1
Trichy,Tamil Nadu,Kaveri,733.34,3.93,0.289,72.7,3,0
Chennai,Tamil Nadu,Coastal,1838.57,5.93,0.623,4.7,1,0
Vijayawada,Andhra Pradesh,Krishna,1120.7,4.92,0.935,12.4,1,0
Sangli,Maharashtra,Krishna,965.09,2.01,0.311,554.9,3,0
Mumbai,Maharashtra,Coastal,2440.73,3.22,0.44,13.3,3,1
Mysore,Karnataka,Kaveri,671.45,4.66,0.41,832.5,0,0
Rajahmundry,Andhra Pradesh,Godavari,863.59,7.84,0.729,15.9,4,1
Mumbai,Maharashtra,Coastal,851.47,5.19,0.847,14.3,2,1
Majuli,Assam,Brahmaputra,2791.6,10.86,0.746,87.1,7,1
Nashik,Maharashtra,Godavari,648.75,9.56,0.462,477.4,0,0
Majuli,Assam,Brahmaputra,1745.46,9.59,0.324,94.2,6,1
Allahabad,Uttar Pradesh,Ganga,841.81,7.7,0.698,86.0,1,1
Sangli,Maharashtra,Krishna,950.81,8.4,0.151,604.7,1,0
Sangli,Maharashtra,Krishna,851.49,5.79,0.1,531.5,2,0
Patna,Bihar,Ganga,2355.82,21.83,0.91,54.5,6,1
Jodhpur,Rajasthan,Arid,380.88,0.5,0.443,251.4,0,0
Guwahati,Assam,Brahmaputra,1692.54,17.12,0.95,63.3,4,1
Varanasi,Uttar Pradesh,Ganga,1138.39,15.35,0.534,86.1,2,1
Chennai,Tamil Nadu,Coastal,1367.42,6.45,0.404,6.6,1,1
Sangli,Maharashtra,Krishna,984.5,8.38,0.1,487.0,0,1
Rajahmundry,Andhra Pradesh,Godavari,1061.68,14.25,0.408,13.0,3,1
Dibrugarh,Assam,Brahmaputra,2266.14,12.71,0.241,99.6,5,1
Rajahmundry,Andhra Pradesh,Godavari,767.25,8.23,0.519,14.3,3,0
Jodhpur,Rajasthan,Arid,399.83,1.82,0.131,235.2,0,0
Allahabad,Uttar Pradesh,Ganga,770.74,12.73,0.767,86.5,2,0
Sangli,Maharashtra,Krishna,786.01,6.38,0.476,626.1,0,0
Kolkata,West Bengal,Coastal,1266.87,8.4,0.933,8.7,4,1
Nashik,Maharashtra,Godavari,583.22,7.92,0.95,600.7,2,0
Rajahmundry,Andhra Pradesh,Godavari,987.29,11.7,0.446,17.1,3,0
Vijayawada,Andhra Pradesh,Krishna,1268.99,10.8,0.663,13.7,1,0
Cuttack,Odisha,Mahanadi,1867.08,7.62,0.915,22.8,6,0
Sangli,Maharashtra,Krishna,841.13,8.86,0.346,573.9,0,0
Varanasi,Uttar Pradesh,Ganga,1043.29,16.28,0.948,69.2,2,1
Rajahmundry,Andhra Pradesh,Godavari,900.6,7.84,0.271,18.2,2,0
Chennai,Tamil Nadu,Coastal,1472.81,4.18,0.685,5.0,2,1
Vijayawada,Andhra Pradesh,Krishna,766.79,9.27,0.909,10.5,1,1
Sangli,Maharashtra,Krishna,832.89,5.17,0.605,480.9,0,1
Chennai,Tamil Nadu,Coastal,966.32,3.7,0.796,7.0,0,1
Mumbai,Maharashtra,Coastal,2447.87,1.64,0.397,17.5,5,0
Jodhpur,Rajasthan,Arid,433.76,1.7,0.1,236.1,2,1
Kolkata,West Bengal,Coastal,1832.3,9.48,0.307,8.2,3,1
Chennai,Tamil Nadu,Coastal,1661.8,4.28,0.802,5.7,2,0
Jodhpur,Rajasthan,Arid,308.89,2.21,0.35,172.7,0,0
Mysore,Karnataka,Kaveri,778.34,2.94,0.793,740.6,1,1
Chennai,Tamil Nadu,Coastal,1556.45,2.72,0.156,6.3,1,0
Mysore,Karnataka,Kaveri,723.73,6.52,0.48,765.3,0,0
Kolkata,West Bengal,Coastal,1807.29,11.29,0.266,8.0,2,1
Varanasi,Uttar Pradesh,Ganga,1156.9,17.76,0.639,76.1,3,0
Jaipur,Rajasthan,Arid,355.31,1.75,0.192,367.8,2,1
Vijayawada,Andhra Pradesh,Krishna,618.16,13.28,0.223,11.8,3,0
Majuli,Assam,Brahmaputra,1887.08,19.96,0.95,85.5,9,1
Nashik,Maharashtra,Godavari,493.34,10.2,0.515,535.3,2,0
Cuttack,Odisha,Mahanadi,893.61,5.62,0.95,22.2,1,1
Guwahati,Assam,Brahmaputra,1504.19,4.06,0.832,63.8,2,1
Mysore,Karnataka,Kaveri,697.44,7.7,0.804,853.8,3,0
Majuli,Assam,Brahmaputra,2213.71,17.45,0.572,70.5,9,1
Kolkata,West Bengal,Coastal,1415.95,12.15,0.376,9.4,4,1
Nashik,Maharashtra,Godavari,683.61,5.83,0.375,572.4,1,0
Patna,Bihar,Ganga,1097.19,16.12,0.665,55.5,5,1
Mumbai,Maharashtra,Coastal,2211.99,3.11,0.95,14.8,3,0
Sambalpur,Odisha,Mahanadi,1297.79,9.61,0.154,158.4,2,0
Guwahati,Assam,Brahmaputra,1535.9,20.75,0.893,48.4,3,1
Cuttack,Odisha,Mahanadi,1562.94,14.55,0.419,26.2,2,0
Sambalpur,Odisha,Mahanadi,1403.16,6.98,0.678,161.9,3,1
Mysore,Karnataka,Kaveri,702.74,5.04,0.484,774.9,2,0
Trichy,Tamil Nadu,Kaveri,917.91,4.64,0.595,80.4,0,0
Mumbai,Maharashtra,Coastal,2462.79,4.47,0.299,12.4,2,1
Trichy,Tamil Nadu,Kaveri,785.58,8.36,0.432,69.1,0,1
Jodhpur,Rajasthan,Arid,384.18,2.44,0.406,240.2,1,0
Mysore,Karnataka,Kaveri,985.54,8.18,0.252,649.9,0,0
Rajahmundry,Andhra Pradesh,Godavari,1282.39,7.76,0.797,13.2,0,1
Jaipur,Rajasthan,Arid,517.69,3.54,0.1,370.8,0,1
Patna,Bihar,Ganga,1349.01,13.74,0.693,50.3,2,0
Majuli,Assam,Brahmaputra,1597.59,11.7,0.479,88.3,10,1
Mumbai,Maharashtra,Coastal,2129.46,3.4,0.307,13.7,1,0
Chennai,Tamil Nadu,Coastal,1243.31,3.83,0.304,7.2,1,0
Majuli,Assam,Brahmaputra,2877.8,16.63,0.566,101.2,7,1
Chennai,Tamil Nadu,Coastal,1950.36,8.46,0.64,6.3,3,1
Jaipur,Rajasthan,Arid,860.36,3.83,0.1,412.2,1,0
Kolkata,West Bengal,Coastal,1467.33,7.62,0.672,6.9,1,0
Nashik,Maharashtra,Godavari,368.14,8.89,0.144,492.6,2,0
Vijayawada,Andhra Pradesh,Krishna,691.41,9.52,0.85,12.3,2,1
Varanasi,Uttar Pradesh,Ganga,890.83,8.97,0.1,83.4,1,1
Jodhpur,Rajasthan,Arid,301.85,2.07,0.119,265.2,0,0
Guwahati,Assam,Brahmaputra,1613.76,19.45,0.931,50.1,1,1
Sambalpur,Odisha,Mahanadi,1460.17,11.75,0.95,151.7,2,1
Vijayawada,Andhra Pradesh,Krishna,1222.6,13.03,0.859,11.9,1,1
Dibrugarh,Assam,Brahmaputra,2326.75,20.38,0.812,97.1,7,1
Rajahmundry,Andhra Pradesh,Godavari,1384.31,9.46,0.919,16.3,5,0
Sangli,Maharashtra,Krishna,1109.16,5.15,0.563,518.4,1,0
Majuli,Assam,Brahmaputra,1949.29,20.37,0.95,88.2,5,1
Chennai,Tamil Nadu,Coastal,1282.23,4.13,0.829,5.5,1,0
Dibrugarh,Assam,Brahmaputra,3242.63,14.46,0.928,104.5,5,1
Majuli,Assam,Brahmaputra,2946.7,18.32,0.844,86.2,7,1
Jaipur,Rajasthan,Arid,668.37,3.49,0.752,429.2,0,0
Rajahmundry,Andhra Pradesh,Godavari,1070.88,12.92,0.855,11.9,4,0
Mumbai,Maharashtra,Coastal,1550.74,5.9,0.49,12.8,3,0
Varanasi,Uttar Pradesh,Ganga,1082.38,14.61,0.597,90.3,3,1
Cuttack,Odisha,Mahanadi,1506.33,8.96,0.461,26.0,3,1
Mumbai,Maharashtra,Coastal,1952.19,3.73,0.1,15.6,6,0
Jaipur,Rajasthan,Arid,423.54,3.3,0.1,360.6,0,0
Mysore,Karnataka,Kaveri,751.14,7.26,0.343,667.9,0,0
Vijayawada,Andhra Pradesh,Krishna,761.66,11.38,0.896,12.2,3,0
Rajahmundry,Andhra Pradesh,Godavari,1341.14,11.96,0.628,13.7,4,0
Cuttack,Odisha,Mahanadi,1496.34,11.27,0.483,24.6,4,1
Sangli,Maharashtra,Krishna,741.29,6.67,0.1,494.1,0,0
Vijayawada,Andhra Pradesh,Krishna,1119.76,11.69,0.58,12.0,2,0
Dibrugarh,Assam,Brahmaputra,2407.92,18.95,0.826,79.2,4,1
Mysore,Karnataka,Kaveri,814.7,7.53,0.697,670.0,0,0
Trichy,Tamil Nadu,Kaveri,643.91,10.51,0.543,76.1,0,1
Allahabad,Uttar Pradesh,Ganga,1398.06,13.52,0.643,86.1,1,1
Guwahati,Assam,Brahmaputra,1490.07,20.8,0.782,59.6,6,1
Guwahati,Assam,Brahmaputra,1028.51,18.1,0.616,58.7,1,1
Kolkata,West Bengal,Coastal,1775.47,9.36,0.921,8.7,4,0
Mumbai,Maharashtra,Coastal,2267.53,2.65,0.831,14.2,3,1
Patna,Bihar,Ganga,1303.09,19.13,0.583,58.2,1,1
Vijayawada,Andhra Pradesh,Krishna,489.79,5.23,0.848,11.9,2,0
Allahabad,Uttar Pradesh,Ganga,494.18,12.88,0.78,99.5,1,0
Allahabad,Uttar Pradesh,Ganga,1059.14,11.0,0.95,75.1,3,1
Kolkata,West Bengal,Coastal,1266.39,5.22,0.397,8.8,2,1
Mumbai,Maharashtra,Coastal,1991.03,3.89,0.654,13.9,5,0
Trichy,Tamil Nadu,Kaveri,1189.62,6.35,0.304,74.7,0,1
Allahabad,Uttar Pradesh,Ganga,1047.76,13.87,0.516,88.3,2,1
Majuli,Assam,Brahmaputra,2712.72,22.14,0.516,92.1,9,1
Chennai,Tamil Nadu,Coastal,1160.93,5.58,0.428,5.9,1,0
Sangli,Maharashtra,Krishna,905.94,10.9,0.321,563.3,1,0
Mysore,Karnataka,Kaveri,869.27,5.5,0.615,695.5,2,0
Dibrugarh,Assam,Brahmaputra,3360.59,17.86,0.95,107.8,2,1
Allahabad,Uttar Pradesh,Ganga,986.42,18.71,0.1,89.0,3,1
Rajahmundry,Andhra Pradesh,Godavari,1296.1,11.59,0.184,14.9,3,1
Patna,Bihar,Ganga,989.38,14.91,0.675,63.6,3,1
Jodhpur,Rajasthan,Arid,295.89,1.51,0.344,209.0,0,0
Sambalpur,Odisha,Mahanadi,1186.71,6.17,0.844,171.8,5,1
Sangli,Maharashtra,Krishna,571.76,5.07,0.596,485.2,0,1
Sangli,Maharashtra,Krishna,628.32,8.06,0.123,508.4,2,0
Majuli,Assam,Brahmaputra,2059.95,12.94,0.95,88.9,10,1
Cuttack,Odisha,Mahanadi,805.52,9.73,0.248,28.7,3,1
Vijayawada,Andhra Pradesh,Krishna,896.5,12.13,0.94,12.9,0,0
Allahabad,Uttar Pradesh,Ganga,750.7,14.37,0.502,88.1,6,1
Jodhpur,Rajasthan,Arid,339.6,2.05,0.561,210.0,1,1
Sangli,Maharashtra,Krishna,740.38,9.41,0.627,649.7,4,0
Vijayawada,Andhra Pradesh,Krishna,887.66,9.46,0.174,11.0,3,0
Nashik,Maharashtra,Godavari,1133.48,5.79,0.949,579.8,4,0
Rajahmundry,Andhra Pradesh,Godavari,1082.56,7.74,0.875,15.8,3,1
Jodhpur,Rajasthan,Arid,339.65,2.23,0.552,225.6,1,0
Mumbai,Maharashtra,Coastal,2227.1,4.69,0.862,14.0,2,0
Mysore,Karnataka,Kaveri,811.32,9.18,0.185,777.4,3,0
Guwahati,Assam,Brahmaputra,1728.86,10.34,0.873,47.3,2,0
Trichy,Tamil Nadu,Kaveri,912.81,3.09,0.67,95.9,3,0
Chennai,Tamil Nadu,Coastal,1416.91,5.39,0.1,6.0,2,1
Mumbai,Maharashtra,Coastal,2330.35,5.26,0.849,15.5,1,1
Chennai,Tamil Nadu,Coastal,1546.63,5.98,0.25,6.6,1,0
Varanasi,Uttar Pradesh,Ganga,578.8,3.54,0.686,89.4,1,1
Guwahati,Assam,Brahmaputra,1553.31,12.91,0.9,54.1,3,1
Chennai,Tamil Nadu,Coastal,1675.52,4.95,0.285,6.0,1,1
Majuli,Assam,Brahmaputra,2217.32,15.3,0.827,78.0,7,1
Jaipur,Rajasthan,Arid,595.3,2.06,0.156,454.7,0,1
Allahabad,Uttar Pradesh,Ganga,1072.13,8.71,0.867,95.0,1,1
Nashik,Maharashtra,Godavari,942.62,8.88,0.223,553.4,1,0
Patna,Bihar,Ganga,1446.57,12.18,0.95,39.2,3,1
Majuli,Assam,Brahmaputra,2145.48,15.29,0.745,84.6,4,1
Kolkata,West Bengal,Coastal,1014.97,8.38,0.651,7.0,3,1
Mumbai,Maharashtra,Coastal,1934.92,4.24,0.883,16.5,1,1
Cuttack,Odisha,Mahanadi,1509.79,6.6,0.377,22.5,2,1
Jodhpur,Rajasthan,Arid,444.28,1.67,0.666,209.8,0,0
Nashik,Maharashtra,Godavari,744.69,10.42,0.1,519.0,0,0
Patna,Bihar,Ganga,1220.57,12.65,0.927,64.7,7,1
Patna,Bihar,Ganga,1120.6,4.66,0.771,52.2,3,1
Sambalpur,Odisha,Mahanadi,1294.29,3.65,0.454,145.6,4,1
Mumbai,Maharashtra,Coastal,1754.5,2.3,0.528,13.8,1,1
Chennai,Tamil Nadu,Coastal,1657.59,6.01,0.95,5.8,2,1
Sangli,Maharashtra,Krishna,847.44,7.44,0.115,551.5,3,0
Rajahmundry,Andhra Pradesh,Godavari,1206.97,5.99,0.331,16.7,3,0
Nashik,Maharashtra,Godavari,638.12,6.58,0.1,609.0,0,0
Chennai,Tamil Nadu,Coastal,1390.36,7.12,0.485,5.5,2,0
Sangli,Maharashtra,Krishna,642.39,7.86,0.601,499.4,1,0
Allahabad,Uttar Pradesh,Ganga,817.09,12.58,0.894,83.1,1,0
Sangli,Maharashtra,Krishna,634.33,7.92,0.706,486.3,1,0
Patna,Bihar,Ganga,1233.28,11.89,0.775,55.7,7,1
Allahabad,Uttar Pradesh,Ganga,855.88,5.17,0.487,90.6,0,1
Jodhpur,Rajasthan,Arid,508.17,2.71,0.1,254.4,1,0
Trichy,Tamil Nadu,Kaveri,664.87,8.36,0.836,76.2,0,1
Kolkata,West Bengal,Coastal,1696.82,11.36,0.144,7.3,0,0
Patna,Bihar,Ganga,1302.35,8.1,0.788,59.6,5,1
Rajahmundry,Andhra Pradesh,Godavari,1275.4,9.0,0.781,15.2,1,1
Varanasi,Uttar Pradesh,Ganga,1339.34,22.22,0.812,86.1,3,1
Varanasi,Uttar Pradesh,Ganga,1266.3,18.49,0.1,71.3,2,0
Sambalpur,Odisha,Mahanadi,1479.07,5.53,0.95,140.0,4,1
Majuli,Assam,Brahmaputra,2154.36,23.76,0.908,80.7,4,1
Varanasi,Uttar Pradesh,Ganga,1280.99,14.84,0.472,81.8,2,0
Trichy,Tamil Nadu,Kaveri,760.36,4.11,0.313,85.1,3,1
Jaipur,Rajasthan,Arid,679.19,4.75,0.195,438.2,1,0
Guwahati,Assam,Brahmaputra,1947.55,16.78,0.365,61.6,5,1
Varanasi,Uttar Pradesh,Ganga,1386.67,3.74,0.95,80.1,1,0
Allahabad,Uttar Pradesh,Ganga,681.69,11.68,0.895,107.8,5,1
Kolkata,West Bengal,Coastal,1585.54,3.14,0.273,7.4,3,0
Dibrugarh,Assam,Brahmaputra,3272.19,15.39,0.895,96.3,7,1
Kolkata,West Bengal,Coastal,1544.01,6.88,0.529,8.4,1,1
Sambalpur,Odisha,Mahanadi,1568.41,10.17,0.597,163.7,0,0
Nashik,Maharashtra,Godavari,742.78,11.14,0.1,490.1,2,0
Majuli,Assam,Brahmaputra,1309.51,23.89,0.95,102.5,9,0
Guwahati,Assam,Brahmaputra,1222.42,12.87,0.893,50.3,5,1
Cuttack,Odisha,Mahanadi,1469.03,18.77,0.425,22.6,2,0
Nashik,Maharashtra,Godavari,720.48,7.86,0.298,464.5,0,0
Jodhpur,Rajasthan,Arid,308.28,1.35,0.197,204.8,1,0
Jaipur,Rajasthan,Arid,458.06,0.95,0.746,467.1,0,0
Nashik,Maharashtra,Godavari,620.13,11.16,0.193,548.0,2,1
Guwahati,Assam,Brahmaputra,1928.95,14.35,0.909,54.8,3,1
Sambalpur,Odisha,Mahanadi,1609.34,13.27,0.882,137.5,2,0
Jaipur,Rajasthan,Arid,601.9,2.33,0.727,472.0,1,0
Allahabad,Uttar Pradesh,Ganga,1256.13,11.48,0.801,90.5,2,1
Jaipur,Rajasthan,Arid,783.01,3.11,0.587,495.8,1,0
Chennai,Tamil Nadu,Coastal,909.76,6.86,0.338,5.7,1,0
Cuttack,Odisha,Mahanadi,1328.13,16.04,0.582,24.6,1,1
Jodhpur,Rajasthan,Arid,508.85,1.43,0.1,218.2,0,0
Kolkata,West Bengal,Coastal,2034.2,6.19,0.521,9.2,2,1
Cuttack,Odisha,Mahanadi,1132.94,8.81,0.95,27.5,5,0
Jaipur,Rajasthan,Arid,780.17,2.8,0.1,421.9,1,0
Varanasi,Uttar Pradesh,Ganga,900.16,14.71,0.317,77.4,3,0
Mumbai,Maharashtra,Coastal,2246.73,4.29,0.586,12.7,3,0
Jodhpur,Rajasthan,Arid,447.11,1.63,0.1,184.7,0,0
Trichy,Tamil Nadu,Kaveri,1269.56,9.68,0.192,80.6,1,0
Mysore,Karnataka,Kaveri,888.83,4.34,0.1,768.2,0,0
Mumbai,Maharashtra,Coastal,2516.13,3.94,0.239,14.2,2,1
Kolkata,West Bengal,Coastal,1836.64,7.99,0.1,9.3,2,1
Trichy,Tamil Nadu,Kaveri,1236.94,8.56,0.669,62.8,1,0
Guwahati,Assam,Brahmaputra,1378.29,12.95,0.791,53.0,5,1
Jaipur,Rajasthan,Arid,708.77,1.79,0.375,391.1,2,0
Kolkata,West Bengal,Coastal,1094.58,7.6,0.898,9.9,1,1
Cuttack,Odisha,Mahanadi,1891.52,15.25,0.416,24.6,1,0
Rajahmundry,Andhra Pradesh,Godavari,1164.45,13.14,0.861,17.0,3,1
Chennai,Tamil Nadu,Coastal,1396.81,3.61,0.557,5.8,1,0
Cuttack,Odisha,Mahanadi,740.84,5.73,0.153,27.9,1,0
Nashik,Maharashtra,Godavari,906.35,9.84,0.767,477.8,1,1
Kolkata,West Bengal,Coastal,1177.13,4.54,0.622,8.0,1,1
Sambalpur,Odisha,Mahanadi,1468.35,9.11,0.901,149.0,3,1
Mumbai,Maharashtra,Coastal,2134.65,3.13,0.143,11.9,3,0
Patna,Bihar,Ganga,1501.06,10.51,0.146,53.0,4,0
Nashik,Maharashtra,Godavari,1327.61,7.28,0.714,533.5,4,1
Sangli,Maharashtra,Krishna,726.69,3.98,0.542,542.7,1,0
Kolkata,West Bengal,Coastal,1531.35,9.25,0.934,8.0,3,1
Kolkata,West Bengal,Coastal,1625.34,5.93,0.914,8.1,1,1
Dibrugarh,Assam,Brahmaputra,2940.61,27.44,0.948,113.8,2,1
Guwahati,Assam,Brahmaputra,1209.86,12.28,0.193,56.0,6,1
Sambalpur,Odisha,Mahanadi,1193.6,12.62,0.602,133.2,2,1
Sambalpur,Odisha,Mahanadi,1477.55,10.92,0.479,172.2,3,0
Cuttack,Odisha,Mahanadi,1486.85,4.67,0.95,23.3,1,1
Mumbai,Maharashtra,Coastal,3001.84,4.57,0.259,14.1,2,1
Mumbai,Maharashtra,Coastal,2496.59,5.89,0.735,13.4,1,0
Trichy,Tamil Nadu,Kaveri,686.58,8.53,0.886,87.3,1,0
Guwahati,Assam,Brahmaputra,1239.85,13.58,0.603,59.5,4,1
Varanasi,Uttar Pradesh,Ganga,1032.93,12.1,0.172,75.4,0,0
Sambalpur,Odisha,Mahanadi,1397.35,9.16,0.95,138.8,0,0
Mumbai,Maharashtra,Coastal,2125.65,4.17,0.95,12.1,2,1
Cuttack,Odisha,Mahanadi,1455.52,7.9,0.55,26.6,2,1
Majuli,Assam,Brahmaputra,1880.47,15.32,0.95,89.8,10,1
Rajahmundry,Andhra Pradesh,Godavari,1250.69,12.34,0.1,13.5,1,1
Dibrugarh,Assam,Brahmaputra,2483.21,13.55,0.919,79.0,4,1
Guwahati,Assam,Brahmaputra,1446.41,19.62,0.851,61.0,4,0
Mysore,Karnataka,Kaveri,853.47,3.94,0.634,641.9,2,0
Patna,Bihar,Ganga,1643.37,7.76,0.933,51.8,5,1
Jaipur,Rajasthan,Arid,428.42,2.11,0.1,428.6,1,0
Sangli,Maharashtra,Krishna,739.69,5.36,0.1,542.2,1,0
Kolkata,West Bengal,Coastal,1544.45,10.27,0.779,8.0,2,0
Kolkata,West Bengal,Coastal,1338.09,5.63,0.424,8.9,3,0
Vijayawada,Andhra Pradesh,Krishna,856.96,6.66,0.109,12.3,5,0
Varanasi,Uttar Pradesh,Ganga,1094.96,18.93,0.862,72.5,5,1
Mumbai,Maharashtra,Coastal,2741.31,4.92,0.734,12.5,3,1
Nashik,Maharashtra,Godavari,1135.33,6.95,0.295,560.4,0,0
Jaipur,Rajasthan,Arid,624.79,2.85,0.162,489.6,1,0
Trichy,Tamil Nadu,Kaveri,985.37,1.42,0.77,70.0,1,0
Sambalpur,Odisha,Mahanadi,1449.23,5.4,0.573,152.8,4,0
Majuli,Assam,Brahmaputra,1822.26,26.88,0.95,80.3,5,1
Trichy,Tamil Nadu,Kaveri,505.09,8.52,0.193,73.9,2,1
Dibrugarh,Assam,Brahmaputra,2931.88,24.04,0.928,67.4,5,0
Varanasi,Uttar Pradesh,Ganga,923.18,14.71,0.618,75.1,0,1
Patna,Bihar,Ganga,1592.14,18.11,0.883,51.1,3,0
Majuli,Assam,Brahmaputra,2328.08,3.57,0.899,92.6,1,1
Kolkata,West Bengal,Coastal,1209.16,8.49,0.811,8.6,0,1
Vijayawada,Andhra Pradesh,Krishna,623.36,1.96,0.929,10.9,3,1
Guwahati,Assam,Brahmaputra,2232.02,12.01,0.95,51.0,6,1
Sambalpur,Odisha,Mahanadi,1257.36,12.56,0.1,158.9,1,1
Rajahmundry,Andhra Pradesh,Godavari,1359.0,9.02,0.526,14.6,1,1
Mysore,Karnataka,Kaveri,867.93,5.4,0.222,709.2,0,1
Allahabad,Uttar Pradesh,Ganga,833.01,12.25,0.95,101.3,2,0
Jodhpur,Rajasthan,Arid,440.37,1.0,0.192,215.2,0,0
Nashik,Maharashtra,Godavari,1012.07,12.21,0.679,579.1,2,0
Dibrugarh,Assam,Brahmaputra,2914.55,16.6,0.926,106.2,11,1
Sangli,Maharashtra,Krishna,956.28,9.88,0.1,442.5,2,1
Allahabad,Uttar Pradesh,Ganga,973.57,7.1,0.373,82.4,2,0
Rajahmundry,Andhra Pradesh,Godavari,822.82,7.18,0.314,16.3,3,0
Sambalpur,Odisha,Mahanadi,948.8,10.33,0.694,170.3,4,0
Mumbai,Maharashtra,Coastal,3295.26,2.68,0.868,13.5,2,1
Kolkata,West Bengal,Coastal,1476.3,8.44,0.586,8.9,3,1
Rajahmundry,Andhra Pradesh,Godavari,917.36,9.37,0.36,16.7,2,0
Allahabad,Uttar Pradesh,Ganga,664.02,12.41,0.683,73.2,5,1
Jodhpur,Rajasthan,Arid,361.93,1.38,0.657,225.8,0,0
Dibrugarh,Assam,Brahmaputra,4000.0,21.88,0.877,88.2,6,1
Mumbai,Maharashtra,Coastal,2468.45,3.88,0.427,14.5,1,0
Cuttack,Odisha,Mahanadi,1214.34,17.21,0.132,24.8,4,0
Rajahmundry,Andhra Pradesh,Godavari,1525.05,15.58,0.929,12.7,2,0
Mumbai,Maharashtra,Coastal,2767.21,5.52,0.538,14.9,1,1
Vijayawada,Andhra Pradesh,Krishna,1083.31,10.6,0.538,14.0,1,1
Patna,Bihar,Ganga,985.69,15.34,0.95,49.6,2,1
Sangli,Maharashtra,Krishna,671.55,7.17,0.389,618.7,1,0
Jaipur,Rajasthan,Arid,619.39,3.39,0.213,490.6,0,0
Guwahati,Assam,Brahmaputra,2149.99,10.27,0.842,61.0,7,1
Cuttack,Odisha,Mahanadi,1306.07,16.71,0.685,29.3,0,1
Mumbai,Maharashtra,Coastal,2384.01,4.05,0.458,13.6,2,1
Varanasi,Uttar Pradesh,Ganga,896.26,7.45,0.934,82.4,2,1
Dibrugarh,Assam,Brahmaputra,2317.55,29.37,0.764,84.0,6,1
Sangli,Maharashtra,Krishna,518.89,6.92,0.66,496.9,2,0
Chennai,Tamil Nadu,Coastal,1489.31,4.82,0.714,5.6,4,1
Trichy,Tamil Nadu,Kaveri,757.07,7.77,0.352,80.7,2,1
Jaipur,Rajasthan,Arid,673.38,1.41,0.359,435.8,1,0
Trichy,Tamil Nadu,Kaveri,839.59,7.82,0.1,71.0,0,0
Dibrugarh,Assam,Brahmaputra,2271.94,15.41,0.95,100.6,3,1
Kolkata,West Bengal,Coastal,1435.92,8.5,0.95,6.1,0,1
Jaipur,Rajasthan,Arid,665.72,3.4,0.1,465.1,1,0
Rajahmundry,Andhra Pradesh,Godavari,1481.87,12.57,0.233,16.1,2,0
Jaipur,Rajasthan,Arid,454.29,3.21,0.269,508.3,0,0
Trichy,Tamil Nadu,Kaveri,963.68,11.71,0.889,82.6,1,0
Jaipur,Rajasthan,Arid,705.51,2.52,0.342,413.6,0,0
Jaipur,Rajasthan,Arid,525.14,2.96,0.1,434.9,0,0
Dibrugarh,Assam,Brahmaputra,3241.2,30.0,0.95,102.4,8,1
Trichy,Tamil Nadu,Kaveri,976.18,1.63,0.386,85.5,0,0
Cuttack,Odisha,Mahanadi,1196.09,14.08,0.723,24.7,5,1
Chennai,Tamil Nadu,Coastal,1470.86,4.22,0.736,6.0,1,1
Jodhpur,Rajasthan,Arid,208.56,1.58,0.223,206.1,1,0
Dibrugarh,Assam,Brahmaputra,2755.81,18.05,0.95,83.5,2,1
Sangli,Maharashtra,Krishna,712.0,5.19,0.616,584.9,3,1
Kolkata,West Bengal,Coastal,1679.04,4.71,0.121,8.4,1,0
Mysore,Karnataka,Kaveri,924.41,2.76,0.1,742.8,0,0
Sambalpur,Odisha,Mahanadi,1233.18,8.4,0.867,141.4,4,0
Mysore,Karnataka,Kaveri,311.48,6.02,0.588,734.2,1,0
Kolkata,West Bengal,Coastal,1347.82,9.41,0.827,9.7,4,1
Majuli,Assam,Brahmaputra,1922.56,6.95,0.94,79.3,3,1
Majuli,Assam,Brahmaputra,2195.09,21.79,0.193,78.1,3,1
Varanasi,Uttar Pradesh,Ganga,918.31,9.81,0.464,83.2,0,0
Chennai,Tamil Nadu,Coastal,1590.35,7.75,0.127,6.6,5,1
Dibrugarh,Assam,Brahmaputra,3607.94,15.29,0.661,86.1,5,0
Jodhpur,Rajasthan,Arid,329.9,2.24,0.366,246.7,1,0
Cuttack,Odisha,Mahanadi,1218.16,4.6,0.5,21.0,2,0
Patna,Bihar,Ganga,1057.52,16.35,0.914,58.6,5,1
Mysore,Karnataka,Kaveri,566.62,7.22,0.268,863.7,0,0
Rajahmundry,Andhra Pradesh,Godavari,1511.95,5.89,0.589,16.5,3,1
Jodhpur,Rajasthan,Arid,552.98,1.2,0.1,271.3,0,0
Cuttack,Odisha,Mahanadi,1593.3,14.13,0.95,23.0,3,0
Dibrugarh,Assam,Brahmaputra,1777.69,22.45,0.448,83.3,5,1
Cuttack,Odisha,Mahanadi,1716.25,13.03,0.665,26.0,6,0
Varanasi,Uttar Pradesh,Ganga,772.5,8.9,0.436,84.7,4,0
Allahabad,Uttar Pradesh,Ganga,1095.27,18.19,0.95,75.1,1,0
Jaipur,Rajasthan,Arid,728.5,3.99,0.16,435.0,0,0
Nashik,Maharashtra,Godavari,940.85,8.22,0.909,486.7,2,0
Sambalpur,Odisha,Mahanadi,1791.57,8.58,0.1,155.6,1,1
Guwahati,Assam,Brahmaputra,1658.59,24.52,0.95,56.1,3,1
Jodhpur,Rajasthan,Arid,432.54,1.5,0.1,252.3,0,0
Mysore,Karnataka,Kaveri,885.99,7.28,0.532,780.1,0,0
Mumbai,Maharashtra,Coastal,1157.99,3.59,0.779,13.6,3,0
Jaipur,Rajasthan,Arid,363.85,3.51,0.1,406.2,0,0
Vijayawada,Andhra Pradesh,Krishna,730.62,2.53,0.639,12.1,2,1
Jaipur,Rajasthan,Arid,559.01,4.5,0.719,380.3,1,0
Nashik,Maharashtra,Godavari,880.96,7.62,0.161,558.1,0,0
Allahabad,Uttar Pradesh,Ganga,905.25,10.47,0.671,94.8,4,0
Sangli,Maharashtra,Krishna,907.35,6.05,0.139,566.6,0,0
Chennai,Tamil Nadu,Coastal,598.84,3.6,0.778,5.9,2,0
Nashik,Maharashtra,Godavari,826.28,9.58,0.206,632.6,1,1
Rajahmundry,Andhra Pradesh,Godavari,1213.23,12.93,0.95,13.9,1,1
Sangli,Maharashtra,Krishna,901.05,6.57,0.138,539.9,0,1
Patna,Bihar,Ganga,1333.15,11.69,0.111,57.3,4,1
Dibrugarh,Assam,Brahmaputra,2891.05,14.94,0.95,93.2,6,1
Mumbai,Maharashtra,Coastal,1684.99,4.18,0.948,14.8,1,1
Guwahati,Assam,Brahmaputra,2494.56,14.99,0.647,59.1,1,1
Guwahati,Assam,Brahmaputra,2004.54,9.25,0.426,64.8,2,1
Nashik,Maharashtra,Godavari,951.69,8.67,0.761,631.7,0,0
Allahabad,Uttar Pradesh,Ganga,1236.85,7.77,0.824,104.7,3,0
Kolkata,West Bengal,Coastal,1684.56,8.89,0.424,8.7,2,0
Varanasi,Uttar Pradesh,Ganga,1321.93,15.84,0.697,74.0,2,1
Majuli,Assam,Brahmaputra,2759.6,11.99,0.684,92.9,6,1
Trichy,Tamil Nadu,Kaveri,661.56,8.71,0.598,73.2,3,0
Patna,Bihar,Ganga,1430.23,7.82,0.942,47.0,4,0
Trichy,Tamil Nadu,Kaveri,985.63,9.82,0.1,79.8,1,1
Trichy,Tamil Nadu,Kaveri,592.87,7.56,0.297,66.7,2,0
Majuli,Assam,Brahmaputra,2127.55,15.59,0.396,77.7,5,1
Chennai,Tamil Nadu,Coastal,1281.34,4.36,0.437,5.7,1,0
Rajahmundry,Andhra Pradesh,Godavari,771.86,12.39,0.736,15.9,3,1
Allahabad,Uttar Pradesh,Ganga,837.14,19.36,0.1,93.9,2,1
Dibrugarh,Assam,Brahmaputra,1794.89,21.78,0.95,92.0,2,1
Cuttack,Odisha,Mahanadi,2123.91,11.78,0.271,23.2,5,1
Trichy,Tamil Nadu,Kaveri,683.79,3.97,0.271,73.7,1,0
Nashik,Maharashtra,Godavari,736.37,6.7,0.926,598.5,2,1
Guwahati,Assam,Brahmaputra,2618.54,11.23,0.95,55.0,2,1
Rajahmundry,Andhra Pradesh,Godavari,882.33,7.95,0.423,15.7,4,0
Sambalpur,Odisha,Mahanadi,1772.94,8.92,0.591,134.1,5,0
Varanasi,Uttar Pradesh,Ganga,1304.54,11.92,0.736,81.7,4,0
Dibrugarh,Assam,Brahmaputra,3273.29,12.69,0.918,110.7,4,1
Mumbai,Maharashtra,Coastal,1717.54,2.88,0.255,13.3,2,0
Allahabad,Uttar Pradesh,Ganga,900.58,5.72,0.669,108.9,2,0
Rajahmundry,Andhra Pradesh,Godavari,841.79,17.4,0.909,13.9,1,0
Trichy,Tamil Nadu,Kaveri,769.62,8.21,0.78,94.8,2,0
Jodhpur,Rajasthan,Arid,517.25,1.71,0.1,225.2,0,0
Dibrugarh,Assam,Brahmaputra,2764.58,22.39,0.921,71.9,6,1
Sambalpur,Odisha,Mahanadi,919.94,0.5,0.1,125.7,0,0
Guwahati,Assam,Brahmaputra,1691.68,7.76,0.812,53.0,5,1
Jodhpur,Rajasthan,Arid,228.13,2.0,0.229,265.6,2,0
Allahabad,Uttar Pradesh,Ganga,1210.75,11.94,0.928,86.3,4,0
Chennai,Tamil Nadu,Coastal,1571.64,6.05,0.197,6.8,1,1
Mumbai,Maharashtra,Coastal,3213.07,4.06,0.1,13.2,0,1
Chennai,Tamil Nadu,Coastal,1351.92,2.94,0.1,6.0,3,1
Rajahmundry,Andhra Pradesh,Godavari,965.35,5.69,0.296,14.4,3,0
Allahabad,Uttar Pradesh,Ganga,1438.64,10.75,0.847,103.3,6,0
Allahabad,Uttar Pradesh,Ganga,1070.08,15.35,0.122,72.7,5,1
Cuttack,Odisha,Mahanadi,1568.01,9.27,0.95,25.9,3,1
Kolkata,West Bengal,Coastal,1189.15,4.07,0.863,8.2,3,0
Varanasi,Uttar Pradesh,Ganga,924.43,16.29,0.864,75.5,2,1
Sambalpur,Odisha,Mahanadi,943.51,15.35,0.564,132.9,4,1
Sambalpur,Odisha,Mahanadi,1368.28,9.88,0.657,123.4,2,1
Varanasi,Uttar Pradesh,Ganga,977.8,13.4,0.508,89.4,1,0
Nashik,Maharashtra,Godavari,887.81,5.96,0.767,520.2,1,0
Kolkata,West Bengal,Coastal,1623.96,10.47,0.248,8.1,1,0
Jodhpur,Rajasthan,Arid,451.4,2.58,0.894,236.1,0,0
Nashik,Maharashtra,Godavari,776.2,9.27,0.719,498.1,3,1
Majuli,Assam,Brahmaputra,2586.37,12.27,0.695,84.2,10,1
Vijayawada,Andhra Pradesh,Krishna,1231.23,7.95,0.917,12.1,0,1
Vijayawada,Andhra Pradesh,Krishna,747.42,7.83,0.428,11.6,1,1
Majuli,Assam,Brahmaputra,2255.44,22.63,0.805,93.5,6,1
Dibrugarh,Assam,Brahmaputra,2238.06,28.19,0.829,121.2,5,1
Mumbai,Maharashtra,Coastal,2635.01,1.58,0.244,14.3,3,1
Allahabad,Uttar Pradesh,Ganga,966.01,6.63,0.883,99.7,4,1
Patna,Bihar,Ganga,1203.9,16.92,0.914,57.7,4,1
Mysore,Karnataka,Kaveri,604.44,3.38,0.1,786.6,0,0
Sangli,Maharashtra,Krishna,605.87,9.83,0.1,445.0,1,0
Jodhpur,Rajasthan,Arid,252.13,2.32,0.189,234.6,0,0
Allahabad,Uttar Pradesh,Ganga,1004.95,9.83,0.95,87.3,0,0
Vijayawada,Andhra Pradesh,Krishna,1448.41,12.89,0.115,12.8,3,1
Mysore,Karnataka,Kaveri,450.92,8.54,0.31,763.6,2,0
Sangli,Maharashtra,Krishna,563.57,7.88,0.93,502.6,3,0
Mysore,Karnataka,Kaveri,828.59,5.55,0.95,746.1,0,0
Jaipur,Rajasthan,Arid,680.73,4.28,0.527,439.7,2,0
Vijayawada,Andhra Pradesh,Krishna,908.34,8.33,0.649,12.5,3,1
Jaipur,Rajasthan,Arid,375.25,3.07,0.1,358.3,0,0
Cuttack,Odisha,Mahanadi,1387.21,18.77,0.824,26.2,1,1
Varanasi,Uttar Pradesh,Ganga,669.86,16.85,0.827,84.4,2,0
Dibrugarh,Assam,Brahmaputra,3238.91,21.68,0.675,93.7,7,1
Nashik,Maharashtra,Godavari,845.19,5.16,0.623,535.5,1,0
Varanasi,Uttar Pradesh,Ganga,1025.72,10.88,0.95,89.5,3,1
Sangli,Maharashtra,Krishna,550.14,5.75,0.237,450.2,1,0
Mumbai,Maharashtra,Coastal,2045.67,4.36,0.357,12.1,0,0
Guwahati,Assam,Brahmaputra,1586.28,15.66,0.191,58.0,10,0
Trichy,Tamil Nadu,Kaveri,1000.51,5.47,0.507,84.4,1,1
Kolkata,West Bengal,Coastal,972.08,8.02,0.727,8.1,1,0
Majuli,Assam,Brahmaputra,1583.98,16.46,0.766,91.3,8,1
Vijayawada,Andhra Pradesh,Krishna,1425.58,10.62,0.1,12.5,5,0
Jaipur,Rajasthan,Arid,597.49,4.23,0.435,437.9,0,0
Vijayawada,Andhra Pradesh,Krishna,984.91,14.94,0.41,11.8,2,0
Jaipur,Rajasthan,Arid,483.77,2.59,0.124,392.8,1,0
Kolkata,West Bengal,Coastal,1777.57,10.13,0.749,8.6,3,0
Jodhpur,Rajasthan,Arid,427.74,1.5,0.1,257.1,0,0
Guwahati,Assam,Brahmaputra,1719.94,15.64,0.95,60.6,10,1
Mumbai,Maharashtra,Coastal,2039.91,2.81,0.115,16.2,1,1
Cuttack,Odisha,Mahanadi,1551.61,15.45,0.916,30.0,1,0
Majuli,Assam,Brahmaputra,3011.91,18.33,0.54,95.0,5,1
Vijayawada,Andhra Pradesh,Krishna,1060.69,4.6,0.744,11.2,3,0
Cuttack,Odisha,Mahanadi,1459.32,7.4,0.881,22.8,2,1
Chennai,Tamil Nadu,Coastal,1158.99,4.84,0.95,6.1,2,0
Majuli,Assam,Brahmaputra,2685.79,19.63,0.88,81.7,4,1
Dibrugarh,Assam,Brahmaputra,2869.99,21.99,0.16,107.2,6,1
Trichy,Tamil Nadu,Kaveri,1396.69,6.95,0.848,80.9,0,1
Mumbai,Maharashtra,Coastal,2518.01,5.89,0.904,16.6,2,0
Guwahati,Assam,Brahmaputra,1560.15,12.96,0.474,59.5,9,1
Vijayawada,Andhra Pradesh,Krishna,677.55,13.51,0.914,10.2,1,1
Dibrugarh,Assam,Brahmaputra,2520.6,11.65,0.86,88.7,8,1
Jaipur,Rajasthan,Arid,791.59,3.04,0.1,362.4,0,0
Allahabad,Uttar Pradesh,Ganga,896.71,11.73,0.156,100.1,2,0
Patna,Bihar,Ganga,786.7,12.35,0.95,56.9,1,1
Rajahmundry,Andhra Pradesh,Godavari,1283.47,12.88,0.744,14.9,4,0
Nashik,Maharashtra,Godavari,663.39,6.63,0.362,567.7,0,0
Dibrugarh,Assam,Brahmaputra,2546.68,8.69,0.434,97.2,4,1
Allahabad,Uttar Pradesh,Ganga,970.24,11.56,0.1,78.7,2,0
Trichy,Tamil Nadu,Kaveri,1058.47,6.11,0.184,78.6,0,1
Nashik,Maharashtra,Godavari,682.62,9.01,0.453,613.1,3,0
Patna,Bihar,Ganga,1547.58,10.18,0.95,56.1,4,1
Trichy,Tamil Nadu,Kaveri,632.88,7.41,0.525,72.9,1,0
Mysore,Karnataka,Kaveri,497.42,1.4,0.114,779.8,0,0
Jaipur,Rajasthan,Arid,594.56,2.92,0.1,472.8,1,0
Allahabad,Uttar Pradesh,Ganga,1279.02,0.85,0.377,78.6,1,0
Chennai,Tamil Nadu,Coastal,1878.28,5.16,0.663,6.0,3,1
Majuli,Assam,Brahmaputra,2098.81,14.79,0.785,90.9,5,1
Allahabad,Uttar Pradesh,Ganga,897.6,16.06,0.604,110.2,1,1
Trichy,Tamil Nadu,Kaveri,912.32,6.4,0.571,76.8,0,0
Jaipur,Rajasthan,Arid,616.82,4.04,0.141,399.8,0,1
Mumbai,Maharashtra,Coastal,1854.1,4.36,0.381,14.2,2,1
Sangli,Maharashtra,Krishna,578.53,3.77,0.933,557.8,1,0
Mumbai,Maharashtra,Coastal,2150.65,3.24,0.849,14.2,2,1
Chennai,Tamil Nadu,Coastal,1227.86,6.25,0.799,4.6,2,1
Chennai,Tamil Nadu,Coastal,1522.53,4.04,0.1,6.1,1,0
Nashik,Maharashtra,Godavari,876.17,5.52,0.775,640.2,0,1
Allahabad,Uttar Pradesh,Ganga,1132.66,7.62,0.351,81.7,4,1
Kolkata,West Bengal,Coastal,921.74,11.27,0.95,7.7,3,0
Allahabad,Uttar Pradesh,Ganga,654.72,11.58,0.603,99.9,1,0
Mumbai,Maharashtra,Coastal,2196.71,3.98,0.666,13.6,0,0
Kolkata,West Bengal,Coastal,1687.43,7.99,0.535,8.1,3,1
Sambalpur,Odisha,Mahanadi,1215.48,9.32,0.95,172.3,0,1
Nashik,Maharashtra,Godavari,840.27,11.11,0.451,520.5,0,0
Jaipur,Rajasthan,Arid,820.16,4.1,0.1,407.8,0,0
Sambalpur,Odisha,Mahanadi,1270.06,5.36,0.1,124.0,3,1
Mysore,Karnataka,Kaveri,923.35,6.9,0.791,681.2,1,0
Cuttack,Odisha,Mahanadi,1376.15,4.75,0.294,23.7,4,0
Dibrugarh,Assam,Brahmaputra,2803.19,14.67,0.95,101.2,3,1
Allahabad,Uttar Pradesh,Ganga,904.31,4.33,0.679,92.9,1,0
Mysore,Karnataka,Kaveri,688.77,8.16,0.171,771.6,0,0
Nashik,Maharashtra,Godavari,735.42,2.95,0.95,540.8,0,1
Nashik,Maharashtra,Godavari,944.93,6.88,0.296,567.0,2,0
Vijayawada,Andhra Pradesh,Krishna,1067.75,13.55,0.68,14.0,3,0
Nashik,Maharashtra,Godavari,822.58,9.61,0.516,503.3,1,0
Rajahmundry,Andhra Pradesh,Godavari,1178.91,15.82,0.627,15.1,2,0
Mysore,Karnataka,Kaveri,779.98,8.15,0.1,875.6,0,0
Jodhpur,Rajasthan,Arid,382.16,1.7,0.1,200.1,0,0
Nashik,Maharashtra,Godavari,671.96,10.3,0.669,686.4,1,0
Mumbai,Maharashtra,Coastal,1761.97,4.47,0.848,13.8,3,1
Kolkata,West Bengal,Coastal,2015.88,2.95,0.741,8.2,1,1
Jaipur,Rajasthan,Arid,645.1,3.46,0.202,528.1,1,0
Jodhpur,Rajasthan,Arid,311.3,2.24,0.1,245.4,1,0
Dibrugarh,Assam,Brahmaputra,2787.41,14.24,0.662,97.5,5,1
Allahabad,Uttar Pradesh,Ganga,1189.55,13.5,0.884,97.9,1,1
Vijayawada,Andhra Pradesh,Krishna,853.62,15.54,0.1,13.5,2,1
Kolkata,West Bengal,Coastal,1168.62,12.15,0.839,8.3,4,0
Sangli,Maharashtra,Krishna,1004.37,8.64,0.1,467.2,0,0
Mumbai,Maharashtra,Coastal,2074.7,4.03,0.585,12.0,2,0
Rajahmundry,Andhra Pradesh,Godavari,1148.59,7.55,0.82,15.6,2,1
Mumbai,Maharashtra,Coastal,1595.75,3.87,0.839,11.9,2,0
Sangli,Maharashtra,Krishna,1002.44,4.33,0.89,526.9,3,0
Cuttack,Odisha,Mahanadi,1005.24,11.74,0.864,31.8,3,0
Guwahati,Assam,Brahmaputra,1734.37,17.61,0.86,51.6,4,1
Rajahmundry,Andhra Pradesh,Godavari,1002.22,9.31,0.146,15.2,2,1
Jodhpur,Rajasthan,Arid,341.03,0.5,0.1,221.6,0,0
Guwahati,Assam,Brahmaputra,2451.31,12.42,0.95,50.7,4,1
Sambalpur,Odisha,Mahanadi,1430.23,5.27,0.253,142.1,1,0
Jodhpur,Rajasthan,Arid,314.8,2.6,0.397,231.2,0,0
Rajahmundry,Andhra Pradesh,Godavari,1063.53,6.3,0.526,13.8,2,1
Mumbai,Maharashtra,Coastal,2859.27,3.89,0.95,13.3,2,1
Dibrugarh,Assam,Brahmaputra,2828.26,8.18,0.95,89.9,4,1
Chennai,Tamil Nadu,Coastal,1700.31,4.27,0.867,5.4,1,1
Majuli,Assam,Brahmaputra,2967.91,28.06,0.409,101.4,5,1
Varanasi,Uttar Pradesh,Ganga,1426.91,11.27,0.322,75.4,1,0
Mumbai,Maharashtra,Coastal,2482.65,2.38,0.243,14.9,4,0
Rajahmundry,Andhra Pradesh,Godavari,599.29,4.32,0.673,15.2,4,0
Chennai,Tamil Nadu,Coastal,1238.19,7.05,0.694,5.5,0,0
Mumbai,Maharashtra,Coastal,2215.03,1.9,0.935,12.3,3,1
Sangli,Maharashtra,Krishna,930.03,9.59,0.946,482.1,4,0
Sangli,Maharashtra,Krishna,845.12,2.94,0.605,620.9,1,0
Sangli,Maharashtra,Krishna,702.0,3.13,0.318,443.9,0,0
Majuli,Assam,Brahmaputra,2843.38,22.19,0.95,74.6,5,1
Allahabad,Uttar Pradesh,Ganga,909.85,8.95,0.804,108.2,3,0
Mysore,Karnataka,Kaveri,590.98,6.89,0.819,699.1,0,0
Sangli,Maharashtra,Krishna,758.88,8.95,0.157,495.1,1,0
Dibrugarh,Assam,Brahmaputra,3600.05,21.06,0.259,118.4,2,1
Guwahati,Assam,Brahmaputra,2487.78,13.2,0.926,39.6,6,1
Dibrugarh,Assam,Brahmaputra,2087.92,7.67,0.95,106.9,3,1
Majuli,Assam,Brahmaputra,2343.16,22.37,0.481,79.5,8,1
Allahabad,Uttar Pradesh,Ganga,1132.16,10.58,0.819,103.1,2,1
Guwahati,Assam,Brahmaputra,1829.01,5.32,0.198,59.3,8,1
Guwahati,Assam,Brahmaputra,1603.23,21.35,0.835,46.0,3,1
Chennai,Tamil Nadu,Coastal,1501.96,4.92,0.651,6.3,4,0
Cuttack,Odisha,Mahanadi,1444.89,17.84,0.95,24.4,3,1
Vijayawada,Andhra Pradesh,Krishna,1200.39,6.07,0.392,10.8,2,1
Jodhpur,Rajasthan,Arid,459.04,2.01,0.1,224.7,3,0
Patna,Bihar,Ganga,1492.66,25.46,0.881,47.2,6,0
Cuttack,Odisha,Mahanadi,1793.79,13.15,0.925,25.0,4,1
Nashik,Maharashtra,Godavari,1008.07,11.27,0.931,602.4,1,1
Sangli,Maharashtra,Krishna,744.61,8.15,0.442,541.1,1,0
Jodhpur,Rajasthan,Arid,405.8,1.44,0.1,270.1,0,0
Guwahati,Assam,Brahmaputra,1335.55,19.39,0.671,54.5,1,1
Trichy,Tamil Nadu,Kaveri,661.42,6.29,0.219,66.5,2,0
Sambalpur,Odisha,Mahanadi,890.74,7.49,0.407,135.7,2,1
Sangli,Maharashtra,Krishna,542.7,7.63,0.466,462.3,1,0
Dibrugarh,Assam,Brahmaputra,3138.25,19.43,0.449,99.1,5,1
Guwahati,Assam,Brahmaputra,1012.15,12.62,0.95,55.0,5,1
Patna,Bihar,Ganga,1178.15,19.78,0.648,57.9,2,0
Cuttack,Odisha,Mahanadi,1267.16,7.27,0.1,18.8,2,0
Nashik,Maharashtra,Godavari,793.15,5.71,0.874,646.5,3,0
Vijayawada,Andhra Pradesh,Krishna,1149.85,7.59,0.666,12.7,5,0
Jodhpur,Rajasthan,Arid,341.85,1.76,0.104,221.1,0,0
Nashik,Maharashtra,Godavari,1281.6,6.96,0.108,656.5,1,0
Mysore,Karnataka,Kaveri,608.75,5.17,0.1,631.0,2,0
Chennai,Tamil Nadu,Coastal,1385.8,5.74,0.884,5.8,1,0
Mysore,Karnataka,Kaveri,696.56,7.29,0.1,739.8,4,0
Patna,Bihar,Ganga,1219.28,14.96,0.343,55.7,4,1
Jodhpur,Rajasthan,Arid,419.62,0.5,0.104,236.9,1,0
Nashik,Maharashtra,Godavari,740.02,12.36,0.825,525.0,0,0
Sambalpur,Odisha,Mahanadi,1622.57,14.11,0.763,177.8,0,1
Jaipur,Rajasthan,Arid,785.9,4.77,0.1,443.7,1,0
Majuli,Assam,Brahmaputra,2288.65,19.6,0.245,96.6,4,1
Vijayawada,Andhra Pradesh,Krishna,945.04,14.71,0.17,11.4,0,0
Allahabad,Uttar Pradesh,Ganga,847.16,11.14,0.692,100.7,1,1
Guwahati,Assam,Brahmaputra,1918.98,13.1,0.84,55.0,4,1
Trichy,Tamil Nadu,Kaveri,1049.46,7.8,0.305,76.7,1,1
Chennai,Tamil Nadu,Coastal,1511.74,5.02,0.884,6.2,0,0
Rajahmundry,Andhra Pradesh,Godavari,1575.74,7.23,0.714,14.6,1,1
Cuttack,Odisha,Mahanadi,760.6,14.46,0.803,26.4,4,0
Dibrugarh,Assam,Brahmaputra,2611.79,13.39,0.1,89.2,3,1
Mumbai,Maharashtra,Coastal,2483.09,5.14,0.224,13.9,1,0
Vijayawada,Andhra Pradesh,Krishna,1044.56,8.36,0.508,12.8,0,0
Varanasi,Uttar Pradesh,Ganga,777.92,6.74,0.95,82.8,1,0
Vijayawada,Andhra Pradesh,Krishna,1068.27,8.13,0.38,11.2,0,1
Majuli,Assam,Brahmaputra,2481.16,9.22,0.95,80.0,7,1
Dibrugarh,Assam,Brahmaputra,2966.19,2.95,0.95,83.9,10,1
Vijayawada,Andhra Pradesh,Krishna,1519.57,5.8,0.689,10.8,3,0
Chennai,Tamil Nadu,Coastal,1276.17,7.06,0.919,7.2,2,0
Rajahmundry,Andhra Pradesh,Godavari,1438.31,9.55,0.478,14.2,0,1
Sambalpur,Odisha,Mahanadi,1431.57,10.4,0.828,122.3,1,1
Cuttack,Odisha,Mahanadi,2271.42,9.28,0.21,25.7,3,1
Cuttack,Odisha,Mahanadi,2097.1,7.78,0.629,24.0,0,0
Trichy,Tamil Nadu,Kaveri,1188.38,10.02,0.575,83.4,2,1
Mumbai,Maharashtra,Coastal,1431.67,4.73,0.603,14.2,1,1
Mysore,Karnataka,Kaveri,906.34,4.94,0.1,638.3,2,0
Majuli,Assam,Brahmaputra,1865.49,20.98,0.95,82.2,6,1
Nashik,Maharashtra,Godavari,1014.98,9.81,0.524,490.2,0,0
Varanasi,Uttar Pradesh,Ganga,655.91,7.68,0.719,78.2,4,0
Chennai,Tamil Nadu,Coastal,846.27,3.83,0.181,6.0,3,0
Sangli,Maharashtra,Krishna,691.51,8.14,0.346,566.3,0,0
Jodhpur,Rajasthan,Arid,100.0,2.04,0.48,252.6,0,1
Cuttack,Odisha,Mahanadi,725.9,13.25,0.759,26.2,2,1
Varanasi,Uttar Pradesh,Ganga,1527.35,18.49,0.221,76.0,0,1
Vijayawada,Andhra Pradesh,Krishna,701.18,7.74,0.634,10.0,2,0
Guwahati,Assam,Brahmaputra,2003.01,21.78,0.67,52.9,3,1
Kolkata,West Bengal,Coastal,1803.25,8.09,0.119,8.0,3,0
Vijayawada,Andhra Pradesh,Krishna,1178.76,13.1,0.503,10.7,1,1
Rajahmundry,Andhra Pradesh,Godavari,963.77,11.48,0.123,15.6,2,1
Dibrugarh,Assam,Brahmaputra,2138.18,19.27,0.95,99.2,3,1
Patna,Bihar,Ganga,1220.26,14.24,0.758,50.4,2,0
Nashik,Maharashtra,Godavari,486.5,10.93,0.189,545.4,1,0
Rajahmundry,Andhra Pradesh,Godavari,973.26,7.59,0.272,14.1,3,0
Sangli,Maharashtra,Krishna,888.21,3.64,0.453,557.8,1,0
Trichy,Tamil Nadu,Kaveri,1052.11,6.45,0.373,80.0,2,0
Mumbai,Maharashtra,Coastal,2156.18,4.78,0.934,14.1,3,1
Chennai,Tamil Nadu,Coastal,1858.97,4.23,0.332,5.7,0,0
Vijayawada,Andhra Pradesh,Krishna,949.67,5.1,0.316,11.5,3,0
Varanasi,Uttar Pradesh,Ganga,1118.51,15.24,0.822,91.1,3,1
Guwahati,Assam,Brahmaputra,1334.13,8.21,0.95,56.7,6,1
Patna,Bihar,Ganga,1298.63,22.38,0.938,57.0,1,1
Majuli,Assam,Brahmaputra,2023.13,29.68,0.897,81.6,6,1
Cuttack,Odisha,Mahanadi,1267.56,6.47,0.479,27.8,1,0
Varanasi,Uttar Pradesh,Ganga,826.63,6.62,0.53,71.3,3,1
Varanasi,Uttar Pradesh,Ganga,1363.7,11.38,0.95,87.0,2,0
Patna,Bihar,Ganga,1486.2,17.88,0.4,60.5,2,1
Sangli,Maharashtra,Krishna,750.56,10.26,0.927,469.4,0,1
Majuli,Assam,Brahmaputra,2997.84,19.04,0.95,74.7,8,1
Patna,Bihar,Ganga,1843.18,10.62,0.814,59.3,4,1
Cuttack,Odisha,Mahanadi,1327.27,8.45,0.619,23.7,5,1
Allahabad,Uttar Pradesh,Ganga,1084.86,8.08,0.71,88.8,2,1
Mumbai,Maharashtra,Coastal,1757.93,3.52,0.695,11.9,2,0
Vijayawada,Andhra Pradesh,Krishna,836.29,8.73,0.599,11.7,2,1
Chennai,Tamil Nadu,Coastal,1357.85,6.47,0.808,6.2,2,0
Vijayawada,Andhra Pradesh,Krishna,492.45,11.61,0.498,12.6,1,0
Allahabad,Uttar Pradesh,Ganga,701.01,8.49,0.263,74.0,5,0
Jodhpur,Rajasthan,Arid,397.38,1.07,0.486,291.8,0,0
Vijayawada,Andhra Pradesh,Krishna,1064.8,14.64,0.538,13.1,1,1
Jaipur,Rajasthan,Arid,611.65,2.2,0.187,411.7,0,0
Trichy,Tamil Nadu,Kaveri,661.67,7.56,0.26,64.1,1,0
Sangli,Maharashtra,Krishna,628.19,10.58,0.382,647.5,0,0
Chennai,Tamil Nadu,Coastal,727.57,3.59,0.689,5.6,2,1
Allahabad,Uttar Pradesh,Ganga,1010.08,9.26,0.172,95.7,1,1
Chennai,Tamil Nadu,Coastal,1479.52,1.45,0.812,4.6,0,1
Mysore,Karnataka,Kaveri,917.76,5.46,0.181,647.1,0,0
Mumbai,Maharashtra,Coastal,2169.27,5.2,0.422,13.2,1,1
Trichy,Tamil Nadu,Kaveri,846.54,4.69,0.177,79.1,3,0
Jodhpur,Rajasthan,Arid,247.62,1.2,0.13,238.9,0,0
Allahabad,Uttar Pradesh,Ganga,752.05,8.76,0.1,83.0,2,0
Trichy,Tamil Nadu,Kaveri,887.98,8.6,0.812,70.3,1,1
Kolkata,West Bengal,Coastal,1543.84,6.52,0.945,8.4,2,0
Mysore,Karnataka,Kaveri,709.2,8.62,0.1,650.5,1,0
Vijayawada,Andhra Pradesh,Krishna,962.83,12.19,0.1,11.8,1,1
Kolkata,West Bengal,Coastal,1745.36,7.2,0.95,8.1,0,0
Nashik,Maharashtra,Godavari,757.59,7.21,0.664,482.9,1,0
Varanasi,Uttar Pradesh,Ganga,871.24,19.97,0.422,94.6,2,1
Rajahmundry,Andhra Pradesh,Godavari,1034.99,10.93,0.81,14.0,2,0
Vijayawada,Andhra Pradesh,Krishna,740.78,8.19,0.1,14.3,1,0
Trichy,Tamil Nadu,Kaveri,940.27,9.14,0.112,92.2,1,1
Vijayawada,Andhra Pradesh,Krishna,653.38,5.4,0.52,12.9,3,0
Allahabad,Uttar Pradesh,Ganga,1574.67,11.65,0.707,79.1,1,0
Varanasi,Uttar Pradesh,Ganga,892.45,11.82,0.7,63.8,1,1
Varanasi,Uttar Pradesh,Ganga,1067.48,8.67,0.413,91.5,1,0
Cuttack,Odisha,Mahanadi,1139.74,4.13,0.75,20.7,3,1
Jaipur,Rajasthan,Arid,798.03,3.27,0.102,440.9,1,0
Sangli,Maharashtra,Krishna,717.44,8.07,0.389,650.4,0,0
Vijayawada,Andhra Pradesh,Krishna,850.28,6.4,0.89,12.2,1,0
Mysore,Karnataka,Kaveri,778.62,4.44,0.768,700.6,2,0
Mysore,Karnataka,Kaveri,676.71,7.48,0.287,866.0,1,0
Chennai,Tamil Nadu,Coastal,1430.88,5.62,0.95,5.6,1,1
Cuttack,Odisha,Mahanadi,1594.46,8.94,0.876,25.4,0,1
Majuli,Assam,Brahmaputra,2810.22,23.11,0.687,80.1,9,1
Nashik,Maharashtra,Godavari,1148.91,8.51,0.708,556.3,0,0
Allahabad,Uttar Pradesh,Ganga,1275.93,13.7,0.12,87.3,3,0
Jodhpur,Rajasthan,Arid,576.51,2.69,0.712,217.0,0,1
Sambalpur,Odisha,Mahanadi,1724.31,13.09,0.248,149.2,3,1
Varanasi,Uttar Pradesh,Ganga,792.98,7.73,0.883,85.3,1,1
Jodhpur,Rajasthan,Arid,356.97,1.74,0.1,248.6,0,0
Patna,Bihar,Ganga,1542.85,4.38,0.332,52.5,2,1
Trichy,Tamil Nadu,Kaveri,1055.44,9.19,0.742,71.4,1,0
Sambalpur,Odisha,Mahanadi,1380.35,8.63,0.358,150.6,2,1
Vijayawada,Andhra Pradesh,Krishna,996.45,10.18,0.117,10.3,0,0
Mysore,Karnataka,Kaveri,617.24,6.44,0.618,765.2,0,0
Rajahmundry,Andhra Pradesh,Godavari,1244.39,8.6,0.443,12.4,3,1
Sambalpur,Odisha,Mahanadi,1772.12,9.56,0.401,151.5,1,0
Dibrugarh,Assam,Brahmaputra,3328.9,25.6,0.95,92.2,5,1
Sangli,Maharashtra,Krishna,571.54,6.03,0.826,645.8,2,0
Kolkata,West Bengal,Coastal,1743.12,6.04,0.336,8.8,2,1
Cuttack,Odisha,Mahanadi,1555.04,6.56,0.551,22.8,4,1
Mumbai,Maharashtra,Coastal,2000.57,5.11,0.527,15.4,1,0
Sambalpur,Odisha,Mahanadi,1212.4,9.48,0.521,152.9,2,1
Sangli,Maharashtra,Krishna,777.56,10.03,0.498,568.6,1,0
Jaipur,Rajasthan,Arid,726.04,2.39,0.445,473.8,0,1
Mumbai,Maharashtra,Coastal,1850.35,2.63,0.1,14.6,1,1
Vijayawada,Andhra Pradesh,Krishna,738.34,9.14,0.514,11.6,0,1
Mysore,Karnataka,Kaveri,533.14,8.5,0.1,720.4,0,0
Nashik,Maharashtra,Godavari,960.74,6.8,0.1,615.3,3,1
Mumbai,Maharashtra,Coastal,2824.83,4.51,0.663,12.2,4,1
Allahabad,Uttar Pradesh,Ganga,1092.23,9.72,0.795,98.4,1,0
Guwahati,Assam,Brahmaputra,1571.97,12.74,0.456,53.0,4,1
Jaipur,Rajasthan,Arid,964.49,1.91,0.838,499.0,0,0
Jodhpur,Rajasthan,Arid,458.9,2.18,0.109,223.5,1,0
Majuli,Assam,Brahmaputra,2234.66,20.52,0.923,71.5,2,1
Guwahati,Assam,Brahmaputra,1175.03,16.3,0.222,59.8,5,0
Cuttack,Odisha,Mahanadi,1451.31,7.35,0.897,22.1,1,1
Varanasi,Uttar Pradesh,Ganga,782.68,10.82,0.352,89.2,9,1
Rajahmundry,Andhra Pradesh,Godavari,1159.59,6.66,0.95,15.2,2,1
Varanasi,Uttar Pradesh,Ganga,1166.68,12.79,0.91,82.3,1,0
Cuttack,Odisha,Mahanadi,1898.29,9.78,0.89,22.0,4,1
Patna,Bihar,Ganga,1264.94,17.69,0.8,52.8,2,1
Mumbai,Maharashtra,Coastal,2349.73,5.0,0.95,14.2,1,1
Chennai,Tamil Nadu,Coastal,867.29,3.98,0.659,5.4,2,1
Mumbai,Maharashtra,Coastal,2136.6,4.63,0.809,16.3,4,1
Varanasi,Uttar Pradesh,Ganga,1152.69,10.87,0.917,88.6,3,1
Nashik,Maharashtra,Godavari,673.16,4.56,0.302,498.1,1,0
Patna,Bihar,Ganga,1474.62,16.55,0.216,50.1,2,0
Dibrugarh,Assam,Brahmaputra,2040.05,17.61,0.362,109.2,5,1
Dibrugarh,Assam,Brahmaputra,2843.7,20.51,0.95,102.6,1,1
Cuttack,Odisha,Mahanadi,984.09,12.78,0.832,25.3,4,1
Chennai,Tamil Nadu,Coastal,1167.3,2.38,0.1,6.1,3,0
Mumbai,Maharashtra,Coastal,1633.2,3.43,0.871,13.2,2,1
Kolkata,West Bengal,Coastal,1655.71,2.89,0.23,7.7,1,1
Cuttack,Odisha,Mahanadi,1635.15,13.3,0.941,24.0,4,0
Dibrugarh,Assam,Brahmaputra,1915.93,12.57,0.633,101.7,6,1
Patna,Bihar,Ganga,1227.53,16.22,0.832,59.3,1,1
Vijayawada,Andhra Pradesh,Krishna,1443.93,11.41,0.606,11.2,2,1
Jaipur,Rajasthan,Arid,992.93,2.24,0.1,450.4,0,0
Mysore,Karnataka,Kaveri,792.76,3.89,0.162,818.8,0,0
Chennai,Tamil Nadu,Coastal,1618.0,7.06,0.95,5.3,0,1
Trichy,Tamil Nadu,Kaveri,844.94,4.9,0.423,74.7,1,0
Vijayawada,Andhra Pradesh,Krishna,1086.52,14.99,0.525,14.2,1,1
Sangli,Maharashtra,Krishna,636.2,7.3,0.437,597.3,0,0
Chennai,Tamil Nadu,Coastal,1893.0,4.72,0.466,6.1,3,1
Kolkata,West Bengal,Coastal,2009.97,1.3,0.196,6.7,4,1
Mysore,Karnataka,Kaveri,641.61,9.65,0.724,807.1,1,0
Vijayawada,Andhra Pradesh,Krishna,958.81,3.4,0.1,11.3,1,1
Varanasi,Uttar Pradesh,Ganga,1171.85,14.81,0.438,78.6,5,1
Varanasi,Uttar Pradesh,Ganga,967.85,9.37,0.665,73.2,4,1
Jaipur,Rajasthan,Arid,788.06,2.03,0.1,482.4,1,0
Kolkata,West Bengal,Coastal,1465.17,6.28,0.537,6.4,1,1
Patna,Bihar,Ganga,1151.61,15.49,0.889,51.7,2,1
Chennai,Tamil Nadu,Coastal,1950.64,4.73,0.293,5.2,6,1
Mumbai,Maharashtra,Coastal,1800.32,3.45,0.673,13.3,1,1
Nashik,Maharashtra,Godavari,441.27,13.83,0.795,574.2,0,0
Majuli,Assam,Brahmaputra,2517.29,9.65,0.5,89.9,5,1
Trichy,Tamil Nadu,Kaveri,847.79,9.55,0.736,87.3,0,0
Cuttack,Odisha,Mahanadi,1451.59,14.32,0.893,23.6,2,1
Cuttack,Odisha,Mahanadi,1349.95,14.15,0.72,21.5,5,0
Jodhpur,Rajasthan,Arid,431.71,0.5,0.41,218.7,0,0
Rajahmundry,Andhra Pradesh,Godavari,1780.87,7.99,0.575,15.1,3,1
Mysore,Karnataka,Kaveri,1107.35,3.64,0.831,782.1,2,0
Rajahmundry,Andhra Pradesh,Godavari,1149.02,17.35,0.813,15.1,1,1
Jodhpur,Rajasthan,Arid,343.92,0.9,0.343,245.1,0,0
Mumbai,Maharashtra,Coastal,1670.85,4.56,0.187,12.6,1,0
Mysore,Karnataka,Kaveri,576.69,4.58,0.808,674.9,3,0
Rajahmundry,Andhra Pradesh,Godavari,1056.96,3.6,0.938,14.5,2,0
Vijayawada,Andhra Pradesh,Krishna,1368.52,5.09,0.854,13.8,1,1
Nashik,Maharashtra,Godavari,776.27,5.41,0.669,570.9,1,0
Allahabad,Uttar Pradesh,Ganga,1009.89,7.51,0.292,93.7,0,0
Sangli,Maharashtra,Krishna,928.48,1.13,0.494,512.1,2,0
Mumbai,Maharashtra,Coastal,1326.52,2.52,0.1,13.7,0,0
Varanasi,Uttar Pradesh,Ganga,993.81,10.55,0.118,88.2,2,1
Varanasi,Uttar Pradesh,Ganga,1341.15,16.04,0.171,79.4,2,0
Chennai,Tamil Nadu,Coastal,1578.75,2.72,0.563,6.5,2,1
Mumbai,Maharashtra,Coastal,2632.68,3.02,0.135,12.6,0,1
Patna,Bihar,Ganga,1176.87,23.14,0.77,58.6,2,1
Jodhpur,Rajasthan,Arid,247.14,2.66,0.131,248.2,0,0
Jodhpur,Rajasthan,Arid,163.57,2.58,0.358,216.3,0,0
Sangli,Maharashtra,Krishna,840.0,11.35,0.257,451.1,0,0
Trichy,Tamil Nadu,Kaveri,858.15,4.33,0.1,71.5,1,0
Jaipur,Rajasthan,Arid,495.33,2.15,0.111,387.4,1,1
Vijayawada,Andhra Pradesh,Krishna,856.96,11.94,0.855,10.4,1,1
Vijayawada,Andhra Pradesh,Krishna,1269.01,5.63,0.414,13.1,4,0
Dibrugarh,Assam,Brahmaputra,2971.58,14.05,0.934,100.3,4,1
Majuli,Assam,Brahmaputra,2099.57,21.74,0.42,77.1,8,1
Mysore,Karnataka,Kaveri,661.87,7.54,0.1,732.2,2,1
Allahabad,Uttar Pradesh,Ganga,962.42,9.51,0.1,79.9,2,1
Vijayawada,Andhra Pradesh,Krishna,1221.06,12.2,0.887,12.2,1,1
Sangli,Maharashtra,Krishna,878.4,6.72,0.852,572.1,1,0
Sangli,Maharashtra,Krishna,768.54,6.2,0.788,587.5,1,0
Chennai,Tamil Nadu,Coastal,1229.61,6.27,0.287,5.8,1,0
Guwahati,Assam,Brahmaputra,1938.97,12.29,0.592,60.7,1,0
Varanasi,Uttar Pradesh,Ganga,880.83,12.5,0.576,90.5,3,1
Sangli,Maharashtra,Krishna,835.0,5.69,0.624,482.5,1,0
Cuttack,Odisha,Mahanadi,1677.65,6.43,0.89,26.2,3,1
Trichy,Tamil Nadu,Kaveri,771.02,8.73,0.451,77.8,0,0
Majuli,Assam,Brahmaputra,2121.27,17.7,0.578,83.7,7,1
Jaipur,Rajasthan,Arid,759.53,3.47,0.648,396.7,0,0
Vijayawada,Andhra Pradesh,Krishna,1042.79,11.84,0.808,11.0,2,0
Sangli,Maharashtra,Krishna,628.62,4.91,0.191,527.3,0,1
Kolkata,West Bengal,Coastal,1860.59,6.4,0.651,9.1,4,0
Nashik,Maharashtra,Godavari,742.47,5.02,0.793,503.5,2,0
Allahabad,Uttar Pradesh,Ganga,1010.69,14.59,0.402,81.6,1,1
Jodhpur,Rajasthan,Arid,228.24,2.32,0.897,248.9,0,0
Kolkata,West Bengal,Coastal,1472.96,8.95,0.118,9.0,2,0
Varanasi,Uttar Pradesh,Ganga,1116.67,8.33,0.715,88.5,2,0
Patna,Bihar,Ganga,779.44,24.38,0.95,57.1,5,1
Chennai,Tamil Nadu,Coastal,1450.92,2.94,0.61,6.2,0,1
Sangli,Maharashtra,Krishna,584.78,7.42,0.214,558.0,1,0
Dibrugarh,Assam,Brahmaputra,2708.92,17.3,0.422,118.0,4,1
Majuli,Assam,Brahmaputra,1981.12,18.85,0.439,78.1,7,1
Majuli,Assam,Brahmaputra,1900.37,17.73,0.865,80.8,9,1
Vijayawada,Andhra Pradesh,Krishna,1195.9,9.66,0.865,12.4,0,1
Majuli,Assam,Brahmaputra,1539.5,7.48,0.95,81.4,11,1
Rajahmundry,Andhra Pradesh,Godavari,1241.36,17.42,0.37,15.2,1,1
Rajahmundry,Andhra Pradesh,Godavari,1188.37,12.8,0.1,13.0,1,0
Jodhpur,Rajasthan,Arid,362.41,2.6,0.1,223.4,2,0
Varanasi,Uttar Pradesh,Ganga,1358.45,14.43,0.511,80.0,2,1
Vijayawada,Andhra Pradesh,Krishna,1280.2,5.44,0.1,12.1,1,1
Dibrugarh,Assam,Brahmaputra,2594.99,11.39,0.939,92.5,8,1
Jodhpur,Rajasthan,Arid,311.19,3.27,0.1,271.3,0,0
Sambalpur,Odisha,Mahanadi,817.43,13.71,0.735,143.8,4,1
Majuli,Assam,Brahmaputra,1695.17,17.58,0.603,77.0,11,1
Cuttack,Odisha,Mahanadi,1334.46,13.27,0.255,23.1,6,1
Jaipur,Rajasthan,Arid,565.07,3.92,0.301,411.9,0,0
Vijayawada,Andhra Pradesh,Krishna,1139.95,10.97,0.608,12.4,0,0
Dibrugarh,Assam,Brahmaputra,3905.34,23.66,0.908,102.2,7,1
Varanasi,Uttar Pradesh,Ganga,1137.74,20.66,0.707,79.2,1,0
Chennai,Tamil Nadu,Coastal,1741.83,5.83,0.331,5.2,0,1
Guwahati,Assam,Brahmaputra,1566.25,15.02,0.95,59.1,4,1
Nashik,Maharashtra,Godavari,967.63,8.35,0.939,509.1,0,0
Mumbai,Maharashtra,Coastal,1599.22,3.82,0.571,16.4,1,1
Allahabad,Uttar Pradesh,Ganga,886.33,12.7,0.134,79.3,4,1
Sangli,Maharashtra,Krishna,856.87,3.79,0.494,587.0,0,0
Allahabad,Uttar Pradesh,Ganga,1137.65,8.21,0.939,81.9,3,0
Sangli,Maharashtra,Krishna,1181.25,6.03,0.483,559.6,0,1
Nashik,Maharashtra,Godavari,760.04,7.03,0.939,530.0,0,0
Cuttack,Odisha,Mahanadi,1873.03,2.15,0.832,25.9,1,1
Mumbai,Maharashtra,Coastal,1310.6,3.98,0.457,15.7,1,0
Mysore,Karnataka,Kaveri,1043.17,8.57,0.161,761.0,1,0
Trichy,Tamil Nadu,Kaveri,741.83,6.32,0.1,88.4,0,0
Jodhpur,Rajasthan,Arid,346.73,1.69,0.563,254.6,1,0
Trichy,Tamil Nadu,Kaveri,1050.87,9.01,0.199,72.5,4,0
Nashik,Maharashtra,Godavari,797.66,9.1,0.398,575.8,0,0
Varanasi,Uttar Pradesh,Ganga,1157.39,8.96,0.208,88.4,3,1
Sangli,Maharashtra,Krishna,518.52,10.21,0.252,547.1,1,0
Kolkata,West Bengal,Coastal,1367.51,8.79,0.643,8.4,2,0
Kolkata,West Bengal,Coastal,2223.52,9.23,0.132,6.7,3,0
Dibrugarh,Assam,Brahmaputra,3263.13,18.56,0.95,94.3,6,1
Allahabad,Uttar Pradesh,Ganga,1040.09,7.14,0.934,102.1,1,1
Patna,Bihar,Ganga,1490.59,9.99,0.653,53.3,3,0
Kolkata,West Bengal,Coastal,1464.88,7.1,0.211,8.5,1,0
Nashik,Maharashtra,Godavari,854.67,8.78,0.136,607.4,2,0
Cuttack,Odisha,Mahanadi,1778.37,17.74,0.422,20.1,3,1
Chennai,Tamil Nadu,Coastal,1467.5,6.7,0.323,6.2,3,0
Sambalpur,Odisha,Mahanadi,1148.49,5.09,0.275,117.9,2,0
Sangli,Maharashtra,Krishna,1041.63,10.27,0.23,492.6,3,0
Rajahmundry,Andhra Pradesh,Godavari,1358.75,8.86,0.857,13.6,2,0
Dibrugarh,Assam,Brahmaputra,2354.78,13.26,0.142,89.1,5,1
Nashik,Maharashtra,Godavari,630.17,13.2,0.1,502.9,1,0
Sangli,Maharashtra,Krishna,786.56,5.74,0.208,556.7,3,0
Chennai,Tamil Nadu,Coastal,1413.79,4.72,0.594,6.5,2,1
Patna,Bihar,Ganga,1255.94,24.55,0.581,44.4,2,1
Sambalpur,Odisha,Mahanadi,1602.93,15.42,0.1,164.4,3,0
Mysore,Karnataka,Kaveri,1095.26,5.51,0.571,673.2,1,0
Guwahati,Assam,Brahmaputra,1375.45,14.48,0.95,59.0,3,1
Rajahmundry,Andhra Pradesh,Godavari,1054.22,12.75,0.1,17.1,1,0
Mumbai,Maharashtra,Coastal,1468.17,4.48,0.95,14.0,3,0
Patna,Bihar,Ganga,953.8,18.43,0.129,57.0,2,1
Mysore,Karnataka,Kaveri,737.1,6.2,0.1,700.5,1,0
Jaipur,Rajasthan,Arid,558.44,3.6,0.469,390.3,0,0
Jaipur,Rajasthan,Arid,516.43,1.84,0.1,372.2,2,0
Mysore,Karnataka,Kaveri,790.84,4.6,0.725,545.9,1,0
Trichy,Tamil Nadu,Kaveri,820.81,6.29,0.1,69.1,2,0
Mysore,Karnataka,Kaveri,607.41,7.63,0.1,760.9,0,0
Kolkata,West Bengal,Coastal,1357.3,9.56,0.935,7.6,2,1
Rajahmundry,Andhra Pradesh,Godavari,1353.0,7.43,0.941,14.8,4,0
Mysore,Karnataka,Kaveri,447.27,3.61,0.772,768.4,1,0
Chennai,Tamil Nadu,Coastal,794.22,4.54,0.378,6.8,1,0
Majuli,Assam,Brahmaputra,2038.03,13.32,0.931,75.0,5,1
Mysore,Karnataka,Kaveri,676.66,3.99,0.784,728.2,0,0
Sambalpur,Odisha,Mahanadi,1431.29,12.06,0.709,136.9,1,0
Trichy,Tamil Nadu,Kaveri,761.55,3.64,0.176,74.4,2,1
Mumbai,Maharashtra,Coastal,2766.93,2.94,0.879,15.0,2,1
Jaipur,Rajasthan,Arid,758.45,1.94,0.1,445.2,1,0
Cuttack,Odisha,Mahanadi,2135.37,9.39,0.1,26.5,2,1
Majuli,Assam,Brahmaputra,1798.14,17.39,0.95,89.4,6,1
Allahabad,Uttar Pradesh,Ganga,946.14,5.75,0.449,94.4,1,0
Patna,Bihar,Ganga,1251.41,15.59,0.95,52.6,3,1
Allahabad,Uttar Pradesh,Ganga,838.25,11.85,0.95,92.3,1,0
Trichy,Tamil Nadu,Kaveri,886.43,9.97,0.1,77.2,1,1
Trichy,Tamil Nadu,Kaveri,1056.97,3.63,0.197,84.6,2,1
Patna,Bihar,Ganga,1459.73,10.68,0.12,48.3,3,0
Majuli,Assam,Brahmaputra,1704.68,21.1,0.57,77.7,4,1
Cuttack,Odisha,Mahanadi,1055.81,10.76,0.806,23.6,2,1
Trichy,Tamil Nadu,Kaveri,702.96,8.77,0.413,80.9,3,0
Kolkata,West Bengal,Coastal,1142.82,12.25,0.1,6.6,2,0
Majuli,Assam,Brahmaputra,2531.48,17.25,0.806,89.7,3,1
Patna,Bihar,Ganga,1182.14,5.98,0.64,56.1,2,1
Cuttack,Odisha,Mahanadi,1347.51,1.6,0.1,24.5,2,0
Rajahmundry,Andhra Pradesh,Godavari,684.96,13.8,0.95,11.7,1,1
Rajahmundry,Andhra Pradesh,Godavari,1434.45,6.28,0.471,14.3,2,1
Jodhpur,Rajasthan,Arid,296.24,0.94,0.434,199.7,1,0
Dibrugarh,Assam,Brahmaputra,2567.46,30.0,0.941,100.6,5,1
Nashik,Maharashtra,Godavari,1030.86,4.81,0.53,615.5,2,0
Sangli,Maharashtra,Krishna,662.51,9.14,0.287,554.6,0,0
Nashik,Maharashtra,Godavari,1008.99,11.12,0.1,582.6,1,0
Varanasi,Uttar Pradesh,Ganga,1198.48,6.73,0.498,65.8,1,1
Sambalpur,Odisha,Mahanadi,1306.15,5.66,0.685,169.3,0,0
Rajahmundry,Andhra Pradesh,Godavari,1171.73,12.66,0.827,16.8,1,0
Kolkata,West Bengal,Coastal,1874.25,9.39,0.545,8.9,1,0
Jaipur,Rajasthan,Arid,519.68,2.74,0.831,478.3,1,0
Varanasi,Uttar Pradesh,Ganga,931.41,9.26,0.514,75.2,2,1
Cuttack,Odisha,Mahanadi,1314.86,14.96,0.946,25.9,5,0
Mumbai,Maharashtra,Coastal,1777.56,5.39,0.882,15.8,2,0
Mysore,Karnataka,Kaveri,842.59,6.07,0.1,770.2,1,0
Jaipur,Rajasthan,Arid,333.43,3.16,0.457,447.7,2,0
Sambalpur,Odisha,Mahanadi,1657.36,10.27,0.719,170.5,1,1
Chennai,Tamil Nadu,Coastal,1918.41,4.29,0.402,6.4,2,0
Rajahmundry,Andhra Pradesh,Godavari,1287.77,12.46,0.1,16.0,3,0
Mumbai,Maharashtra,Coastal,1839.59,4.32,0.443,13.7,2,0
Sangli,Maharashtra,Krishna,663.8,11.08,0.912,408.4,0,0
Cuttack,Odisha,Mahanadi,1159.29,5.93,0.694,25.3,1,0
Kolkata,West Bengal,Coastal,1575.33,9.3,0.148,7.2,1,0
Chennai,Tamil Nadu,Coastal,1485.28,5.38,0.702,6.3,2,1
Jaipur,Rajasthan,Arid,633.78,2.85,0.249,383.3,0,0
Mysore,Karnataka,Kaveri,791.22,5.1,0.1,717.7,2,1
Guwahati,Assam,Brahmaputra,1615.22,8.66,0.57,59.0,6,1
Sambalpur,Odisha,Mahanadi,1156.23,12.61,0.95,132.9,0,0
Jaipur,Rajasthan,Arid,403.94,4.5,0.1,357.5,0,0
Sambalpur,Odisha,Mahanadi,1347.6,8.67,0.117,168.3,0,1
Jaipur,Rajasthan,Arid,705.94,3.85,0.1,431.9,1,0
Varanasi,Uttar Pradesh,Ganga,1107.33,11.16,0.67,77.8,2,1
Kolkata,West Bengal,Coastal,1556.23,10.25,0.64,7.5,1,1
Jaipur,Rajasthan,Arid,646.14,3.03,0.125,383.2,0,0
Sangli,Maharashtra,Krishna,467.17,5.46,0.608,651.3,1,0
Jaipur,Rajasthan,Arid,656.46,1.68,0.483,415.5,2,0
Majuli,Assam,Brahmaputra,1661.61,20.45,0.95,80.8,7,1
Allahabad,Uttar Pradesh,Ganga,758.48,8.9,0.95,90.8,0,0
Nashik,Maharashtra,Godavari,1020.64,6.73,0.817,609.4,1,1
Allahabad,Uttar Pradesh,Ganga,1283.26,13.25,0.95,97.9,3,1
Cuttack,Odisha,Mahanadi,1518.58,15.66,0.179,26.9,3,1
Sangli,Maharashtra,Krishna,929.31,4.75,0.1,506.0,0,1
Cuttack,Odisha,Mahanadi,1351.76,0.5,0.773,24.2,1,1
Chennai,Tamil Nadu,Coastal,1811.29,7.22,0.1,5.4,3,0
Mysore,Karnataka,Kaveri,808.38,3.33,0.621,667.1,0,0
Trichy,Tamil Nadu,Kaveri,844.28,5.82,0.501,69.0,2,0
Sambalpur,Odisha,Mahanadi,1239.7,9.91,0.549,156.8,1,1
Kolkata,West Bengal,Coastal,1483.73,11.63,0.915,7.7,0,0
Sangli,Maharashtra,Krishna,734.4,5.62,0.13,566.2,0,0
Majuli,Assam,Brahmaputra,2511.32,21.9,0.882,94.4,3,1
Cuttack,Odisha,Mahanadi,1168.83,10.42,0.62,21.6,1,1
Patna,Bihar,Ganga,1290.46,10.96,0.618,52.7,4,1
Rajahmundry,Andhra Pradesh,Godavari,1036.84,9.14,0.95,15.7,3,1
Majuli,Assam,Brahmaputra,2396.38,4.67,0.677,95.1,4,0
Sangli,Maharashtra,Krishna,823.64,8.05,0.229,604.2,0,0
Guwahati,Assam,Brahmaputra,2231.63,14.32,0.95,46.2,3,1
Cuttack,Odisha,Mahanadi,1860.11,3.9,0.584,29.3,2,1
Chennai,Tamil Nadu,Coastal,803.52,2.7,0.652,6.1,1,0
Jaipur,Rajasthan,Arid,609.19,2.77,0.336,484.8,1,0
Guwahati,Assam,Brahmaputra,1189.03,17.69,0.728,58.3,1,1
Kolkata,West Bengal,Coastal,1419.84,5.34,0.936,9.2,0,1
Patna,Bihar,Ganga,1107.24,17.98,0.884,48.1,7,1
Chennai,Tamil Nadu,Coastal,1308.53,3.44,0.879,6.3,4,0
Mumbai,Maharashtra,Coastal,2289.57,4.93,0.441,12.1,2,1
Jodhpur,Rajasthan,Arid,367.23,1.59,0.1,226.3,1,0
Rajahmundry,Andhra Pradesh,Godavari,1327.17,8.98,0.428,15.3,2,0
Vijayawada,Andhra Pradesh,Krishna,995.29,11.53,0.1,13.5,1,1
Mysore,Karnataka,Kaveri,560.46,6.71,0.645,701.1,0,0
Sangli,Maharashtra,Krishna,858.53,9.37,0.565,606.7,0,1
Sangli,Maharashtra,Krishna,722.86,5.26,0.172,618.0,1,0
Sambalpur,Odisha,Mahanadi,1610.9,16.8,0.776,154.2,3,1
Chennai,Tamil Nadu,Coastal,1471.35,2.55,0.858,5.1,1,0
Mysore,Karnataka,Kaveri,895.27,6.25,0.691,782.6,1,0
Allahabad,Uttar Pradesh,Ganga,938.1,6.74,0.833,91.8,0,1
Mumbai,Maharashtra,Coastal,1876.45,3.67,0.827,13.8,1,0
Guwahati,Assam,Brahmaputra,1823.63,14.12,0.95,54.0,1,1
Jodhpur,Rajasthan,Arid,223.83,1.37,0.363,199.5,3,0
Majuli,Assam,Brahmaputra,2080.92,22.51,0.831,80.6,7,1
Jodhpur,Rajasthan,Arid,265.89,2.47,0.24,194.6,0,0
Patna,Bihar,Ganga,1189.25,10.87,0.95,54.7,4,1
Nashik,Maharashtra,Godavari,1296.03,5.25,0.418,667.4,1,0
Trichy,Tamil Nadu,Kaveri,775.54,9.6,0.222,77.0,1,0
Rajahmundry,Andhra Pradesh,Godavari,697.71,1.84,0.85,15.5,3,0
Allahabad,Uttar Pradesh,Ganga,622.86,7.88,0.949,78.4,3,1
Mumbai,Maharashtra,Coastal,2637.14,3.2,0.23,13.9,4,1
Dibrugarh,Assam,Brahmaputra,3231.96,12.08,0.95,89.9,10,1
Cuttack,Odisha,Mahanadi,1479.33,17.01,0.47,24.8,1,1
Guwahati,Assam,Brahmaputra,2347.35,10.89,0.355,58.5,2,1
Jaipur,Rajasthan,Arid,724.39,2.66,0.136,402.1,2,0
Sangli,Maharashtra,Krishna,567.3,8.11,0.23,561.6,0,0
Guwahati,Assam,Brahmaputra,1166.88,6.64,0.741,59.9,4,0
Guwahati,Assam,Brahmaputra,662.32,15.17,0.26,61.4,3,0
Jaipur,Rajasthan,Arid,644.01,5.37,0.1,423.1,0,0
Chennai,Tamil Nadu,Coastal,1262.44,3.62,0.394,6.6,0,1
Mysore,Karnataka,Kaveri,591.49,6.69,0.185,834.3,0,0
Dibrugarh,Assam,Brahmaputra,3755.8,13.68,0.915,80.4,6,1
Trichy,Tamil Nadu,Kaveri,875.48,6.43,0.855,86.0,1,1
Cuttack,Odisha,Mahanadi,1543.78,10.97,0.237,20.2,2,0
Majuli,Assam,Brahmaputra,2822.57,18.45,0.29,80.7,4,1
Jodhpur,Rajasthan,Arid,190.14,4.16,0.1,230.6,1,1
Rajahmundry,Andhra Pradesh,Godavari,1456.85,10.66,0.1,16.5,1,1
Trichy,Tamil Nadu,Kaveri,872.95,4.48,0.1,76.3,1,0
Jodhpur,Rajasthan,Arid,330.97,0.5,0.116,243.6,0,0
Mysore,Karnataka,Kaveri,639.34,5.06,0.607,675.3,1,1
Varanasi,Uttar Pradesh,Ganga,880.15,12.34,0.535,81.3,3,1
Jodhpur,Rajasthan,Arid,323.5,1.96,0.1,227.7,1,0
Guwahati,Assam,Brahmaputra,1217.05,12.94,0.249,48.8,5,0
Chennai,Tamil Nadu,Coastal,1301.78,2.97,0.786,6.0,5,1
Sambalpur,Odisha,Mahanadi,996.08,15.8,0.419,148.7,1,0
Allahabad,Uttar Pradesh,Ganga,984.42,18.81,0.346,85.8,1,0
Majuli,Assam,Brahmaputra,1595.06,22.87,0.589,90.7,3,1
Jodhpur,Rajasthan,Arid,340.31,3.14,0.1,237.1,0,0
Mysore,Karnataka,Kaveri,805.33,0.5,0.107,599.2,1,0
Kolkata,West Bengal,Coastal,1631.74,10.01,0.654,8.4,1,1
Kolkata,West Bengal,Coastal,1831.99,10.92,0.418,8.6,1,1
Allahabad,Uttar Pradesh,Ganga,1202.26,15.38,0.1,88.0,2,1
Allahabad,Uttar Pradesh,Ganga,956.91,11.12,0.156,90.0,0,0
Guwahati,Assam,Brahmaputra,1850.15,17.31,0.888,53.4,4,1
Varanasi,Uttar Pradesh,Ganga,965.91,11.04,0.672,86.5,5,0
Rajahmundry,Andhra Pradesh,Godavari,1137.08,18.26,0.908,14.1,1,1
Sambalpur,Odisha,Mahanadi,1553.28,3.03,0.447,154.0,1,0
Jaipur,Rajasthan,Arid,438.17,3.6,0.337,467.2,0,0
Sambalpur,Odisha,Mahanadi,1290.09,7.59,0.108,143.4,0,0
Majuli,Assam,Brahmaputra,2573.18,22.91,0.275,81.2,3,1
Kolkata,West Bengal,Coastal,1621.26,7.15,0.576,8.2,2,1
Mysore,Karnataka,Kaveri,811.28,5.45,0.636,691.7,0,1
Sangli,Maharashtra,Krishna,491.89,7.81,0.1,629.7,0,0
Kolkata,West Bengal,Coastal,1544.28,7.28,0.698,7.6,3,0
Patna,Bihar,Ganga,671.09,19.07,0.353,65.2,1,0
Mumbai,Maharashtra,Coastal,2274.23,3.3,0.313,14.7,0,0
Trichy,Tamil Nadu,Kaveri,804.23,5.15,0.383,62.0,3,0
Dibrugarh,Assam,Brahmaputra,3161.34,13.4,0.504,95.3,10,1
Guwahati,Assam,Brahmaputra,914.99,1.69,0.56,53.2,3,1
Allahabad,Uttar Pradesh,Ganga,1060.68,8.07,0.721,89.2,3,0
Kolkata,West Bengal,Coastal,1226.44,1.26,0.826,7.2,2,1
Sangli,Maharashtra,Krishna,1320.42,8.09,0.57,601.5,0,0
Jodhpur,Rajasthan,Arid,405.64,1.71,0.579,161.3,0,0
Rajahmundry,Andhra Pradesh,Godavari,963.55,8.39,0.877,12.3,2,0
Rajahmundry,Andhra Pradesh,Godavari,1527.67,6.31,0.328,12.4,2,1
Sangli,Maharashtra,Krishna,995.24,7.66,0.472,509.3,1,1
Mysore,Karnataka,Kaveri,747.86,2.96,0.614,783.3,1,0
Mumbai,Maharashtra,Coastal,3003.2,4.07,0.87,13.8,1,0
Jodhpur,Rajasthan,Arid,335.21,2.61,0.208,207.9,0,0
Trichy,Tamil Nadu,Kaveri,1109.04,7.14,0.1,89.7,0,0
Jaipur,Rajasthan,Arid,589.98,3.75,0.358,422.6,0,0
Trichy,Tamil Nadu,Kaveri,807.31,8.47,0.1,70.6,0,1
Jodhpur,Rajasthan,Arid,427.86,0.5,0.264,204.6,0,0
Chennai,Tamil Nadu,Coastal,1671.56,5.03,0.444,4.8,0,1
Sangli,Maharashtra,Krishna,862.51,2.4,0.833,556.9,2,0
Majuli,Assam,Brahmaputra,2456.56,17.84,0.1,84.4,8,1
Kolkata,West Bengal,Coastal,2106.59,9.22,0.451,8.4,3,1
Majuli,Assam,Brahmaputra,2327.1,9.77,0.817,86.2,5,1
Guwahati,Assam,Brahmaputra,1666.84,8.23,0.803,62.2,4,1
Majuli,Assam,Brahmaputra,2670.99,20.42,0.505,76.8,4,1
Kolkata,West Bengal,Coastal,1643.08,10.73,0.581,9.6,2,1
Rajahmundry,Andhra Pradesh,Godavari,969.72,8.93,0.1,17.1,4,0
Majuli,Assam,Brahmaputra,2136.87,15.53,0.95,85.3,3,1
Jodhpur,Rajasthan,Arid,183.41,1.16,0.1,206.2,0,0
Patna,Bihar,Ganga,833.75,18.15,0.687,61.1,4,0
Mysore,Karnataka,Kaveri,666.68,4.2,0.843,758.3,2,0
Vijayawada,Andhra Pradesh,Krishna,1115.43,15.64,0.1,13.4,4,1
Jaipur,Rajasthan,Arid,471.06,1.54,0.1,460.1,0,1
Vijayawada,Andhra Pradesh,Krishna,1127.53,9.95,0.75,12.3,0,0
Vijayawada,Andhra Pradesh,Krishna,884.17,4.82,0.866,12.4,4,1
Kolkata,West Bengal,Coastal,1678.29,8.72,0.661,8.0,2,0
Guwahati,Assam,Brahmaputra,2222.19,12.08,0.611,53.1,4,1
Varanasi,Uttar Pradesh,Ganga,1034.33,10.73,0.2,84.0,2,0
Vijayawada,Andhra Pradesh,Krishna,969.76,12.3,0.134,13.1,0,0
Cuttack,Odisha,Mahanadi,1361.7,10.84,0.836,27.6,2,0
Jaipur,Rajasthan,Arid,528.44,2.57,0.144,461.4,0,0
Chennai,Tamil Nadu,Coastal,1084.76,3.86,0.95,6.1,1,1
Rajahmundry,Andhra Pradesh,Godavari,1135.34,9.37,0.95,12.4,4,0
Jodhpur,Rajasthan,Arid,234.89,2.83,0.303,224.6,0,0
Majuli,Assam,Brahmaputra,2797.93,21.88,0.386,81.7,6,1
Trichy,Tamil Nadu,Kaveri,631.05,3.86,0.485,74.9,1,1
Rajahmundry,Andhra Pradesh,Godavari,948.13,7.16,0.606,15.1,6,0
Kolkata,West Bengal,Coastal,1331.12,3.57,0.817,9.2,1,1
Guwahati,Assam,Brahmaputra,1909.58,10.34,0.95,46.3,4,1
Cuttack,Odisha,Mahanadi,1283.98,7.7,0.27,29.0,3,1
Rajahmundry,Andhra Pradesh,Godavari,1658.53,16.91,0.717,13.3,3,1
Chennai,Tamil Nadu,Coastal,1472.65,5.42,0.129,5.4,4,0
Varanasi,Uttar Pradesh,Ganga,880.14,16.15,0.746,86.7,7,0
Mysore,Karnataka,Kaveri,971.68,8.91,0.217,805.2,0,0
Nashik,Maharashtra,Godavari,640.46,11.46,0.1,641.5,3,0
Majuli,Assam,Brahmaputra,2352.96,14.7,0.815,84.9,5,1
Rajahmundry,Andhra Pradesh,Godavari,606.02,10.37,0.911,17.1,0,1
Allahabad,Uttar Pradesh,Ganga,1028.17,6.53,0.677,82.7,0,0
Varanasi,Uttar Pradesh,Ganga,1637.55,2.98,0.468,85.2,3,1
Patna,Bihar,Ganga,1268.24,12.75,0.56,58.3,3,1
Allahabad,Uttar Pradesh,Ganga,444.23,6.32,0.95,95.9,2,0
Varanasi,Uttar Pradesh,Ganga,1036.2,14.65,0.662,60.0,3,1
Patna,Bihar,Ganga,1297.23,21.53,0.573,49.1,4,1
Allahabad,Uttar Pradesh,Ganga,1054.44,10.25,0.88,84.8,2,0
Jodhpur,Rajasthan,Arid,369.8,1.11,0.465,258.2,0,0
Cuttack,Odisha,Mahanadi,1713.76,10.35,0.283,20.4,2,1
Sangli,Maharashtra,Krishna,916.8,8.35,0.904,542.5,0,1
Jodhpur,Rajasthan,Arid,404.09,3.0,0.1,224.9,1,0
Mumbai,Maharashtra,Coastal,1882.74,5.28,0.1,13.3,1,1
Jaipur,Rajasthan,Arid,450.3,3.02,0.15,455.7,1,0
Sambalpur,Odisha,Mahanadi,917.61,9.35,0.808,166.3,1,0
Cuttack,Odisha,Mahanadi,1758.66,10.81,0.716,29.5,3,1
Varanasi,Uttar Pradesh,Ganga,490.92,9.62,0.675,73.6,2,1
Kolkata,West Bengal,Coastal,1891.55,6.6,0.113,7.1,0,1
Dibrugarh,Assam,Brahmaputra,2374.51,18.1,0.908,85.4,5,1
Kolkata,West Bengal,Coastal,1897.24,10.08,0.93,8.7,0,1
Dibrugarh,Assam,Brahmaputra,2839.82,20.75,0.95,94.7,4,1
Sangli,Maharashtra,Krishna,954.16,4.72,0.466,562.3,1,0
Sangli,Maharashtra,Krishna,923.05,5.76,0.95,466.8,1,1
Jodhpur,Rajasthan,Arid,434.7,0.6,0.1,203.9,0,0
Sangli,Maharashtra,Krishna,588.71,8.77,0.404,452.7,1,1
Kolkata,West Bengal,Coastal,1677.43,10.27,0.622,7.9,3,1
Patna,Bihar,Ganga,1165.31,21.39,0.241,50.1,0,1
Cuttack,Odisha,Mahanadi,1478.15,14.17,0.1,24.7,2,1
Chennai,Tamil Nadu,Coastal,844.5,5.03,0.856,6.7,3,0
Varanasi,Uttar Pradesh,Ganga,1223.76,17.61,0.627,75.7,5,0
Jaipur,Rajasthan,Arid,611.35,5.22,0.1,434.4,0,0
Kolkata,West Bengal,Coastal,2209.16,8.0,0.558,8.2,2,0
Allahabad,Uttar Pradesh,Ganga,995.04,12.86,0.95,83.8,2,1
Guwahati,Assam,Brahmaputra,1659.66,3.6,0.95,48.7,3,1
Cuttack,Odisha,Mahanadi,1541.12,20.07,0.95,24.1,1,0
Nashik,Maharashtra,Godavari,1058.94,4.66,0.469,600.7,3,1
Sangli,Maharashtra,Krishna,865.08,11.02,0.818,595.6,2,1
Majuli,Assam,Brahmaputra,2588.83,28.43,0.747,85.5,5,1
Mysore,Karnataka,Kaveri,613.47,3.7,0.1,799.3,0,0
Mysore,Karnataka,Kaveri,643.74,7.55,0.66,688.9,0,0
Vijayawada,Andhra Pradesh,Krishna,1277.73,8.14,0.564,12.0,0,0
Dibrugarh,Assam,Brahmaputra,2994.09,11.59,0.344,87.6,3,1
Dibrugarh,Assam,Brahmaputra,2061.67,26.3,0.756,112.2,6,1
Cuttack,Odisha,Mahanadi,1577.24,13.14,0.924,20.0,5,1
Sambalpur,Odisha,Mahanadi,779.11,9.89,0.395,145.3,2,0
Nashik,Maharashtra,Godavari,800.62,11.43,0.312,640.5,1,0
Vijayawada,Andhra Pradesh,Krishna,890.87,11.74,0.942,13.2,2,1
Trichy,Tamil Nadu,Kaveri,913.09,2.07,0.881,71.5,1,0
Vijayawada,Andhra Pradesh,Krishna,1123.53,13.92,0.95,13.2,3,1
Kolkata,West Bengal,Coastal,1775.85,6.77,0.239,7.0,0,0
Varanasi,Uttar Pradesh,Ganga,684.44,7.43,0.78,86.7,2,1
Majuli,Assam,Brahmaputra,1984.88,17.76,0.1,81.8,6,1
Majuli,Assam,Brahmaputra,2606.68,22.3,0.95,90.6,5,1
Cuttack,Odisha,Mahanadi,1800.21,8.12,0.95,28.5,0,1
Cuttack,Odisha,Mahanadi,1767.38,12.08,0.667,26.8,1,1
Dibrugarh,Assam,Brahmaputra,2560.14,21.43,0.877,94.4,4,1
Chennai,Tamil Nadu,Coastal,1403.42,4.45,0.553,5.8,1,1
Kolkata,West Bengal,Coastal,1794.54,8.57,0.741,7.6,1,1
Cuttack,Odisha,Mahanadi,1552.0,9.46,0.804,23.2,5,1
Rajahmundry,Andhra Pradesh,Godavari,1247.97,13.13,0.1,15.1,1,1
Kolkata,West Bengal,Coastal,1255.0,14.58,0.444,8.6,2,0
Dibrugarh,Assam,Brahmaputra,2663.5,15.92,0.95,81.6,7,1
Chennai,Tamil Nadu,Coastal,1391.95,5.45,0.187,5.7,0,1
Majuli,Assam,Brahmaputra,2395.21,8.4,0.32,80.2,3,1
Jaipur,Rajasthan,Arid,764.04,2.21,0.1,453.7,0,0
Dibrugarh,Assam,Brahmaputra,2419.03,14.41,0.1,102.0,6,1
Dibrugarh,Assam,Brahmaputra,2667.47,20.46,0.832,79.9,5,1
Trichy,Tamil Nadu,Kaveri,1091.24,6.18,0.676,79.9,1,1
Patna,Bihar,Ganga,927.59,22.93,0.916,50.9,0,1
Rajahmundry,Andhra Pradesh,Godavari,1036.09,8.6,0.882,15.0,2,0
Rajahmundry,Andhra Pradesh,Godavari,1292.78,12.3,0.361,13.2,1,0
Varanasi,Uttar Pradesh,Ganga,1424.03,4.81,0.678,86.3,2,1
Majuli,Assam,Brahmaputra,1786.9,13.42,0.628,101.0,5,1
Kolkata,West Bengal,Coastal,1633.12,14.57,0.483,8.3,3,1
Jodhpur,Rajasthan,Arid,348.07,2.21,0.207,239.7,0,0
Mysore,Karnataka,Kaveri,1030.05,4.68,0.761,774.8,1,0
Mysore,Karnataka,Kaveri,1025.57,7.38,0.639,740.5,0,0
Allahabad,Uttar Pradesh,Ganga,1067.57,13.18,0.944,87.4,3,1
Kolkata,West Bengal,Coastal,1911.93,9.47,0.95,5.4,4,0
Rajahmundry,Andhra Pradesh,Godavari,1217.22,8.89,0.364,14.8,3,1
Chennai,Tamil Nadu,Coastal,1697.96,4.89,0.16,5.7,2,0
Trichy,Tamil Nadu,Kaveri,832.89,7.34,0.619,76.6,1,1
Dibrugarh,Assam,Brahmaputra,2387.35,14.29,0.434,97.0,5,1
Sangli,Maharashtra,Krishna,1120.05,6.45,0.1,524.2,1,0
Guwahati,Assam,Brahmaputra,1865.74,11.53,0.938,50.3,3,0
Majuli,Assam,Brahmaputra,1956.47,18.13,0.554,82.4,3,1
Rajahmundry,Andhra Pradesh,Godavari,1463.13,15.45,0.425,14.2,0,1
Nashik,Maharashtra,Godavari,1018.89,9.92,0.37,622.5,1,0
Guwahati,Assam,Brahmaputra,2211.23,13.82,0.83,51.1,5,1
Trichy,Tamil Nadu,Kaveri,1081.07,8.22,0.102,70.0,0,1
Nashik,Maharashtra,Godavari,667.09,7.46,0.893,642.7,0,1
Mysore,Karnataka,Kaveri,830.86,5.85,0.1,815.8,1,0
Varanasi,Uttar Pradesh,Ganga,926.81,13.3,0.115,75.6,4,0
Jaipur,Rajasthan,Arid,493.7,1.85,0.256,443.4,0,0
Dibrugarh,Assam,Brahmaputra,3313.74,17.44,0.846,92.5,6,1
Jaipur,Rajasthan,Arid,613.89,2.71,0.1,461.0,0,0
Kolkata,West Bengal,Coastal,1696.07,9.37,0.705,7.5,0,0
Jaipur,Rajasthan,Arid,619.11,2.47,0.1,363.9,1,0
Chennai,Tamil Nadu,Coastal,1405.4,5.38,0.848,6.0,1,1
Sambalpur,Odisha,Mahanadi,1296.49,12.78,0.45,152.2,1,1
Chennai,Tamil Nadu,Coastal,1123.94,2.21,0.1,5.2,2,0
Guwahati,Assam,Brahmaputra,1188.68,3.51,0.904,50.0,3,1
Vijayawada,Andhra Pradesh,Krishna,649.59,9.75,0.539,9.4,1,1
Guwahati,Assam,Brahmaputra,1939.68,10.74,0.95,53.2,2,1
Patna,Bihar,Ganga,1049.47,13.93,0.864,49.6,2,1
Majuli,Assam,Brahmaputra,2000.75,16.07,0.95,85.2,7,0
Varanasi,Uttar Pradesh,Ganga,1135.24,7.4,0.62,77.2,4,1
Majuli,Assam,Brahmaputra,2502.84,11.39,0.849,94.3,5,1
Cuttack,Odisha,Mahanadi,1708.07,10.22,0.596,29.0,2,1
Sambalpur,Odisha,Mahanadi,1026.99,13.07,0.389,117.7,0,1
Dibrugarh,Assam,Brahmaputra,3620.71,29.18,0.708,101.9,5,1
Patna,Bihar,Ganga,1229.9,8.4,0.82,54.7,1,0
Majuli,Assam,Brahmaputra,2377.19,19.31,0.95,86.8,5,1
Mysore,Karnataka,Kaveri,516.71,7.06,0.116,703.1,0,0
Jodhpur,Rajasthan,Arid,316.71,1.79,0.1,182.0,1,1
Dibrugarh,Assam,Brahmaputra,881.67,11.37,0.95,92.9,3,1
Cuttack,Odisha,Mahanadi,2102.54,9.34,0.583,28.1,2,0
Mumbai,Maharashtra,Coastal,2144.4,3.87,0.1,11.5,0,0
Majuli,Assam,Brahmaputra,2720.26,22.73,0.95,97.6,5,1
Varanasi,Uttar Pradesh,Ganga,1132.84,14.42,0.306,72.3,1,1
Rajahmundry,Andhra Pradesh,Godavari,584.49,8.71,0.518,14.3,3,1
Sangli,Maharashtra,Krishna,933.84,7.34,0.286,580.6,1,1
Kolkata,West Bengal,Coastal,1200.06,4.86,0.375,7.8,2,0
Guwahati,Assam,Brahmaputra,1797.18,20.66,0.76,62.9,5,1
Mumbai,Maharashtra,Coastal,3180.49,2.83,0.812,14.2,2,0
Sangli,Maharashtra,Krishna,877.88,7.63,0.854,515.8,0,0
Sangli,Maharashtra,Krishna,861.91,6.81,0.394,688.6,1,0
Guwahati,Assam,Brahmaputra,1624.42,10.22,0.911,51.8,6,1
Guwahati,Assam,Brahmaputra,2269.32,18.22,0.95,53.6,6,1
Patna,Bihar,Ganga,968.15,14.36,0.367,52.7,5,1
Mumbai,Maharashtra,Coastal,2401.33,4.59,0.599,14.2,3,0
Sambalpur,Odisha,Mahanadi,1574.71,14.92,0.851,125.3,1,0
Guwahati,Assam,Brahmaputra,1961.79,13.23,0.799,60.8,2,1
Vijayawada,Andhra Pradesh,Krishna,997.99,7.74,0.318,11.0,2,1
Cuttack,Odisha,Mahanadi,1557.14,8.18,0.906,23.0,1,0
Varanasi,Uttar Pradesh,Ganga,1064.08,13.01,0.534,96.8,3,1
Varanasi,Uttar Pradesh,Ganga,487.96,12.69,0.929,86.7,1,1
Dibrugarh,Assam,Brahmaputra,1805.03,28.51,0.445,84.1,4,1
Guwahati,Assam,Brahmaputra,1043.96,18.26,0.841,60.0,2,1
Jaipur,Rajasthan,Arid,654.22,2.69,0.675,489.5,1,1
Dibrugarh,Assam,Brahmaputra,3220.3,19.04,0.95,102.2,9,1
Jaipur,Rajasthan,Arid,674.82,2.63,0.136,432.0,0,0
Chennai,Tamil Nadu,Coastal,1107.51,7.19,0.127,6.1,1,0
Trichy,Tamil Nadu,Kaveri,978.91,6.88,0.1,83.1,0,0
Sangli,Maharashtra,Krishna,752.51,9.8,0.642,522.7,3,0
Chennai,Tamil Nadu,Coastal,1111.41,4.35,0.497,6.0,2,0
Guwahati,Assam,Brahmaputra,1438.5,23.53,0.243,56.0,4,1
Vijayawada,Andhra Pradesh,Krishna,743.45,10.06,0.292,12.4,2,0
Jaipur,Rajasthan,Arid,554.7,2.77,0.369,468.0,0,1
Varanasi,Uttar Pradesh,Ganga,1112.29,8.77,0.95,75.6,2,1
Mysore,Karnataka,Kaveri,594.87,8.78,0.395,664.7,3,1
Guwahati,Assam,Brahmaputra,1108.77,18.38,0.607,61.5,6,1
Jodhpur,Rajasthan,Arid,345.04,1.73,0.1,220.1,0,0
Dibrugarh,Assam,Brahmaputra,3190.75,16.08,0.796,101.2,6,1
Sambalpur,Odisha,Mahanadi,1797.83,11.95,0.714,142.5,2,1
Kolkata,West Bengal,Coastal,1643.44,10.7,0.346,7.7,4,1
Trichy,Tamil Nadu,Kaveri,744.37,2.24,0.95,76.5,1,0
Mysore,Karnataka,Kaveri,735.74,7.79,0.1,934.1,0,0
Allahabad,Uttar Pradesh,Ganga,596.55,7.85,0.293,105.9,1,0
Trichy,Tamil Nadu,Kaveri,801.18,5.01,0.1,67.1,0,1
Rajahmundry,Andhra Pradesh,Godavari,1369.1,14.94,0.786,11.6,3,1
Majuli,Assam,Brahmaputra,2086.7,16.13,0.76,90.5,10,1
Chennai,Tamil Nadu,Coastal,1346.78,4.7,0.948,6.1,1,1
Nashik,Maharashtra,Godavari,1049.28,13.85,0.1,558.0,2,1
Majuli,Assam,Brahmaputra,2936.0,15.92,0.525,76.8,5,1
Rajahmundry,Andhra Pradesh,Godavari,1338.8,11.96,0.156,12.7,1,1
Vijayawada,Andhra Pradesh,Krishna,818.87,7.18,0.397,11.7,1,1
Vijayawada,Andhra Pradesh,Krishna,1050.14,7.44,0.652,10.3,1,0
Nashik,Maharashtra,Godavari,790.99,7.43,0.273,575.8,2,0
Jodhpur,Rajasthan,Arid,252.99,1.6,0.428,218.0,1,0
Nashik,Maharashtra,Godavari,842.18,5.94,0.752,663.0,1,0
Guwahati,Assam,Brahmaputra,2573.25,9.4,0.634,64.8,3,1
Nashik,Maharashtra,Godavari,661.42,5.39,0.663,593.0,0,0
Mumbai,Maharashtra,Coastal,2451.04,3.23,0.405,11.5,2,0
Allahabad,Uttar Pradesh,Ganga,957.21,8.9,0.442,93.2,1,0
Chennai,Tamil Nadu,Coastal,1669.01,5.58,0.359,6.4,1,0
Mumbai,Maharashtra,Coastal,2193.01,4.14,0.942,13.1,4,0
Mumbai,Maharashtra,Coastal,3548.86,3.87,0.459,14.1,2,0
Rajahmundry,Andhra Pradesh,Godavari,1222.52,11.02,0.651,12.7,0,1
Kolkata,West Bengal,Coastal,1316.8,9.72,0.804,7.2,2,0
Mysore,Karnataka,Kaveri,890.01,4.98,0.9,854.9,1,1
Guwahati,Assam,Brahmaputra,1888.86,19.24,0.103,51.5,2,1
Dibrugarh,Assam,Brahmaputra,2528.29,22.45,0.449,101.6,6,1
Chennai,Tamil Nadu,Coastal,1421.52,6.93,0.655,6.1,0,1
Rajahmundry,Andhra Pradesh,Godavari,1356.9,8.68,0.818,17.3,1,0
Rajahmundry,Andhra Pradesh,Godavari,803.11,10.89,0.321,16.7,0,0
Nashik,Maharashtra,Godavari,800.35,6.92,0.272,516.7,1,0
Cuttack,Odisha,Mahanadi,1894.79,5.49,0.95,21.6,1,1
Varanasi,Uttar Pradesh,Ganga,1652.51,11.96,0.856,85.4,4,1
Allahabad,Uttar Pradesh,Ganga,802.72,7.15,0.1,83.7,0,1
Sambalpur,Odisha,Mahanadi,1718.23,9.34,0.292,160.5,5,0
Vijayawada,Andhra Pradesh,Krishna,442.34,10.93,0.647,12.3,2,1
Sambalpur,Odisha,Mahanadi,1155.56,12.53,0.569,180.4,6,1
Varanasi,Uttar Pradesh,Ganga,748.83,16.73,0.557,84.1,3,1
Varanasi,Uttar Pradesh,Ganga,975.35,3.9,0.584,78.2,1,1
Majuli,Assam,Brahmaputra,2663.12,27.62,0.547,100.8,8,1
Majuli,Assam,Brahmaputra,3198.17,16.44,0.738,85.6,5,1
Nashik,Maharashtra,Godavari,709.41,7.49,0.468,604.7,1,0
Mumbai,Maharashtra,Coastal,1502.93,5.9,0.95,13.0,1,1
Kolkata,West Bengal,Coastal,2083.36,6.42,0.696,9.1,2,1
Vijayawada,Andhra Pradesh,Krishna,766.49,7.94,0.796,12.5,1,0
Patna,Bihar,Ganga,1312.71,12.53,0.103,65.2,2,1
Kolkata,West Bengal,Coastal,1464.9,11.15,0.912,7.5,1,1
Jaipur,Rajasthan,Arid,637.75,3.47,0.1,445.8,0,0
Dibrugarh,Assam,Brahmaputra,3113.84,17.75,0.715,95.0,6,1
Kolkata,West Bengal,Coastal,1931.05,8.0,0.243,8.2,4,0
Nashik,Maharashtra,Godavari,671.02,2.77,0.672,615.3,1,0
Jodhpur,Rajasthan,Arid,500.37,2.62,0.557,236.6,0,0
Varanasi,Uttar Pradesh,Ganga,1070.87,15.98,0.689,62.6,3,0
Trichy,Tamil Nadu,Kaveri,1041.36,4.48,0.439,63.4,1,0
Mumbai,Maharashtra,Coastal,1527.76,4.38,0.708,15.7,1,1
Varanasi,Uttar Pradesh,Ganga,1013.49,13.01,0.627,82.6,2,1
Nashik,Maharashtra,Godavari,863.02,7.48,0.335,550.4,0,0
Majuli,Assam,Brahmaputra,2576.67,18.32,0.864,80.8,10,1
Vijayawada,Andhra Pradesh,Krishna,847.81,5.55,0.517,14.0,0,0
Chennai,Tamil Nadu,Coastal,1249.03,6.32,0.78,6.1,0,0
Sambalpur,Odisha,Mahanadi,1785.11,8.87,0.1,139.7,2,1
Cuttack,Odisha,Mahanadi,1171.22,9.34,0.271,27.4,7,1
Vijayawada,Andhra Pradesh,Krishna,991.38,8.52,0.1,12.6,2,0
Varanasi,Uttar Pradesh,Ganga,1570.19,12.98,0.769,75.4,2,1
Trichy,Tamil Nadu,Kaveri,850.06,6.83,0.1,78.3,0,0
Sangli,Maharashtra,Krishna,712.98,5.93,0.218,556.8,2,0
Mumbai,Maharashtra,Coastal,1868.04,3.44,0.1,11.6,3,0
Dibrugarh,Assam,Brahmaputra,4000.0,21.51,0.852,100.9,7,1
Chennai,Tamil Nadu,Coastal,1413.83,6.01,0.1,6.9,2,0
Chennai,Tamil Nadu,Coastal,1304.06,5.25,0.319,5.3,1,1
Cuttack,Odisha,Mahanadi,1531.4,6.42,0.95,25.1,6,1
Vijayawada,Andhra Pradesh,Krishna,1162.03,4.56,0.532,14.2,0,1
Kolkata,West Bengal,Coastal,1610.54,10.91,0.567,8.9,1,0
Jaipur,Rajasthan,Arid,839.1,0.88,0.129,453.7,2,0
Mumbai,Maharashtra,Coastal,2634.02,3.55,0.301,13.8,3,1
Nashik,Maharashtra,Godavari,1054.1,8.75,0.18,600.6,1,0
Allahabad,Uttar Pradesh,Ganga,660.8,10.07,0.95,87.5,0,0
Jaipur,Rajasthan,Arid,403.66,1.67,0.488,390.5,0,0
Allahabad,Uttar Pradesh,Ganga,981.62,13.35,0.355,72.6,2,0
Guwahati,Assam,Brahmaputra,2833.56,14.9,0.896,45.0,4,1
Patna,Bihar,Ganga,1414.2,9.7,0.464,56.1,3,1
Mumbai,Maharashtra,Coastal,1757.33,5.58,0.477,13.5,2,0
Trichy,Tamil Nadu,Kaveri,1064.88,6.03,0.854,82.0,1,0
Mysore,Karnataka,Kaveri,731.93,5.31,0.593,667.0,0,0
Rajahmundry,Andhra Pradesh,Godavari,1002.36,5.21,0.928,16.3,5,1
Sambalpur,Odisha,Mahanadi,1135.22,9.98,0.39,140.4,2,0
Majuli,Assam,Brahmaputra,2277.84,18.28,0.548,98.3,2,1
Mysore,Karnataka,Kaveri,755.4,7.82,0.72,666.3,0,0
Jodhpur,Rajasthan,Arid,211.8,1.23,0.239,216.0,0,0
Majuli,Assam,Brahmaputra,1550.1,17.99,0.143,85.4,4,1
Mysore,Karnataka,Kaveri,1017.28,5.49,0.629,768.1,3,0
Guwahati,Assam,Brahmaputra,1392.63,8.82,0.726,48.7,5,1
Sangli,Maharashtra,Krishna,1046.75,10.52,0.1,586.2,2,0
Allahabad,Uttar Pradesh,Ganga,1045.66,14.79,0.769,87.7,2,1
Mysore,Karnataka,Kaveri,227.81,5.08,0.548,727.9,0,0
Rajahmundry,Andhra Pradesh,Godavari,750.37,10.68,0.157,17.3,2,1
Vijayawada,Andhra Pradesh,Krishna,1214.16,5.13,0.266,11.2,1,0
Dibrugarh,Assam,Brahmaputra,1692.09,19.27,0.625,86.6,3,1
Sangli,Maharashtra,Krishna,920.62,7.15,0.115,582.8,1,0
Kolkata,West Bengal,Coastal,1759.79,11.57,0.95,9.0,4,0
Mumbai,Maharashtra,Coastal,1897.88,4.74,0.907,16.3,4,1
Trichy,Tamil Nadu,Kaveri,780.4,3.2,0.744,76.4,2,0
Kolkata,West Bengal,Coastal,1748.97,7.03,0.655,8.4,3,0
Varanasi,Uttar Pradesh,Ganga,1171.11,17.67,0.506,76.3,1,1
Nashik,Maharashtra,Godavari,997.63,7.85,0.554,715.5,1,1
Jodhpur,Rajasthan,Arid,523.49,1.78,0.722,227.7,1,0
Nashik,Maharashtra,Godavari,1107.11,7.86,0.323,608.1,0,0
Patna,Bihar,Ganga,842.61,13.76,0.948,57.8,1,1
Rajahmundry,Andhra Pradesh,Godavari,1223.83,13.72,0.35,16.3,1,1
Sambalpur,Odisha,Mahanadi,1370.99,12.41,0.63,166.0,1,1
Mysore,Karnataka,Kaveri,768.59,6.9,0.454,785.7,1,0
Dibrugarh,Assam,Brahmaputra,3120.77,20.87,0.756,78.3,0,1
Varanasi,Uttar Pradesh,Ganga,643.8,10.71,0.766,84.4,1,0
Guwahati,Assam,Brahmaputra,1847.72,17.71,0.839,48.4,3,1
Jaipur,Rajasthan,Arid,632.15,1.7,0.58,438.7,1,0
Vijayawada,Andhra Pradesh,Krishna,540.57,10.89,0.521,11.6,4,0
Varanasi,Uttar Pradesh,Ganga,976.94,6.92,0.613,85.9,1,1
Jodhpur,Rajasthan,Arid,421.28,2.05,0.687,222.6,0,0
Allahabad,Uttar Pradesh,Ganga,708.84,11.38,0.657,92.6,2,0
Rajahmundry,Andhra Pradesh,Godavari,1617.18,4.04,0.501,12.8,3,1
Sambalpur,Odisha,Mahanadi,1866.87,7.28,0.922,130.7,1,0
Jodhpur,Rajasthan,Arid,281.34,2.03,0.735,202.1,2,0
Sambalpur,Odisha,Mahanadi,1974.4,5.8,0.839,150.5,5,0
Varanasi,Uttar Pradesh,Ganga,1297.81,10.88,0.824,88.6,4,1
Allahabad,Uttar Pradesh,Ganga,764.42,6.7,0.787,65.5,2,0
Chennai,Tamil Nadu,Coastal,1439.14,5.19,0.898,5.4,1,1
Jodhpur,Rajasthan,Arid,305.79,2.12,0.1,271.7,3,1
Nashik,Maharashtra,Godavari,979.09,8.04,0.354,518.0,1,0
Varanasi,Uttar Pradesh,Ganga,1336.72,11.17,0.95,72.8,3,1
Vijayawada,Andhra Pradesh,Krishna,988.95,7.84,0.145,12.3,3,0
Allahabad,Uttar Pradesh,Ganga,884.55,16.57,0.813,107.1,2,1
Vijayawada,Andhra Pradesh,Krishna,920.18,12.07,0.679,11.5,4,1
Nashik,Maharashtra,Godavari,802.67,8.11,0.313,527.2,2,0
Allahabad,Uttar Pradesh,Ganga,999.14,12.56,0.931,86.7,2,1
Allahabad,Uttar Pradesh,Ganga,693.37,13.86,0.571,101.4,1,0
Chennai,Tamil Nadu,Coastal,1142.0,5.0,0.1,7.5,3,1
Guwahati,Assam,Brahmaputra,1794.63,14.47,0.95,61.4,4,1
Trichy,Tamil Nadu,Kaveri,721.4,8.72,0.627,80.6,1,0
Mysore,Karnataka,Kaveri,841.06,3.0,0.807,762.9,0,0
Mumbai,Maharashtra,Coastal,2616.61,3.71,0.95,13.2,1,0
Chennai,Tamil Nadu,Coastal,1462.72,6.01,0.267,6.9,1,1
Sambalpur,Odisha,Mahanadi,1827.14,11.42,0.95,136.7,2,1
Sambalpur,Odisha,Mahanadi,1007.63,10.71,0.764,142.9,2,1
Sambalpur,Odisha,Mahanadi,1883.92,15.32,0.731,135.9,1,1
Dibrugarh,Assam,Brahmaputra,3367.81,13.9,0.652,100.4,5,1
Patna,Bihar,Ganga,626.02,12.0,0.95,58.2,2,1
Dibrugarh,Assam,Brahmaputra,2799.09,12.89,0.95,93.9,2,1
Dibrugarh,Assam,Brahmaputra,2969.49,18.61,0.705,91.6,6,0
Trichy,Tamil Nadu,Kaveri,773.79,2.28,0.923,67.0,0,0
Varanasi,Uttar Pradesh,Ganga,1031.41,10.24,0.393,71.3,2,1
Mumbai,Maharashtra,Coastal,2705.83,4.83,0.171,17.9,3,1
Varanasi,Uttar Pradesh,Ganga,1134.02,11.87,0.557,70.4,1,0
Trichy,Tamil Nadu,Kaveri,889.83,4.45,0.774,78.9,0,0
Mumbai,Maharashtra,Coastal,2038.74,3.67,0.1,12.1,0,0
Patna,Bihar,Ganga,1354.14,3.49,0.809,54.1,2,1
Kolkata,West Bengal,Coastal,1665.82,8.8,0.1,9.0,3,0
Varanasi,Uttar Pradesh,Ganga,924.35,8.32,0.646,83.3,2,0
Mysore,Karnataka,Kaveri,556.14,5.16,0.556,843.1,1,0
Sangli,Maharashtra,Krishna,760.74,8.32,0.706,517.4,2,0
Mysore,Karnataka,Kaveri,705.22,8.07,0.474,952.6,2,1
Patna,Bihar,Ganga,624.37,25.77,0.95,68.3,3,1
Jaipur,Rajasthan,Arid,518.35,5.41,0.221,435.7,1,0
Chennai,Tamil Nadu,Coastal,1159.62,2.79,0.149,5.9,0,0
Nashik,Maharashtra,Godavari,431.01,2.65,0.759,663.7,2,0
Rajahmundry,Andhra Pradesh,Godavari,1356.74,9.45,0.179,14.2,1,0
Chennai,Tamil Nadu,Coastal,1271.53,6.29,0.897,5.5,4,0
Trichy,Tamil Nadu,Kaveri,632.44,7.18,0.95,100.9,0,1
Allahabad,Uttar Pradesh,Ganga,683.4,5.77,0.245,113.1,3,0
Majuli,Assam,Brahmaputra,2134.59,13.05,0.611,94.1,7,1
Vijayawada,Andhra Pradesh,Krishna,1220.01,6.8,0.659,12.4,2,0
Sambalpur,Odisha,Mahanadi,2043.08,14.7,0.342,153.9,1,1
Cuttack,Odisha,Mahanadi,1504.54,4.37,0.88,19.2,2,0
Jodhpur,Rajasthan,Arid,312.42,1.81,0.1,226.6,0,0
Nashik,Maharashtra,Godavari,571.35,8.07,0.28,640.0,1,1
Allahabad,Uttar Pradesh,Ganga,967.95,4.87,0.196,99.8,1,1
Jodhpur,Rajasthan,Arid,347.39,0.65,0.1,236.8,0,0
Varanasi,Uttar Pradesh,Ganga,850.16,8.86,0.279,79.1,4,1
Mumbai,Maharashtra,Coastal,2076.75,3.71,0.876,14.3,1,1
Jaipur,Rajasthan,Arid,740.81,4.05,0.317,474.0,0,1
Majuli,Assam,Brahmaputra,2504.65,11.65,0.533,84.7,4,1
Varanasi,Uttar Pradesh,Ganga,503.68,12.0,0.496,82.8,1,1
Mumbai,Maharashtra,Coastal,2297.95,5.0,0.653,14.0,2,1
Patna,Bihar,Ganga,1321.22,11.13,0.466,59.9,1,1
Sambalpur,Odisha,Mahanadi,1389.16,15.14,0.312,165.8,1,0
Patna,Bihar,Ganga,717.76,9.66,0.821,52.2,7,0
Vijayawada,Andhra Pradesh,Krishna,692.62,11.88,0.387,11.5,2,1
Mysore,Karnataka,Kaveri,788.45,6.22,0.553,683.4,1,0
Patna,Bihar,Ganga,1353.98,14.2,0.95,50.4,2,0
Sambalpur,Odisha,Mahanadi,1380.57,9.09,0.563,165.8,0,0
Trichy,Tamil Nadu,Kaveri,984.48,3.65,0.597,82.1,2,1
Vijayawada,Andhra Pradesh,Krishna,1040.65,12.26,0.905,12.7,0,0
Trichy,Tamil Nadu,Kaveri,806.75,3.71,0.221,82.4,0,0
Trichy,Tamil Nadu,Kaveri,570.78,8.15,0.206,73.9,2,0
Vijayawada,Andhra Pradesh,Krishna,1167.16,9.72,0.388,13.3,2,0
Cuttack,Odisha,Mahanadi,1352.22,18.7,0.271,19.1,3,0
Nashik,Maharashtra,Godavari,689.21,12.31,0.1,588.6,4,0
Rajahmundry,Andhra Pradesh,Godavari,911.14,6.43,0.536,15.9,4,0
Mumbai,Maharashtra,Coastal,2049.34,2.88,0.207,14.0,0,0
Vijayawada,Andhra Pradesh,Krishna,1278.48,11.01,0.377,12.8,1,0
Patna,Bihar,Ganga,1158.52,8.76,0.943,59.0,3,1
Trichy,Tamil Nadu,Kaveri,950.63,11.28,0.329,82.9,3,1
Jodhpur,Rajasthan,Arid,329.61,1.94,0.1,246.7,0,1
Nashik,Maharashtra,Godavari,542.61,3.88,0.144,597.7,0,0
Dibrugarh,Assam,Brahmaputra,2447.44,12.97,0.407,98.5,6,1
Mumbai,Maharashtra,Coastal,2986.74,4.54,0.269,13.1,1,0
Cuttack,Odisha,Mahanadi,1457.59,8.38,0.215,21.9,1,0
Mumbai,Maharashtra,Coastal,2338.99,4.19,0.634,15.1,3,0
Guwahati,Assam,Brahmaputra,2266.45,12.68,0.55,55.7,2,0
Chennai,Tamil Nadu,Coastal,1331.81,5.44,0.515,5.7,2,0
Allahabad,Uttar Pradesh,Ganga,908.28,15.87,0.355,98.9,1,0
Rajahmundry,Andhra Pradesh,Godavari,769.83,10.7,0.668,14.5,2,1
Mysore,Karnataka,Kaveri,1115.56,7.72,0.837,743.4,2,1
Sambalpur,Odisha,Mahanadi,1666.95,16.27,0.35,149.8,2,0
Chennai,Tamil Nadu,Coastal,1696.66,3.92,0.599,6.2,2,1
Trichy,Tamil Nadu,Kaveri,906.13,6.53,0.45,79.0,0,0
Majuli,Assam,Brahmaputra,1354.04,13.32,0.707,84.4,7,0
Chennai,Tamil Nadu,Coastal,975.22,4.72,0.644,6.2,3,1
Patna,Bihar,Ganga,1395.42,16.56,0.365,58.0,4,1
Allahabad,Uttar Pradesh,Ganga,1238.98,14.04,0.689,91.9,3,0
Majuli,Assam,Brahmaputra,2513.81,10.91,0.95,84.9,4,1
Kolkata,West Bengal,Coastal,1725.85,5.78,0.18,8.3,0,1
Nashik,Maharashtra,Godavari,1042.48,12.83,0.95,607.7,1,0
Cuttack,Odisha,Mahanadi,1432.39,9.81,0.676,24.9,1,1
Jaipur,Rajasthan,Arid,826.44,2.73,0.1,417.2,0,0
Mysore,Karnataka,Kaveri,871.57,5.66,0.317,730.2,1,0
Kolkata,West Bengal,Coastal,1273.2,10.72,0.553,7.6,0,0
Majuli,Assam,Brahmaputra,1469.39,20.02,0.857,90.0,7,1
Patna,Bihar,Ganga,1323.83,6.21,0.47,61.5,7,0
Jaipur,Rajasthan,Arid,276.65,3.62,0.1,453.4,0,1
Mumbai,Maharashtra,Coastal,2088.38,4.08,0.483,12.8,2,0
Jodhpur,Rajasthan,Arid,477.88,1.43,0.1,209.0,1,0
Majuli,Assam,Brahmaputra,1678.64,8.37,0.875,92.3,6,1
Nashik,Maharashtra,Godavari,1187.15,4.04,0.364,590.5,1,1
Varanasi,Uttar Pradesh,Ganga,887.29,14.69,0.871,89.6,4,1
Patna,Bihar,Ganga,1661.41,14.26,0.1,48.9,6,1
Kolkata,West Bengal,Coastal,1428.91,7.54,0.945,7.1,3,1
Guwahati,Assam,Brahmaputra,1555.69,8.58,0.646,48.8,2,1
Varanasi,Uttar Pradesh,Ganga,920.35,13.11,0.417,79.7,0,1
Allahabad,Uttar Pradesh,Ganga,988.29,7.81,0.354,93.0,4,1
Majuli,Assam,Brahmaputra,2611.95,15.99,0.691,89.5,3,1
Jodhpur,Rajasthan,Arid,236.39,3.09,0.1,209.3,0,0
Chennai,Tamil Nadu,Coastal,896.49,3.27,0.593,6.5,1,1
Sangli,Maharashtra,Krishna,682.81,4.99,0.21,442.5,1,0
Dibrugarh,Assam,Brahmaputra,3703.82,21.34,0.489,92.9,4,1
Jodhpur,Rajasthan,Arid,377.49,0.8,0.226,241.9,0,0
Sambalpur,Odisha,Mahanadi,1132.46,16.19,0.78,158.2,5,0
Jodhpur,Rajasthan,Arid,348.08,1.47,0.235,250.6,0,0
Mumbai,Maharashtra,Coastal,2320.78,5.74,0.596,14.8,1,1
Mysore,Karnataka,Kaveri,926.64,2.6,0.253,753.6,1,0
Rajahmundry,Andhra Pradesh,Godavari,814.44,13.31,0.548,19.3,2,0
Nashik,Maharashtra,Godavari,822.29,6.34,0.461,517.7,0,0
Guwahati,Assam,Brahmaputra,1093.79,6.15,0.505,50.8,1,1
Jaipur,Rajasthan,Arid,826.53,4.43,0.59,437.4,1,0
Vijayawada,Andhra Pradesh,Krishna,938.7,12.16,0.229,13.3,2,0
Cuttack,Odisha,Mahanadi,1437.43,10.63,0.488,22.0,1,0
Mysore,Karnataka,Kaveri,477.54,3.26,0.14,770.3,0,0
Varanasi,Uttar Pradesh,Ganga,1213.76,15.59,0.874,89.2,4,0
Mumbai,Maharashtra,Coastal,2418.88,4.74,0.223,13.5,2,0
Sambalpur,Odisha,Mahanadi,1337.27,9.66,0.629,146.9,3,1
Varanasi,Uttar Pradesh,Ganga,1033.51,16.73,0.638,83.3,4,1
Majuli,Assam,Brahmaputra,2746.97,15.39,0.75,97.0,7,1
Kolkata,West Bengal,Coastal,1427.69,5.55,0.1,8.8,4,0
Nashik,Maharashtra,Godavari,682.59,8.36,0.22,570.0,5,0
Jaipur,Rajasthan,Arid,634.18,2.4,0.601,433.4,0,1
Varanasi,Uttar Pradesh,Ganga,1478.17,14.13,0.156,77.3,2,1
Sangli,Maharashtra,Krishna,1070.46,3.37,0.897,563.3,1,0
Vijayawada,Andhra Pradesh,Krishna,837.68,10.57,0.731,12.7,4,1
Chennai,Tamil Nadu,Coastal,1607.62,3.98,0.737,5.3,2,0
Rajahmundry,Andhra Pradesh,Godavari,999.58,8.15,0.298,14.0,0,1
Dibrugarh,Assam,Brahmaputra,2503.65,16.3,0.817,109.8,5,1
Allahabad,Uttar Pradesh,Ganga,942.96,2.59,0.538,87.7,1,0
Varanasi,Uttar Pradesh,Ganga,989.56,16.81,0.893,73.3,0,1
Jodhpur,Rajasthan,Arid,445.11,2.23,0.1,218.9,0,0
Mumbai,Maharashtra,Coastal,1723.32,3.9,0.1,16.1,3,0
Sangli,Maharashtra,Krishna,360.57,7.25,0.692,523.2,1,1
Guwahati,Assam,Brahmaputra,1595.01,19.48,0.806,59.6,4,1
Mysore,Karnataka,Kaveri,839.11,3.59,0.365,824.3,3,0
Jodhpur,Rajasthan,Arid,289.28,1.45,0.1,241.0,0,0
Jaipur,Rajasthan,Arid,879.78,1.2,0.743,475.0,0,0
Guwahati,Assam,Brahmaputra,868.41,5.38,0.721,48.5,3,1
Rajahmundry,Andhra Pradesh,Godavari,1290.75,7.56,0.42,14.5,0,1
Allahabad,Uttar Pradesh,Ganga,1018.75,12.12,0.95,87.1,1,1
Dibrugarh,Assam,Brahmaputra,2766.72,23.27,0.759,93.3,7,1
Chennai,Tamil Nadu,Coastal,1091.05,5.49,0.777,4.8,3,1
Nashik,Maharashtra,Godavari,952.34,3.28,0.543,590.4,2,1
Jodhpur,Rajasthan,Arid,362.93,3.75,0.1,199.2,0,0
Nashik,Maharashtra,Godavari,773.83,7.45,0.369,548.6,0,0
Trichy,Tamil Nadu,Kaveri,695.87,4.77,0.215,68.3,0,0
Kolkata,West Bengal,Coastal,1167.67,11.56,0.857,7.7,2,1
Jodhpur,Rajasthan,Arid,398.74,1.68,0.1,193.2,0,0
Trichy,Tamil Nadu,Kaveri,1127.75,10.02,0.745,81.6,1,1
Majuli,Assam,Brahmaputra,1728.33,9.1,0.192,79.3,8,1
Majuli,Assam,Brahmaputra,1847.15,13.94,0.617,76.8,10,1
Mumbai,Maharashtra,Coastal,2730.45,3.75,0.255,13.4,0,0
Jaipur,Rajasthan,Arid,682.98,2.97,0.124,415.0,1,0
Patna,Bihar,Ganga,1044.52,7.96,0.95,56.9,6,0
Dibrugarh,Assam,Brahmaputra,3564.17,13.23,0.868,108.8,9,1
Vijayawada,Andhra Pradesh,Krishna,793.39,6.32,0.56,11.4,1,0
Patna,Bihar,Ganga,1639.69,25.67,0.867,51.8,2,1
Mysore,Karnataka,Kaveri,560.13,5.57,0.887,906.8,0,0
Cuttack,Odisha,Mahanadi,1759.07,8.11,0.504,25.2,5,1
Jaipur,Rajasthan,Arid,618.44,3.54,0.365,404.7,0,0
Majuli,Assam,Brahmaputra,2330.28,17.77,0.792,94.3,8,1
Sambalpur,Odisha,Mahanadi,1503.74,10.47,0.95,163.8,1,0
Sambalpur,Odisha,Mahanadi,1709.39,11.4,0.95,159.3,2,1
Dibrugarh,Assam,Brahmaputra,3203.34,29.56,0.747,84.2,3,1
Rajahmundry,Andhra Pradesh,Godavari,1108.18,13.9,0.246,16.4,0,0
Trichy,Tamil Nadu,Kaveri,1052.61,5.02,0.721,75.3,1,0
Mumbai,Maharashtra,Coastal,3131.14,2.73,0.33,15.4,0,1
Jodhpur,Rajasthan,Arid,250.73,2.13,0.1,243.1,0,0
Guwahati,Assam,Brahmaputra,1836.49,16.12,0.1,64.7,4,1
Chennai,Tamil Nadu,Coastal,1183.19,4.83,0.637,5.2,4,1
Cuttack,Odisha,Mahanadi,1349.13,15.46,0.636,22.7,3,1
Dibrugarh,Assam,Brahmaputra,3299.11,12.81,0.912,102.2,8,1
Jodhpur,Rajasthan,Arid,486.74,1.37,0.2,200.9,0,0
Mysore,Karnataka,Kaveri,477.13,5.84,0.38,759.0,0,0
Jaipur,Rajasthan,Arid,693.22,0.5,0.103,534.7,0,0
Mysore,Karnataka,Kaveri,718.83,8.06,0.295,835.5,1,0
Mumbai,Maharashtra,Coastal,2103.73,4.16,0.634,11.2,0,0
Varanasi,Uttar Pradesh,Ganga,616.54,11.11,0.511,78.0,1,0
Jaipur,Rajasthan,Arid,514.57,1.93,0.798,428.6,0,0
Allahabad,Uttar Pradesh,Ganga,670.94,5.73,0.842,75.4,1,0
Majuli,Assam,Brahmaputra,1574.57,15.7,0.95,90.3,9,1
Chennai,Tamil Nadu,Coastal,874.4,5.33,0.768,6.0,1,1
Jaipur,Rajasthan,Arid,670.14,2.79,0.1,498.9,1,0
Sangli,Maharashtra,Krishna,571.98,3.79,0.704,611.4,1,0
Sambalpur,Odisha,Mahanadi,1768.4,7.7,0.494,105.0,2,1
Vijayawada,Andhra Pradesh,Krishna,983.92,7.12,0.309,9.6,1,0
Sambalpur,Odisha,Mahanadi,1771.46,7.44,0.246,142.9,1,1
Jodhpur,Rajasthan,Arid,369.56,2.42,0.545,232.1,0,0
Dibrugarh,Assam,Brahmaputra,2919.94,30.0,0.526,95.4,2,1
Mysore,Karnataka,Kaveri,804.48,6.83,0.317,716.4,1,0
Dibrugarh,Assam,Brahmaputra,2714.37,30.0,0.95,109.9,3,1
Sangli,Maharashtra,Krishna,582.48,9.08,0.57,565.2,1,1
Sangli,Maharashtra,Krishna,879.19,9.62,0.95,461.6,2,0
Dibrugarh,Assam,Brahmaputra,3360.84,24.77,0.939,93.1,3,1
Kolkata,West Bengal,Coastal,1441.18,5.94,0.144,8.5,3,1
Jodhpur,Rajasthan,Arid,378.77,0.84,0.1,247.3,3,0
Allahabad,Uttar Pradesh,Ganga,761.63,13.93,0.739,108.8,3,1
Chennai,Tamil Nadu,Coastal,1709.46,7.38,0.192,5.4,1,0
Allahabad,Uttar Pradesh,Ganga,1168.48,16.79,0.928,100.5,0,1
Allahabad,Uttar Pradesh,Ganga,968.45,12.82,0.865,83.2,1,0
Trichy,Tamil Nadu,Kaveri,695.11,4.49,0.347,67.9,3,1
Vijayawada,Andhra Pradesh,Krishna,922.76,5.64,0.165,11.4,2,0
Vijayawada,Andhra Pradesh,Krishna,1076.77,8.67,0.492,11.2,1,0
Mysore,Karnataka,Kaveri,710.14,5.14,0.1,744.6,1,0
Varanasi,Uttar Pradesh,Ganga,993.59,11.65,0.428,81.8,3,1
Patna,Bihar,Ganga,1132.27,5.24,0.884,56.0,5,0
Cuttack,Odisha,Mahanadi,1459.87,5.82,0.417,27.5,4,1
Dibrugarh,Assam,Brahmaputra,2853.85,18.14,0.627,88.7,6,1
Sangli,Maharashtra,Krishna,604.11,6.58,0.791,625.9,1,0
Dibrugarh,Assam,Brahmaputra,2583.68,13.66,0.841,99.3,3,1
Kolkata,West Bengal,Coastal,1360.05,9.78,0.912,8.4,2,1
Kolkata,West Bengal,Coastal,2748.1,8.28,0.95,9.5,1,1
Vijayawada,Andhra Pradesh,Krishna,853.16,10.72,0.625,11.7,3,1
Kolkata,West Bengal,Coastal,1299.77,8.15,0.111,8.4,1,1
Trichy,Tamil Nadu,Kaveri,1034.46,8.0,0.664,78.1,1,0
Guwahati,Assam,Brahmaputra,1207.58,22.58,0.877,57.9,4,1
Varanasi,Uttar Pradesh,Ganga,1370.59,11.15,0.643,75.3,3,0
Mumbai,Maharashtra,Coastal,1367.82,4.57,0.914,13.6,1,0
Sambalpur,Odisha,Mahanadi,1608.71,5.66,0.383,170.1,3,1
Guwahati,Assam,Brahmaputra,1672.79,19.53,0.161,54.5,3,1
Varanasi,Uttar Pradesh,Ganga,1349.91,14.43,0.588,80.3,4,1
Dibrugarh,Assam,Brahmaputra,2988.63,15.59,0.887,108.6,3,1
Nashik,Maharashtra,Godavari,1044.15,9.4,0.857,598.2,0,0
Guwahati,Assam,Brahmaputra,1412.63,14.33,0.185,52.4,7,1
Sangli,Maharashtra,Krishna,678.65,7.37,0.858,486.7,0,1
Allahabad,Uttar Pradesh,Ganga,919.13,15.3,0.893,99.0,2,1
Majuli,Assam,Brahmaputra,2231.05,10.5,0.1,88.4,4,1
Dibrugarh,Assam,Brahmaputra,2439.22,18.11,0.297,93.0,4,1
Kolkata,West Bengal,Coastal,1474.77,9.17,0.848,8.0,1,0
Mysore,Karnataka,Kaveri,592.8,3.07,0.338,614.7,0,0
Allahabad,Uttar Pradesh,Ganga,1368.63,7.57,0.95,86.0,0,1
Mysore,Karnataka,Kaveri,634.68,6.95,0.904,792.2,1,1
Sangli,Maharashtra,Krishna,737.86,6.42,0.941,451.4,0,0
Majuli,Assam,Brahmaputra,2424.6,15.48,0.857,72.4,7,1
Dibrugarh,Assam,Brahmaputra,2706.14,20.59,0.911,90.2,4,1
Allahabad,Uttar Pradesh,Ganga,974.39,15.79,0.894,103.8,1,0
Sangli,Maharashtra,Krishna,571.98,6.33,0.163,528.3,1,0
Sambalpur,Odisha,Mahanadi,1568.32,2.33,0.908,163.5,3,0
Varanasi,Uttar Pradesh,Ganga,1053.56,8.65,0.821,77.6,4,1
Kolkata,West Bengal,Coastal,1225.37,4.69,0.557,8.0,5,0
Kolkata,West Bengal,Coastal,1463.45,5.72,0.95,8.5,0,0
Kolkata,West Bengal,Coastal,1240.56,7.11,0.517,10.2,1,0
Varanasi,Uttar Pradesh,Ganga,1263.04,12.88,0.95,92.0,3,1
Nashik,Maharashtra,Godavari,949.16,7.82,0.19,681.2,1,0
Mumbai,Maharashtra,Coastal,2333.01,5.08,0.634,15.3,1,0
Kolkata,West Bengal,Coastal,1015.3,4.88,0.196,7.0,3,0
Rajahmundry,Andhra Pradesh,Godavari,1179.25,13.31,0.263,17.2,2,1
Mumbai,Maharashtra,Coastal,2004.9,3.19,0.487,10.9,0,0
Majuli,Assam,Brahmaputra,1660.63,10.38,0.134,95.9,5,0
Guwahati,Assam,Brahmaputra,2207.67,8.65,0.379,56.5,9,1
Nashik,Maharashtra,Godavari,968.67,8.08,0.95,543.7,1,0
Varanasi,Uttar Pradesh,Ganga,1078.47,6.29,0.79,75.1,2,1
Majuli,Assam,Brahmaputra,2086.05,22.97,0.392,72.1,7,1
Nashik,Maharashtra,Godavari,1123.69,5.21,0.815,529.2,1,0
Allahabad,Uttar Pradesh,Ganga,867.58,8.14,0.856,99.9,1,1
Trichy,Tamil Nadu,Kaveri,875.2,8.17,0.13,74.3,2,0
Sangli,Maharashtra,Krishna,720.16,6.38,0.622,507.7,1,0
Vijayawada,Andhra Pradesh,Krishna,946.19,6.51,0.546,12.9,3,1
Mumbai,Maharashtra,Coastal,1200.56,3.61,0.458,12.5,1,0
Sangli,Maharashtra,Krishna,912.61,6.55,0.152,635.6,1,0
Cuttack,Odisha,Mahanadi,1342.77,9.59,0.924,25.2,5,0
Varanasi,Uttar Pradesh,Ganga,995.89,16.14,0.1,72.7,1,0
Sangli,Maharashtra,Krishna,894.82,11.16,0.597,496.8,1,0
Dibrugarh,Assam,Brahmaputra,2582.05,15.96,0.709,83.6,3,1
Chennai,Tamil Nadu,Coastal,941.82,3.97,0.261,6.1,0,0
Jaipur,Rajasthan,Arid,434.05,2.81,0.818,472.9,2,0
Allahabad,Uttar Pradesh,Ganga,1341.58,21.25,0.21,92.9,2,0
Mumbai,Maharashtra,Coastal,1754.1,4.86,0.935,12.9,3,0
Kolkata,West Bengal,Coastal,1517.67,9.06,0.95,8.2,1,1
Jaipur,Rajasthan,Arid,961.04,2.23,0.415,460.7,3,0
Sangli,Maharashtra,Krishna,793.46,5.29,0.594,500.9,1,0
Jaipur,Rajasthan,Arid,790.07,3.34,0.129,370.2,0,0
Varanasi,Uttar Pradesh,Ganga,1080.71,17.77,0.242,73.9,2,1
Guwahati,Assam,Brahmaputra,1710.64,10.66,0.7,55.3,4,1
Rajahmundry,Andhra Pradesh,Godavari,1029.78,7.75,0.61,17.7,2,1
Trichy,Tamil Nadu,Kaveri,1062.01,6.51,0.762,64.3,0,1
Sangli,Maharashtra,Krishna,784.21,5.08,0.255,613.4,2,0
Chennai,Tamil Nadu,Coastal,1351.37,2.76,0.69,5.5,0,1
Cuttack,Odisha,Mahanadi,1358.96,7.59,0.95,25.4,1,1
Rajahmundry,Andhra Pradesh,Godavari,1379.1,6.16,0.559,16.6,0,1
Cuttack,Odisha,Mahanadi,1863.57,7.94,0.875,24.1,2,1
Sangli,Maharashtra,Krishna,927.12,6.58,0.791,524.8,0,0
Sangli,Maharashtra,Krishna,870.52,4.79,0.635,531.2,1,0
Vijayawada,Andhra Pradesh,Krishna,751.12,7.99,0.743,12.4,2,0
Trichy,Tamil Nadu,Kaveri,895.4,4.82,0.236,83.2,0,0
Sangli,Maharashtra,Krishna,937.89,4.84,0.888,586.4,1,0
Trichy,Tamil Nadu,Kaveri,780.97,8.1,0.1,85.2,0,0
Kolkata,West Bengal,Coastal,1907.95,3.19,0.946,8.4,4,1
Guwahati,Assam,Brahmaputra,1898.89,9.52,0.651,51.2,4,1
Kolkata,West Bengal,Coastal,1658.47,7.99,0.914,8.4,2,0
Jodhpur,Rajasthan,Arid,273.04,2.2,0.158,249.7,0,0
Mumbai,Maharashtra,Coastal,2540.15,3.98,0.817,12.8,3,1
Nashik,Maharashtra,Godavari,1302.66,11.6,0.758,613.1,1,1
Nashik,Maharashtra,Godavari,1034.69,7.64,0.109,665.2,1,0
Jaipur,Rajasthan,Arid,798.88,2.06,0.204,438.7,1,1
Rajahmundry,Andhra Pradesh,Godavari,1103.75,13.69,0.799,13.6,0,1
Majuli,Assam,Brahmaputra,1896.87,14.86,0.596,94.3,7,1
Mumbai,Maharashtra,Coastal,2212.09,4.06,0.333,12.2,2,1
Vijayawada,Andhra Pradesh,Krishna,928.72,10.19,0.927,12.0,3,1
Sangli,Maharashtra,Krishna,492.93,4.38,0.249,514.1,2,1
Jodhpur,Rajasthan,Arid,457.69,1.1,0.482,188.1,0,0
Vijayawada,Andhra Pradesh,Krishna,984.55,17.43,0.235,13.4,2,0
Jaipur,Rajasthan,Arid,397.93,2.72,0.101,414.5,1,0
Sambalpur,Odisha,Mahanadi,911.47,7.7,0.367,137.9,3,0
Guwahati,Assam,Brahmaputra,1476.89,14.3,0.95,48.4,9,1
Kolkata,West Bengal,Coastal,1112.77,10.01,0.1,8.0,1,1
Dibrugarh,Assam,Brahmaputra,3487.24,18.36,0.936,103.2,8,1
Dibrugarh,Assam,Brahmaputra,2221.29,20.3,0.278,85.1,2,1
Sambalpur,Odisha,Mahanadi,1654.45,11.5,0.617,144.0,0,0
Rajahmundry,Andhra Pradesh,Godavari,1193.66,10.49,0.541,14.5,5,0
Trichy,Tamil Nadu,Kaveri,644.97,10.12,0.658,63.2,0,0
Patna,Bihar,Ganga,1262.66,10.86,0.578,51.4,2,1
Varanasi,Uttar Pradesh,Ganga,1416.11,8.79,0.552,75.2,0,1
Dibrugarh,Assam,Brahmaputra,3072.31,22.54,0.95,84.1,9,1
Chennai,Tamil Nadu,Coastal,1020.38,4.86,0.57,5.2,3,0
Guwahati,Assam,Brahmaputra,1772.11,20.71,0.782,48.4,2,1
Guwahati,Assam,Brahmaputra,1861.31,13.07,0.898,56.6,2,1
Sangli,Maharashtra,Krishna,933.64,7.35,0.191,604.5,1,0
Patna,Bihar,Ganga,612.1,12.2,0.314,60.2,6,0
Dibrugarh,Assam,Brahmaputra,1328.43,18.49,0.95,96.6,2,1
Trichy,Tamil Nadu,Kaveri,882.56,10.03,0.1,83.4,1,0
Dibrugarh,Assam,Brahmaputra,3202.47,19.09,0.805,87.0,4,1
Kolkata,West Bengal,Coastal,1685.82,8.67,0.504,7.8,1,1
Chennai,Tamil Nadu,Coastal,1219.56,4.12,0.464,6.8,2,0
Majuli,Assam,Brahmaputra,1800.71,16.61,0.928,86.1,5,1
Trichy,Tamil Nadu,Kaveri,761.35,7.56,0.16,85.9,0,0
Majuli,Assam,Brahmaputra,2050.3,23.24,0.626,99.3,2,1
Patna,Bihar,Ganga,1259.06,18.05,0.662,39.7,4,0
Majuli,Assam,Brahmaputra,1650.25,18.67,0.172,87.3,3,1
Kolkata,West Bengal,Coastal,1876.04,11.02,0.429,8.6,3,1
Patna,Bihar,Ganga,973.88,18.59,0.421,48.3,3,1
Majuli,Assam,Brahmaputra,1521.49,14.35,0.95,102.6,1,1
Cuttack,Odisha,Mahanadi,1790.51,10.8,0.939,26.5,2,1
Mysore,Karnataka,Kaveri,846.09,1.38,0.246,660.4,1,0
Jodhpur,Rajasthan,Arid,364.29,1.91,0.581,251.9,1,1
Chennai,Tamil Nadu,Coastal,959.08,6.47,0.95,5.6,1,0
Cuttack,Odisha,Mahanadi,1269.5,15.89,0.95,21.0,1,1
Jaipur,Rajasthan,Arid,578.96,3.14,0.1,480.6,0,0
Chennai,Tamil Nadu,Coastal,825.68,5.04,0.582,6.0,1,0
Rajahmundry,Andhra Pradesh,Godavari,1354.79,5.93,0.924,14.4,6,0
Guwahati,Assam,Brahmaputra,1206.05,5.27,0.95,46.7,3,0
Majuli,Assam,Brahmaputra,2514.66,20.65,0.1,79.0,9,1
Nashik,Maharashtra,Godavari,871.42,7.31,0.888,506.9,2,1
Allahabad,Uttar Pradesh,Ganga,1028.53,9.65,0.927,72.8,2,1
Mumbai,Maharashtra,Coastal,1753.9,4.0,0.637,15.4,2,1
Trichy,Tamil Nadu,Kaveri,597.66,3.95,0.442,88.3,2,1
Nashik,Maharashtra,Godavari,971.41,9.06,0.728,544.5,0,1
Dibrugarh,Assam,Brahmaputra,3418.42,23.93,0.775,96.6,8,1
Chennai,Tamil Nadu,Coastal,1326.67,6.74,0.95,5.8,4,0
Allahabad,Uttar Pradesh,Ganga,473.07,13.02,0.395,90.9,0,0
Patna,Bihar,Ganga,1396.97,19.86,0.828,62.2,6,1
Patna,Bihar,Ganga,1394.31,23.16,0.746,63.0,0,1
Vijayawada,Andhra Pradesh,Krishna,960.42,11.29,0.778,11.4,0,0
Trichy,Tamil Nadu,Kaveri,923.91,10.33,0.117,84.6,0,0
Vijayawada,Andhra Pradesh,Krishna,766.91,9.13,0.139,13.0,2,1
Dibrugarh,Assam,Brahmaputra,3017.97,23.66,0.95,87.2,5,1
Cuttack,Odisha,Mahanadi,1515.04,10.49,0.721,26.0,6,1
Sangli,Maharashtra,Krishna,948.96,4.89,0.1,567.7,1,0
Mysore,Karnataka,Kaveri,518.73,1.36,0.719,702.5,1,0
Rajahmundry,Andhra Pradesh,Godavari,1172.47,10.06,0.316,15.6,0,1
Rajahmundry,Andhra Pradesh,Godavari,1193.24,10.59,0.183,13.2,2,0
Nashik,Maharashtra,Godavari,783.87,10.0,0.1,569.4,4,0
Dibrugarh,Assam,Brahmaputra,3014.38,12.13,0.85,93.6,3,1
Jaipur,Rajasthan,Arid,844.8,4.81,0.934,460.9,0,1
Majuli,Assam,Brahmaputra,2011.89,14.15,0.944,77.3,6,1
Cuttack,Odisha,Mahanadi,1842.79,13.7,0.855,16.4,2,1
Kolkata,West Bengal,Coastal,1934.16,10.79,0.898,7.4,3,1
Jaipur,Rajasthan,Arid,571.39,3.91,0.431,437.0,0,0
Patna,Bihar,Ganga,1383.5,13.45,0.95,61.3,5,0
Rajahmundry,Andhra Pradesh,Godavari,1191.46,7.57,0.124,17.4,0,1
Nashik,Maharashtra,Godavari,762.4,8.51,0.712,563.5,1,0
Vijayawada,Andhra Pradesh,Krishna,963.23,10.44,0.309,9.9,1,0
Sangli,Maharashtra,Krishna,769.48,4.83,0.564,609.9,2,0
Cuttack,Odisha,Mahanadi,1245.87,10.56,0.406,28.8,3,1
Chennai,Tamil Nadu,Coastal,968.51,6.13,0.139,5.5,0,0
Chennai,Tamil Nadu,Coastal,1312.15,7.91,0.1,6.4,2,1
Dibrugarh,Assam,Brahmaputra,3716.28,23.55,0.67,108.0,7,0
Jaipur,Rajasthan,Arid,743.92,2.42,0.95,470.3,3,0
Trichy,Tamil Nadu,Kaveri,1106.05,4.64,0.644,93.3,1,0
Trichy,Tamil Nadu,Kaveri,1275.82,5.39,0.518,78.7,1,0
Majuli,Assam,Brahmaputra,2679.93,9.43,0.921,84.9,5,1
Mysore,Karnataka,Kaveri,949.23,4.34,0.573,882.3,0,0
Jodhpur,Rajasthan,Arid,272.92,3.57,0.1,229.0,0,0
Dibrugarh,Assam,Brahmaputra,2845.56,24.04,0.95,79.2,2,1
Kolkata,West Bengal,Coastal,1864.28,5.56,0.95,6.9,1,1
Rajahmundry,Andhra Pradesh,Godavari,741.17,15.44,0.699,15.7,3,0
Rajahmundry,Andhra Pradesh,Godavari,1180.15,12.66,0.201,16.4,2,1
Allahabad,Uttar Pradesh,Ganga,923.2,13.53,0.77,98.7,2,0
Sangli,Maharashtra,Krishna,855.28,6.79,0.661,553.5,0,0
Jaipur,Rajasthan,Arid,834.15,3.95,0.722,440.2,1,0
Vijayawada,Andhra Pradesh,Krishna,1270.06,1.1,0.169,12.3,1,0
Nashik,Maharashtra,Godavari,1049.13,4.56,0.488,614.9,1,1
Guwahati,Assam,Brahmaputra,1682.11,16.61,0.791,47.3,5,1
Patna,Bihar,Ganga,1060.97,10.09,0.103,50.5,7,0
Mysore,Karnataka,Kaveri,753.62,4.84,0.839,693.1,0,0
Majuli,Assam,Brahmaputra,1784.73,17.38,0.642,82.8,9,1
Trichy,Tamil Nadu,Kaveri,1118.31,9.64,0.172,91.5,1,0
Majuli,Assam,Brahmaputra,1465.66,19.76,0.688,95.4,8,1
Dibrugarh,Assam,Brahmaputra,2720.13,22.86,0.736,93.5,7,1
Mumbai,Maharashtra,Coastal,2790.06,5.21,0.383,14.2,0,1
Chennai,Tamil Nadu,Coastal,1320.75,5.83,0.809,5.5,0,0
Kolkata,West Bengal,Coastal,1317.42,3.57,0.749,8.3,1,0
Vijayawada,Andhra Pradesh,Krishna,840.32,8.9,0.95,11.8,2,1
Mumbai,Maharashtra,Coastal,3060.71,3.76,0.548,12.1,4,1
Jodhpur,Rajasthan,Arid,467.49,2.52,0.371,237.9,0,0
Vijayawada,Andhra Pradesh,Krishna,935.46,14.23,0.814,12.8,2,0
Trichy,Tamil Nadu,Kaveri,650.99,12.33,0.425,78.9,0,0
Dibrugarh,Assam,Brahmaputra,2533.93,22.26,0.498,101.0,4,0
Trichy,Tamil Nadu,Kaveri,676.57,4.01,0.1,69.8,1,1
Kolkata,West Bengal,Coastal,2095.71,3.79,0.461,8.7,2,1
Varanasi,Uttar Pradesh,Ganga,837.16,10.8,0.373,87.0,3,0
Sangli,Maharashtra,Krishna,642.01,4.24,0.196,459.1,0,0
Jodhpur,Rajasthan,Arid,350.76,2.83,0.731,236.3,0,0
Sambalpur,Odisha,Mahanadi,1396.08,8.72,0.1,167.5,0,0
Allahabad,Uttar Pradesh,Ganga,948.13,14.02,0.1,86.0,4,0
Varanasi,Uttar Pradesh,Ganga,659.66,10.16,0.488,88.6,0,1
Varanasi,Uttar Pradesh,Ganga,770.43,14.44,0.233,74.7,1,1
Jodhpur,Rajasthan,Arid,382.57,2.49,0.4,202.9,0,1
Patna,Bihar,Ganga,1434.55,17.57,0.785,47.0,2,1
Mumbai,Maharashtra,Coastal,2400.0,1.61,0.323,13.5,2,1
Nashik,Maharashtra,Godavari,835.77,8.87,0.606,569.2,2,0
Mumbai,Maharashtra,Coastal,1998.78,3.59,0.325,14.4,2,0
Guwahati,Assam,Brahmaputra,2038.46,12.13,0.924,53.3,3,1
Mysore,Karnataka,Kaveri,676.66,6.82,0.22,723.0,2,0
Nashik,Maharashtra,Godavari,868.31,9.48,0.179,449.8,0,0
Sangli,Maharashtra,Krishna,808.43,10.22,0.496,545.1,0,0
Mumbai,Maharashtra,Coastal,2249.23,3.13,0.394,14.2,0,0
Varanasi,Uttar Pradesh,Ganga,982.46,14.47,0.852,76.1,0,1
Kolkata,West Bengal,Coastal,1961.14,12.05,0.872,9.4,1,1
Jaipur,Rajasthan,Arid,610.79,3.27,0.859,330.0,0,0
Sambalpur,Odisha,Mahanadi,1066.6,10.32,0.95,129.4,2,0
Varanasi,Uttar Pradesh,Ganga,1342.92,4.06,0.78,85.7,4,0
Sangli,Maharashtra,Krishna,616.66,7.66,0.348,521.4,0,0
Guwahati,Assam,Brahmaputra,2265.51,12.13,0.95,51.0,5,1
Rajahmundry,Andhra Pradesh,Godavari,306.88,7.72,0.179,13.7,1,1
Mysore,Karnataka,Kaveri,555.92,10.06,0.755,651.9,0,1
Varanasi,Uttar Pradesh,Ganga,1055.32,4.27,0.59,73.4,2,1
Allahabad,Uttar Pradesh,Ganga,811.25,8.21,0.902,96.2,1,1
Allahabad,Uttar Pradesh,Ganga,796.06,5.07,0.747,97.3,2,1
Patna,Bihar,Ganga,839.91,15.24,0.78,59.6,4,1
Varanasi,Uttar Pradesh,Ganga,844.96,16.58,0.938,76.9,3,1
Varanasi,Uttar Pradesh,Ganga,876.96,10.02,0.861,86.8,4,0
Nashik,Maharashtra,Godavari,722.75,7.81,0.244,562.5,1,1
Dibrugarh,Assam,Brahmaputra,3218.24,15.33,0.529,82.6,6,1
Kolkata,West Bengal,Coastal,1985.85,8.77,0.1,7.4,2,0
Dibrugarh,Assam,Brahmaputra,3009.35,9.25,0.589,104.2,1,1
Jaipur,Rajasthan,Arid,643.8,4.7,0.225,413.8,1,0
Nashik,Maharashtra,Godavari,1080.28,2.24,0.297,539.8,0,0
Jaipur,Rajasthan,Arid,447.89,3.0,0.565,412.9,0,0
Mysore,Karnataka,Kaveri,851.1,3.01,0.1,911.6,0,0
Guwahati,Assam,Brahmaputra,1188.82,15.81,0.95,49.6,2,1
Chennai,Tamil Nadu,Coastal,1279.34,6.98,0.783,5.3,0,1
Rajahmundry,Andhra Pradesh,Godavari,1545.11,5.46,0.929,15.2,2,0
Allahabad,Uttar Pradesh,Ganga,949.62,6.29,0.41,81.6,1,0
Patna,Bihar,Ganga,821.73,12.12,0.623,42.5,3,1
Sangli,Maharashtra,Krishna,1042.09,9.08,0.308,564.6,4,1
Allahabad,Uttar Pradesh,Ganga,862.72,9.53,0.412,93.9,1,1
Trichy,Tamil Nadu,Kaveri,987.16,2.75,0.394,72.5,1,0
Allahabad,Uttar Pradesh,Ganga,1003.59,4.12,0.621,75.1,0,0
Varanasi,Uttar Pradesh,Ganga,804.75,12.89,0.313,83.9,2,0
Kolkata,West Bengal,Coastal,1230.59,3.94,0.623,9.0,2,0
Sambalpur,Odisha,Mahanadi,1504.86,6.19,0.44,180.0,1,0
Guwahati,Assam,Brahmaputra,1877.81,2.11,0.733,47.1,1,1
Majuli,Assam,Brahmaputra,3174.65,23.14,0.459,85.2,7,1
Jodhpur,Rajasthan,Arid,452.38,1.2,0.634,242.8,0,0
Patna,Bihar,Ganga,1031.31,13.07,0.95,45.7,3,1
Trichy,Tamil Nadu,Kaveri,907.86,8.47,0.1,65.2,2,0
Cuttack,Odisha,Mahanadi,1250.29,13.01,0.555,22.6,5,1
Mysore,Karnataka,Kaveri,550.68,8.48,0.402,828.0,0,0
Dibrugarh,Assam,Brahmaputra,3167.57,17.32,0.715,101.1,6,1
Sambalpur,Odisha,Mahanadi,1540.65,3.83,0.95,147.0,2,0
Majuli,Assam,Brahmaputra,1779.28,26.83,0.759,93.1,5,1
Mysore,Karnataka,Kaveri,624.13,8.64,0.233,672.8,2,0
Sangli,Maharashtra,Krishna,952.43,9.52,0.138,554.2,2,1
Mysore,Karnataka,Kaveri,551.03,7.4,0.1,645.0,0,0
Patna,Bihar,Ganga,801.54,18.74,0.95,58.8,7,1
Varanasi,Uttar Pradesh,Ganga,995.82,8.91,0.596,82.4,3,1
Chennai,Tamil Nadu,Coastal,1126.83,5.11,0.438,6.8,0,0
Patna,Bihar,Ganga,878.73,16.83,0.375,48.6,5,1
Sambalpur,Odisha,Mahanadi,1579.66,6.72,0.659,132.5,1,1
Sambalpur,Odisha,Mahanadi,1291.86,13.21,0.846,130.3,3,1
Guwahati,Assam,Brahmaputra,2104.43,16.67,0.95,48.5,3,0
Cuttack,Odisha,Mahanadi,1608.91,13.29,0.525,27.1,4,0
Jaipur,Rajasthan,Arid,579.81,3.47,0.279,455.3,1,0
Guwahati,Assam,Brahmaputra,893.53,20.39,0.887,58.7,6,1
Vijayawada,Andhra Pradesh,Krishna,804.67,6.54,0.668,13.3,1,0
Cuttack,Odisha,Mahanadi,1076.17,7.58,0.941,21.1,5,1
Kolkata,West Bengal,Coastal,1230.38,10.78,0.85,9.4,6,1
Trichy,Tamil Nadu,Kaveri,879.8,8.38,0.329,87.1,2,0
Guwahati,Assam,Brahmaputra,1375.25,8.47,0.863,52.2,3,0
Chennai,Tamil Nadu,Coastal,780.51,4.53,0.776,5.9,2,1
Mumbai,Maharashtra,Coastal,2013.78,2.99,0.507,16.0,2,0
Allahabad,Uttar Pradesh,Ganga,1153.01,7.87,0.895,80.0,0,1
Jodhpur,Rajasthan,Arid,336.95,1.17,0.1,262.5,1,0
Majuli,Assam,Brahmaputra,1173.59,18.15,0.95,80.6,5,1
Varanasi,Uttar Pradesh,Ganga,911.11,12.4,0.83,72.3,4,1
Sambalpur,Odisha,Mahanadi,1224.57,10.04,0.95,148.5,2,0
Dibrugarh,Assam,Brahmaputra,3469.3,24.29,0.348,91.2,5,1
Sangli,Maharashtra,Krishna,818.12,5.27,0.351,518.4,0,0
Jodhpur,Rajasthan,Arid,408.76,0.68,0.144,223.0,0,0
Jodhpur,Rajasthan,Arid,276.49,1.6,0.1,266.1,0,0
Cuttack,Odisha,Mahanadi,1175.64,7.43,0.846,20.8,3,1
Chennai,Tamil Nadu,Coastal,1140.42,7.7,0.405,7.3,3,1
Allahabad,Uttar Pradesh,Ganga,1286.01,18.62,0.785,83.4,2,1
Dibrugarh,Assam,Brahmaputra,2738.78,22.06,0.59,90.2,4,1
Majuli,Assam,Brahmaputra,3275.74,16.0,0.322,82.9,6,1
Jodhpur,Rajasthan,Arid,292.17,1.75,0.338,208.6,0,0
Sambalpur,Odisha,Mahanadi,1777.67,14.56,0.1,145.5,4,0
Patna,Bihar,Ganga,965.02,7.03,0.95,55.3,0,1
Mysore,Karnataka,Kaveri,843.93,2.31,0.1,727.9,0,0
Allahabad,Uttar Pradesh,Ganga,787.31,13.26,0.772,95.6,3,0
Varanasi,Uttar Pradesh,Ganga,1224.75,19.31,0.241,72.8,3,1
Varanasi,Uttar Pradesh,Ganga,1158.35,13.15,0.426,70.4,3,1
Mumbai,Maharashtra,Coastal,2309.69,4.71,0.882,15.3,1,1
Jodhpur,Rajasthan,Arid,316.76,1.42,0.1,219.9,0,0
Kolkata,West Bengal,Coastal,1913.61,8.79,0.462,7.4,0,0
Rajahmundry,Andhra Pradesh,Godavari,898.37,12.26,0.651,14.8,1,0
Varanasi,Uttar Pradesh,Ganga,1033.83,23.06,0.635,83.2,2,0
Allahabad,Uttar Pradesh,Ganga,1107.46,7.1,0.95,105.7,2,0
Dibrugarh,Assam,Brahmaputra,3091.94,21.49,0.95,87.6,2,1
Chennai,Tamil Nadu,Coastal,1365.8,6.91,0.255,6.7,1,1
Trichy,Tamil Nadu,Kaveri,798.79,2.76,0.944,88.0,0,0
Patna,Bihar,Ganga,1061.81,13.91,0.888,47.5,1,0
Majuli,Assam,Brahmaputra,1766.8,18.81,0.95,67.8,10,1
Jodhpur,Rajasthan,Arid,405.61,2.38,0.273,196.3,1,0
Mysore,Karnataka,Kaveri,667.05,4.49,0.792,631.3,1,0
Kolkata,West Bengal,Coastal,1472.15,9.29,0.804,7.5,2,1
Jodhpur,Rajasthan,Arid,459.68,1.02,0.1,242.0,0,0
Guwahati,Assam,Brahmaputra,2015.91,13.08,0.448,58.2,5,1
Sangli,Maharashtra,Krishna,749.89,6.81,0.56,572.4,1,1
Mysore,Karnataka,Kaveri,794.64,5.08,0.1,765.1,0,0
Guwahati,Assam,Brahmaputra,1550.43,9.03,0.849,48.5,1,0
Chennai,Tamil Nadu,Coastal,1279.41,6.75,0.745,5.4,3,0
Sambalpur,Odisha,Mahanadi,1212.92,9.97,0.744,137.7,2,0
Sangli,Maharashtra,Krishna,974.39,7.81,0.168,560.4,1,1
Majuli,Assam,Brahmaputra,1748.5,16.3,0.937,97.9,5,1
Rajahmundry,Andhra Pradesh,Godavari,873.25,11.78,0.397,15.4,3,0
Jodhpur,Rajasthan,Arid,528.48,1.81,0.1,197.9,0,0
Chennai,Tamil Nadu,Coastal,1206.57,4.68,0.6,6.6,1,0
Rajahmundry,Andhra Pradesh,Godavari,660.36,14.5,0.927,15.6,3,0
Varanasi,Uttar Pradesh,Ganga,661.6,7.85,0.146,80.8,1,0
Patna,Bihar,Ganga,1427.69,20.6,0.491,51.9,1,1
Mysore,Karnataka,Kaveri,603.76,4.48,0.381,783.6,2,0
Majuli,Assam,Brahmaputra,2391.42,23.93,0.923,123.1,4,1
Patna,Bihar,Ganga,1060.28,17.31,0.718,50.5,3,0
Majuli,Assam,Brahmaputra,2105.14,21.48,0.95,92.0,3,1
Mysore,Karnataka,Kaveri,164.63,3.15,0.1,796.3,0,0
Kolkata,West Bengal,Coastal,1291.71,7.48,0.78,8.4,2,1
Mumbai,Maharashtra,Coastal,1215.06,4.43,0.457,14.7,3,0
Sambalpur,Odisha,Mahanadi,1360.13,9.14,0.67,168.7,2,1
Cuttack,Odisha,Mahanadi,1328.47,11.97,0.782,28.4,4,1
Sambalpur,Odisha,Mahanadi,1839.71,10.59,0.902,162.5,0,0
Jodhpur,Rajasthan,Arid,230.99,2.68,0.36,242.3,0,0
Vijayawada,Andhra Pradesh,Krishna,539.89,15.26,0.811,9.7,1,0
Sangli,Maharashtra,Krishna,556.5,5.72,0.788,611.1,0,0
Sambalpur,Odisha,Mahanadi,1232.81,10.7,0.76,155.2,3,0
Patna,Bihar,Ganga,1073.81,12.99,0.651,58.9,3,1
Mysore,Karnataka,Kaveri,786.2,4.33,0.704,815.1,4,0
Majuli,Assam,Brahmaputra,2661.26,15.65,0.95,73.0,9,1
Patna,Bihar,Ganga,955.26,15.37,0.124,60.4,6,1
Patna,Bihar,Ganga,1252.37,17.49,0.95,48.9,2,0
Chennai,Tamil Nadu,Coastal,1819.05,3.9,0.1,5.5,1,0
Mysore,Karnataka,Kaveri,613.18,8.43,0.297,761.7,1,1
Jodhpur,Rajasthan,Arid,252.03,2.4,0.205,202.7,0,0
Mumbai,Maharashtra,Coastal,2480.31,2.31,0.659,14.1,2,1
Chennai,Tamil Nadu,Coastal,1377.89,3.53,0.855,5.6,2,1
Kolkata,West Bengal,Coastal,1171.44,4.38,0.699,8.1,1,1
Chennai,Tamil Nadu,Coastal,1402.93,4.7,0.482,6.6,2,1
Jaipur,Rajasthan,Arid,655.09,2.57,0.16,440.9,0,0
Patna,Bihar,Ganga,1056.25,9.97,0.64,48.5,3,1
Guwahati,Assam,Brahmaputra,1684.02,18.8,0.419,60.7,5,0
Jaipur,Rajasthan,Arid,529.46,3.43,0.229,408.4,0,0
Dibrugarh,Assam,Brahmaputra,3442.05,19.31,0.858,91.2,3,1
Chennai,Tamil Nadu,Coastal,1804.87,3.16,0.944,7.0,1,0
Cuttack,Odisha,Mahanadi,1217.89,11.85,0.487,22.6,0,0
Vijayawada,Andhra Pradesh,Krishna,684.18,0.5,0.132,11.3,5,1
Majuli,Assam,Brahmaputra,2437.67,21.4,0.631,87.9,6,1
Mysore,Karnataka,Kaveri,879.56,4.5,0.914,868.4,1,0
Patna,Bihar,Ganga,1269.68,15.58,0.877,55.5,4,1
Vijayawada,Andhra Pradesh,Krishna,834.47,1.75,0.251,12.8,5,0
Varanasi,Uttar Pradesh,Ganga,1068.36,8.29,0.95,77.6,4,1
Mumbai,Maharashtra,Coastal,1261.31,6.54,0.116,13.5,2,1
Mumbai,Maharashtra,Coastal,2378.41,4.19,0.527,12.8,1,1
Mysore,Karnataka,Kaveri,880.49,4.84,0.1,707.6,0,0
Chennai,Tamil Nadu,Coastal,1645.16,7.2,0.375,5.4,2,1
Mysore,Karnataka,Kaveri,747.74,5.37,0.401,833.9,0,1
Trichy,Tamil Nadu,Kaveri,908.65,3.05,0.884,84.4,1,0
Rajahmundry,Andhra Pradesh,Godavari,1066.23,11.66,0.576,16.3,2,0
Mysore,Karnataka,Kaveri,565.64,3.66,0.149,721.4,1,0
Jodhpur,Rajasthan,Arid,100.0,1.64,0.1,249.2,0,0
Allahabad,Uttar Pradesh,Ganga,1079.45,14.34,0.828,95.8,0,0
Mysore,Karnataka,Kaveri,821.21,3.82,0.863,810.3,2,1
Rajahmundry,Andhra Pradesh,Godavari,1081.64,16.06,0.853,13.3,3,1
Mumbai,Maharashtra,Coastal,2229.65,3.84,0.582,13.5,1,0
Trichy,Tamil Nadu,Kaveri,857.43,11.97,0.58,84.2,2,1
Mumbai,Maharashtra,Coastal,2848.39,4.33,0.24,15.5,0,1
Varanasi,Uttar Pradesh,Ganga,851.95,6.44,0.1,93.4,0,1
Allahabad,Uttar Pradesh,Ganga,1441.61,16.37,0.1,81.0,0,1
Cuttack,Odisha,Mahanadi,800.15,13.91,0.236,24.0,4,0
Cuttack,Odisha,Mahanadi,1591.71,11.94,0.95,27.4,1,0
Chennai,Tamil Nadu,Coastal,1429.38,5.35,0.419,5.6,0,0
Patna,Bihar,Ganga,1278.32,22.66,0.405,45.3,5,1
Majuli,Assam,Brahmaputra,2675.85,17.5,0.904,96.7,4,1
Mumbai,Maharashtra,Coastal,2869.76,3.57,0.701,14.9,1,0
Cuttack,Odisha,Mahanadi,1479.16,15.08,0.903,21.5,2,1
Cuttack,Odisha,Mahanadi,1909.52,10.88,0.215,26.8,6,1
Patna,Bihar,Ganga,1341.97,14.69,0.531,56.3,5,1
Chennai,Tamil Nadu,Coastal,1109.78,2.9,0.186,6.1,1,0
Cuttack,Odisha,Mahanadi,1602.71,10.42,0.722,26.5,6,1
Mysore,Karnataka,Kaveri,602.6,4.28,0.448,669.5,0,1
Nashik,Maharashtra,Godavari,916.96,11.15,0.532,608.3,1,0
Majuli,Assam,Brahmaputra,1540.27,21.66,0.882,91.7,9,1
Patna,Bihar,Ganga,1356.58,7.33,0.349,57.8,6,1
Patna,Bihar,Ganga,1019.81,12.05,0.829,65.4,2,1
Chennai,Tamil Nadu,Coastal,997.68,4.68,0.706,6.5,1,0
Chennai,Tamil Nadu,Coastal,1301.45,4.95,0.574,7.0,5,0
Trichy,Tamil Nadu,Kaveri,1035.93,10.23,0.423,87.0,1,0
Allahabad,Uttar Pradesh,Ganga,1102.31,17.97,0.441,83.0,3,1
Cuttack,Odisha,Mahanadi,1217.85,13.14,0.1,22.7,2,1
Kolkata,West Bengal,Coastal,1728.07,11.72,0.933,7.7,1,0
Majuli,Assam,Brahmaputra,1893.85,18.8,0.95,94.5,7,1
Nashik,Maharashtra,Godavari,969.23,5.07,0.214,618.9,1,0
Jaipur,Rajasthan,Arid,752.5,3.5,0.243,451.9,0,0
Patna,Bihar,Ganga,1048.96,24.16,0.95,52.5,2,1
Rajahmundry,Andhra Pradesh,Godavari,1029.26,4.32,0.169,13.1,1,0
Mysore,Karnataka,Kaveri,999.9,3.82,0.457,798.5,0,0
Jaipur,Rajasthan,Arid,306.26,2.32,0.512,506.2,0,0
Allahabad,Uttar Pradesh,Ganga,929.27,12.07,0.538,83.7,2,1
Chennai,Tamil Nadu,Coastal,1699.97,5.07,0.1,6.8,0,0
Sambalpur,Odisha,Mahanadi,1336.26,5.88,0.69,154.4,2,1
Sambalpur,Odisha,Mahanadi,1097.64,8.81,0.886,155.4,2,0
Mumbai,Maharashtra,Coastal,2871.51,3.73,0.451,12.4,3,1
Rajahmundry,Andhra Pradesh,Godavari,674.5,10.76,0.771,17.1,2,0
Sambalpur,Odisha,Mahanadi,1711.52,8.63,0.62,172.8,3,0
Varanasi,Uttar Pradesh,Ganga,909.6,17.46,0.446,83.0,3,1
Cuttack,Odisha,Mahanadi,867.33,11.67,0.1,22.6,1,0
Nashik,Maharashtra,Godavari,549.05,2.75,0.95,654.1,3,1
Rajahmundry,Andhra Pradesh,Godavari,1224.59,12.73,0.1,16.0,3,1
Vijayawada,Andhra Pradesh,Krishna,1109.75,7.15,0.925,10.6,2,0
Allahabad,Uttar Pradesh,Ganga,1135.55,14.82,0.1,81.6,1,0
Patna,Bihar,Ganga,1769.04,4.8,0.95,59.2,6,1
Allahabad,Uttar Pradesh,Ganga,1105.49,11.87,0.95,71.8,0,0
Mumbai,Maharashtra,Coastal,2117.3,3.17,0.788,13.6,1,0
Trichy,Tamil Nadu,Kaveri,1246.87,6.36,0.747,74.2,1,0
Nashik,Maharashtra,Godavari,919.05,7.65,0.9,567.7,0,1
Chennai,Tamil Nadu,Coastal,1212.69,4.26,0.95,5.8,1,0
Kolkata,West Bengal,Coastal,1775.17,7.96,0.524,7.7,1,1
Rajahmundry,Andhra Pradesh,Godavari,1331.12,8.41,0.348,13.7,0,1
Allahabad,Uttar Pradesh,Ganga,1000.49,12.33,0.103,64.9,2,1
Majuli,Assam,Brahmaputra,2272.53,12.36,0.891,90.7,5,1
Sambalpur,Odisha,Mahanadi,1311.21,9.95,0.804,130.9,2,1
Trichy,Tamil Nadu,Kaveri,879.38,9.3,0.1,81.1,0,0
Rajahmundry,Andhra Pradesh,Godavari,827.09,7.04,0.877,14.1,4,1
Sambalpur,Odisha,Mahanadi,1418.26,15.17,0.91,145.9,4,1
Mumbai,Maharashtra,Coastal,1783.67,4.55,0.481,15.8,1,0
Sambalpur,Odisha,Mahanadi,1584.56,11.16,0.853,169.6,7,0
Patna,Bihar,Ganga,1421.54,14.9,0.95,59.4,3,1
Majuli,Assam,Brahmaputra,2154.14,25.36,0.727,80.3,5,1
Nashik,Maharashtra,Godavari,692.13,10.65,0.664,637.2,1,0
Vijayawada,Andhra Pradesh,Krishna,944.22,9.65,0.102,9.8,2,1
Trichy,Tamil Nadu,Kaveri,793.15,6.02,0.306,70.7,1,0
Cuttack,Odisha,Mahanadi,1650.1,11.46,0.433,24.8,3,0
Patna,Bihar,Ganga,414.08,17.06,0.376,52.9,1,0
Kolkata,West Bengal,Coastal,1902.81,7.37,0.872,6.8,3,1
Jodhpur,Rajasthan,Arid,313.18,0.97,0.679,259.8,2,0
Cuttack,Odisha,Mahanadi,981.38,11.52,0.828,24.4,2,1
Trichy,Tamil Nadu,Kaveri,1190.24,12.27,0.289,88.0,0,0
Nashik,Maharashtra,Godavari,585.45,8.2,0.534,581.6,0,0
Varanasi,Uttar Pradesh,Ganga,955.74,16.72,0.796,87.6,1,1
Chennai,Tamil Nadu,Coastal,1677.12,7.06,0.95,6.5,2,0
Nashik,Maharashtra,Godavari,836.62,5.63,0.672,637.0,1,0
Sangli,Maharashtra,Krishna,869.63,6.59,0.928,432.5,2,1
Trichy,Tamil Nadu,Kaveri,591.18,13.14,0.609,69.3,0,0
Guwahati,Assam,Brahmaputra,2341.64,16.25,0.508,70.4,4,1
Rajahmundry,Andhra Pradesh,Godavari,1226.07,10.51,0.837,14.8,3,1
Jodhpur,Rajasthan,Arid,343.97,1.95,0.232,234.9,3,0
Mysore,Karnataka,Kaveri,969.73,2.01,0.134,817.6,0,0
Guwahati,Assam,Brahmaputra,2361.07,9.79,0.1,57.9,5,1
Patna,Bihar,Ganga,592.46,19.63,0.659,60.6,4,1
Sangli,Maharashtra,Krishna,892.07,8.61,0.204,584.2,0,0
Varanasi,Uttar Pradesh,Ganga,1245.02,13.27,0.6,80.5,4,0
Sangli,Maharashtra,Krishna,398.31,8.58,0.114,611.2,1,0
Trichy,Tamil Nadu,Kaveri,911.96,6.96,0.224,71.9,3,0
Trichy,Tamil Nadu,Kaveri,1315.01,6.23,0.1,75.7,4,1
Cuttack,Odisha,Mahanadi,1766.54,14.01,0.216,20.6,1,1
Allahabad,Uttar Pradesh,Ganga,1093.66,11.41,0.528,74.1,4,1
Jaipur,Rajasthan,Arid,581.6,2.32,0.123,475.9,2,0
Jodhpur,Rajasthan,Arid,285.52,1.69,0.348,223.1,1,0
Nashik,Maharashtra,Godavari,980.29,9.89,0.924,540.4,0,1
Cuttack,Odisha,Mahanadi,1620.83,5.04,0.372,25.4,4,0
Trichy,Tamil Nadu,Kaveri,1107.79,4.46,0.1,74.5,2,1
Cuttack,Odisha,Mahanadi,1736.92,7.8,0.155,24.8,3,1
Allahabad,Uttar Pradesh,Ganga,1065.88,13.35,0.911,105.6,2,1
Guwahati,Assam,Brahmaputra,1373.77,12.78,0.825,57.1,1,1
Majuli,Assam,Brahmaputra,2059.92,20.01,0.95,99.2,4,1
Jaipur,Rajasthan,Arid,573.98,2.89,0.252,409.2,1,1
Jaipur,Rajasthan,Arid,540.81,1.41,0.226,443.4,0,0
Kolkata,West Bengal,Coastal,1510.21,9.15,0.95,7.6,2,1
Nashik,Maharashtra,Godavari,1091.61,9.3,0.515,625.1,2,1
Sambalpur,Odisha,Mahanadi,936.23,8.88,0.143,162.7,0,1
Jodhpur,Rajasthan,Arid,304.23,1.53,0.26,229.7,0,0
Trichy,Tamil Nadu,Kaveri,570.98,6.41,0.218,72.5,0,1
Dibrugarh,Assam,Brahmaputra,2310.87,18.92,0.543,102.1,3,1
Jaipur,Rajasthan,Arid,619.58,3.6,0.764,482.2,2,0
Guwahati,Assam,Brahmaputra,2315.04,11.94,0.71,48.7,4,1
Dibrugarh,Assam,Brahmaputra,2713.06,16.17,0.361,114.6,6,1
Jodhpur,Rajasthan,Arid,423.09,1.96,0.732,235.2,0,0
Vijayawada,Andhra Pradesh,Krishna,1015.42,10.11,0.1,12.3,1,1
Majuli,Assam,Brahmaputra,3132.01,11.64,0.808,91.3,5,1
Jaipur,Rajasthan,Arid,510.95,2.29,0.249,451.2,1,0
Trichy,Tamil Nadu,Kaveri,799.11,8.26,0.199,78.1,1,0
Mumbai,Maharashtra,Coastal,3167.13,3.82,0.662,12.5,1,1
Allahabad,Uttar Pradesh,Ganga,1205.03,15.03,0.914,95.7,2,1
Jaipur,Rajasthan,Arid,422.05,2.87,0.693,474.4,1,0
Sambalpur,Odisha,Mahanadi,974.86,10.78,0.714,104.6,1,1
Allahabad,Uttar Pradesh,Ganga,943.87,11.24,0.465,104.8,5,0
Mysore,Karnataka,Kaveri,522.76,3.86,0.316,879.3,0,0
Nashik,Maharashtra,Godavari,730.68,7.63,0.898,576.8,0,1
Mumbai,Maharashtra,Coastal,838.61,6.38,0.715,10.5,0,0
Cuttack,Odisha,Mahanadi,1437.01,17.57,0.603,26.4,5,1
Chennai,Tamil Nadu,Coastal,1325.17,2.26,0.53,5.2,1,0
Varanasi,Uttar Pradesh,Ganga,1136.1,8.92,0.54,90.5,2,0
Patna,Bihar,Ganga,1307.13,16.16,0.376,57.2,5,1
Jodhpur,Rajasthan,Arid,385.74,1.56,0.917,214.2,1,0
Guwahati,Assam,Brahmaputra,2001.08,5.3,0.913,49.9,3,0
Jaipur,Rajasthan,Arid,662.05,3.68,0.1,365.8,0,0
Dibrugarh,Assam,Brahmaputra,3024.72,20.5,0.245,91.3,3,1
Mysore,Karnataka,Kaveri,794.76,6.59,0.31,848.0,0,0
Kolkata,West Bengal,Coastal,1745.1,12.58,0.1,7.5,5,1
Jodhpur,Rajasthan,Arid,379.19,3.03,0.1,227.6,0,0
Sambalpur,Odisha,Mahanadi,1868.29,18.05,0.774,145.9,2,1
Vijayawada,Andhra Pradesh,Krishna,753.08,5.33,0.819,12.2,3,0
Mumbai,Maharashtra,Coastal,1998.15,4.22,0.774,14.8,1,0
Allahabad,Uttar Pradesh,Ganga,1044.95,11.63,0.824,93.6,2,0
Varanasi,Uttar Pradesh,Ganga,1256.19,15.61,0.725,62.3,3,1
Nashik,Maharashtra,Godavari,1136.13,5.75,0.92,452.0,2,1
Nashik,Maharashtra,Godavari,835.0,6.6,0.95,645.6,2,0
Dibrugarh,Assam,Brahmaputra,1859.86,19.39,0.655,89.8,3,1
Dibrugarh,Assam,Brahmaputra,3092.51,12.98,0.518,78.9,5,1
Jaipur,Rajasthan,Arid,424.96,1.83,0.1,411.2,0,0
Dibrugarh,Assam,Brahmaputra,2689.64,17.81,0.95,109.1,1,1
Sangli,Maharashtra,Krishna,755.96,7.75,0.247,639.9,2,1
Patna,Bihar,Ganga,942.85,18.35,0.7,53.9,1,1
Patna,Bihar,Ganga,1489.01,20.29,0.724,62.5,4,1
Majuli,Assam,Brahmaputra,2250.75,15.36,0.878,76.7,4,1
Varanasi,Uttar Pradesh,Ganga,1392.6,13.38,0.719,95.6,1,1
Sangli,Maharashtra,Krishna,494.0,4.66,0.477,669.9,1,0
Chennai,Tamil Nadu,Coastal,1288.54,4.99,0.152,6.7,3,1
Jodhpur,Rajasthan,Arid,365.17,2.51,0.24,177.1,0,0
Guwahati,Assam,Brahmaputra,1909.95,22.35,0.36,56.8,6,1
Sambalpur,Odisha,Mahanadi,1569.21,5.51,0.95,147.6,1,1
Guwahati,Assam,Brahmaputra,2625.89,15.53,0.95,60.0,2,1
Jaipur,Rajasthan,Arid,556.11,3.46,0.438,479.0,1,0
Chennai,Tamil Nadu,Coastal,1497.83,4.25,0.1,7.6,1,0
Mysore,Karnataka,Kaveri,733.56,7.26,0.652,810.5,0,1
Guwahati,Assam,Brahmaputra,1476.46,5.33,0.578,58.7,3,1
Chennai,Tamil Nadu,Coastal,1732.24,6.98,0.455,8.1,0,1
Jaipur,Rajasthan,Arid,509.7,2.54,0.1,421.1,1,0
Mysore,Karnataka,Kaveri,640.36,7.18,0.266,696.3,0,0
Jaipur,Rajasthan,Arid,467.48,2.76,0.164,452.8,0,0
Chennai,Tamil Nadu,Coastal,1391.05,5.16,0.405,6.4,2,0
Trichy,Tamil Nadu,Kaveri,1142.92,4.98,0.16,89.8,0,0
Trichy,Tamil Nadu,Kaveri,715.9,3.55,0.725,73.6,3,0
Jaipur,Rajasthan,Arid,492.13,2.97,0.1,428.3,0,0
Sambalpur,Odisha,Mahanadi,1405.87,6.49,0.889,149.4,1,1
Varanasi,Uttar Pradesh,Ganga,1568.91,10.19,0.255,64.4,3,1
Rajahmundry,Andhra Pradesh,Godavari,478.75,12.63,0.508,16.8,4,1
Sangli,Maharashtra,Krishna,620.33,6.27,0.829,536.7,0,0
Nashik,Maharashtra,Godavari,1069.88,4.73,0.95,600.8,2,0
Nashik,Maharashtra,Godavari,825.41,11.41,0.286,716.2,1,1
Nashik,Maharashtra,Godavari,1100.92,6.57,0.365,592.3,2,1
Jaipur,Rajasthan,Arid,634.51,3.02,0.652,373.0,0,0
Varanasi,Uttar Pradesh,Ganga,1309.59,4.7,0.816,73.0,2,1
Dibrugarh,Assam,Brahmaputra,2432.92,26.11,0.95,77.7,2,0
Sambalpur,Odisha,Mahanadi,1696.45,12.58,0.124,124.3,1,1
Jaipur,Rajasthan,Arid,554.78,5.39,0.1,402.8,1,0
Mysore,Karnataka,Kaveri,849.24,5.87,0.95,704.3,1,0
Guwahati,Assam,Brahmaputra,1803.24,11.12,0.95,48.2,6,1
Mumbai,Maharashtra,Coastal,2310.52,2.03,0.1,12.2,3,1
Mysore,Karnataka,Kaveri,824.87,5.95,0.1,835.8,0,0
Jodhpur,Rajasthan,Arid,205.33,1.1,0.324,223.1,0,0
Vijayawada,Andhra Pradesh,Krishna,685.75,8.09,0.182,11.2,4,0
Mysore,Karnataka,Kaveri,699.48,5.98,0.642,784.0,0,0
Vijayawada,Andhra Pradesh,Krishna,1002.01,7.81,0.477,11.7,4,0
Nashik,Maharashtra,Godavari,1085.56,5.15,0.537,589.9,2,0
Majuli,Assam,Brahmaputra,1787.88,18.92,0.95,82.0,3,0
Allahabad,Uttar Pradesh,Ganga,1380.16,14.84,0.395,90.8,3,1
Dibrugarh,Assam,Brahmaputra,3353.39,12.51,0.95,83.7,3,1
Kolkata,West Bengal,Coastal,2177.21,7.61,0.95,9.4,4,1
Kolkata,West Bengal,Coastal,1698.97,5.06,0.95,8.4,2,1
Patna,Bihar,Ganga,1509.3,16.62,0.701,53.3,2,0
Sambalpur,Odisha,Mahanadi,1310.71,9.93,0.338,145.3,1,0
Trichy,Tamil Nadu,Kaveri,758.21,7.02,0.527,63.2,1,1
Nashik,Maharashtra,Godavari,907.53,8.44,0.1,583.4,1,0
Kolkata,West Bengal,Coastal,1244.59,9.14,0.178,8.0,3,1
Jaipur,Rajasthan,Arid,712.44,3.34,0.179,452.0,2,0
Dibrugarh,Assam,Brahmaputra,3513.66,14.19,0.389,109.5,3,1
Rajahmundry,Andhra Pradesh,Godavari,1660.37,13.54,0.585,16.0,1,1
Trichy,Tamil Nadu,Kaveri,826.41,6.26,0.623,64.5,2,1
Vijayawada,Andhra Pradesh,Krishna,1138.77,7.19,0.158,10.6,2,0
Guwahati,Assam,Brahmaputra,1722.61,17.67,0.636,65.0,5,1
Dibrugarh,Assam,Brahmaputra,3787.04,24.98,0.85,98.4,7,1
Sangli,Maharashtra,Krishna,850.68,9.14,0.856,617.0,0,0
Patna,Bihar,Ganga,826.28,9.82,0.716,48.5,4,0
Sambalpur,Odisha,Mahanadi,1685.01,6.14,0.65,161.8,4,1
Trichy,Tamil Nadu,Kaveri,804.1,6.69,0.914,65.7,0,1
Majuli,Assam,Brahmaputra,2183.39,18.75,0.95,104.0,5,1
Cuttack,Odisha,Mahanadi,1705.97,13.62,0.1,25.6,3,1
Allahabad,Uttar Pradesh,Ganga,917.34,20.25,0.161,88.0,1,1
Jaipur,Rajasthan,Arid,551.76,1.83,0.218,407.0,0,1
Sambalpur,Odisha,Mahanadi,1463.01,12.23,0.943,160.3,1,1
Mysore,Karnataka,Kaveri,653.78,5.6,0.1,731.3,2,0
Trichy,Tamil Nadu,Kaveri,754.32,7.96,0.541,78.0,1,1
Varanasi,Uttar Pradesh,Ganga,1355.31,18.27,0.835,85.2,4,0
Jodhpur,Rajasthan,Arid,248.36,1.58,0.1,215.9,0,0
Varanasi,Uttar Pradesh,Ganga,1335.96,16.33,0.5,82.8,4,0
Mumbai,Maharashtra,Coastal,2511.25,3.68,0.95,14.0,1,0
Vijayawada,Andhra Pradesh,Krishna,882.64,11.67,0.879,11.9,2,0
Cuttack,Odisha,Mahanadi,777.02,10.74,0.124,25.9,1,0
Nashik,Maharashtra,Godavari,763.6,12.0,0.1,521.8,1,1
Trichy,Tamil Nadu,Kaveri,1374.91,10.78,0.7,92.7,1,0
Allahabad,Uttar Pradesh,Ganga,976.06,11.7,0.256,96.8,1,1
Dibrugarh,Assam,Brahmaputra,2540.68,11.9,0.937,89.9,8,1
Mumbai,Maharashtra,Coastal,2167.08,4.03,0.95,13.8,3,1
Mumbai,Maharashtra,Coastal,1638.53,4.01,0.27,14.5,2,0
Vijayawada,Andhra Pradesh,Krishna,1295.14,10.92,0.95,12.7,0,1
Dibrugarh,Assam,Brahmaputra,2706.39,22.26,0.774,98.5,4,1
Trichy,Tamil Nadu,Kaveri,590.89,6.23,0.576,84.4,2,0
Rajahmundry,Andhra Pradesh,Godavari,931.3,10.33,0.461,15.2,2,0
Jaipur,Rajasthan,Arid,473.06,3.09,0.1,421.3,0,0
Varanasi,Uttar Pradesh,Ganga,1052.47,10.42,0.1,82.1,1,1
Sangli,Maharashtra,Krishna,636.29,8.31,0.808,549.9,0,1
Majuli,Assam,Brahmaputra,1935.09,10.63,0.95,88.9,6,1
Rajahmundry,Andhra Pradesh,Godavari,758.92,11.88,0.21,16.1,2,0
Guwahati,Assam,Brahmaputra,2017.36,11.37,0.862,43.6,3,1
Sangli,Maharashtra,Krishna,573.15,4.39,0.776,584.3,1,1
Varanasi,Uttar Pradesh,Ganga,773.9,8.77,0.856,62.2,4,0
Kolkata,West Bengal,Coastal,1757.91,8.16,0.814,9.0,2,0
Patna,Bihar,Ganga,803.86,9.38,0.95,53.0,6,1
Allahabad,Uttar Pradesh,Ganga,1066.81,11.84,0.301,80.7,1,0
Mysore,Karnataka,Kaveri,670.82,7.81,0.226,764.5,2,0
Guwahati,Assam,Brahmaputra,1867.43,19.72,0.142,52.0,2,1
Dibrugarh,Assam,Brahmaputra,2282.02,19.72,0.95,95.9,5,1
Dibrugarh,Assam,Brahmaputra,2989.02,19.99,0.524,66.3,6,1
Jaipur,Rajasthan,Arid,827.33,2.67,0.1,427.9,0,0
Majuli,Assam,Brahmaputra,1684.42,9.71,0.591,82.5,5,1
Chennai,Tamil Nadu,Coastal,750.91,7.4,0.366,5.8,2,0
Vijayawada,Andhra Pradesh,Krishna,944.97,12.95,0.829,10.7,1,0
Cuttack,Odisha,Mahanadi,1550.15,9.98,0.1,25.9,0,1
Allahabad,Uttar Pradesh,Ganga,870.51,11.09,0.1,96.5,1,0
Dibrugarh,Assam,Brahmaputra,4000.0,17.13,0.117,94.8,3,1
Patna,Bihar,Ganga,868.1,20.79,0.7,59.2,6,1
Varanasi,Uttar Pradesh,Ganga,913.44,8.54,0.389,88.0,2,1
Vijayawada,Andhra Pradesh,Krishna,1092.08,10.94,0.809,12.9,1,1
Jaipur,Rajasthan,Arid,520.23,3.8,0.549,436.0,1,0
Nashik,Maharashtra,Godavari,1244.34,5.45,0.223,583.5,0,0
Mysore,Karnataka,Kaveri,868.91,8.2,0.1,749.2,0,1
Jodhpur,Rajasthan,Arid,387.61,1.92,0.425,211.0,1,0
Guwahati,Assam,Brahmaputra,1148.72,14.13,0.95,58.2,1,1
Nashik,Maharashtra,Godavari,1142.5,4.53,0.949,611.3,2,0
Patna,Bihar,Ganga,1036.69,16.4,0.311,53.4,3,1
Jodhpur,Rajasthan,Arid,366.33,1.56,0.595,196.9,0,0
Chennai,Tamil Nadu,Coastal,1574.92,3.89,0.695,5.8,1,0
Chennai,Tamil Nadu,Coastal,1876.91,5.19,0.259,6.4,2,0
Allahabad,Uttar Pradesh,Ganga,595.61,9.73,0.928,83.7,3,0
Dibrugarh,Assam,Brahmaputra,2826.95,30.0,0.934,79.9,2,1
Jodhpur,Rajasthan,Arid,268.53,2.4,0.1,217.8,0,0
Dibrugarh,Assam,Brahmaputra,2600.09,18.02,0.845,90.9,7,1
Cuttack,Odisha,Mahanadi,1784.66,7.93,0.386,25.1,4,0
Mysore,Karnataka,Kaveri,592.95,4.42,0.219,657.1,3,0
Sangli,Maharashtra,Krishna,781.75,8.19,0.801,695.0,0,0
Jaipur,Rajasthan,Arid,672.27,3.65,0.1,434.4,0,0
Jodhpur,Rajasthan,Arid,339.01,1.59,0.277,229.3,0,0
Chennai,Tamil Nadu,Coastal,1912.27,4.95,0.128,6.6,0,0
Jaipur,Rajasthan,Arid,572.33,0.5,0.1,488.0,0,0
Varanasi,Uttar Pradesh,Ganga,695.89,16.66,0.848,84.1,5,1
Kolkata,West Bengal,Coastal,1017.37,14.18,0.903,7.7,5,1
Mumbai,Maharashtra,Coastal,1676.14,5.27,0.279,14.1,4,0
Jaipur,Rajasthan,Arid,756.55,1.72,0.686,383.8,1,1
Allahabad,Uttar Pradesh,Ganga,842.61,10.62,0.608,94.7,2,0
Vijayawada,Andhra Pradesh,Krishna,1264.5,7.62,0.673,13.5,2,0
Jaipur,Rajasthan,Arid,644.76,2.94,0.156,434.8,1,0
Kolkata,West Bengal,Coastal,2045.23,2.63,0.638,8.3,3,1
Dibrugarh,Assam,Brahmaputra,2125.2,14.4,0.712,100.3,4,1
Kolkata,West Bengal,Coastal,1459.42,5.47,0.531,7.8,0,1
Jaipur,Rajasthan,Arid,535.33,2.22,0.1,423.1,0,0
Vijayawada,Andhra Pradesh,Krishna,1112.88,9.79,0.794,12.8,2,0
Mysore,Karnataka,Kaveri,811.15,6.21,0.442,585.6,1,0
Patna,Bihar,Ganga,1368.24,13.9,0.869,56.5,5,1
Trichy,Tamil Nadu,Kaveri,655.47,8.07,0.111,77.1,1,0
Majuli,Assam,Brahmaputra,2506.08,8.99,0.888,81.5,5,1
Sambalpur,Odisha,Mahanadi,1314.27,12.91,0.95,148.5,1,0
Mysore,Karnataka,Kaveri,392.55,8.22,0.1,641.0,0,0
Cuttack,Odisha,Mahanadi,651.02,13.63,0.95,24.9,4,0
Chennai,Tamil Nadu,Coastal,782.65,6.49,0.866,6.5,0,0
Nashik,Maharashtra,Godavari,917.09,5.15,0.743,659.7,0,0
Mumbai,Maharashtra,Coastal,2162.54,5.56,0.91,14.5,2,1
Cuttack,Odisha,Mahanadi,1518.77,9.09,0.397,25.6,1,0
Sambalpur,Odisha,Mahanadi,1379.68,6.33,0.609,125.0,3,0
Guwahati,Assam,Brahmaputra,1184.25,19.71,0.598,62.6,4,1
Rajahmundry,Andhra Pradesh,Godavari,988.71,10.55,0.653,17.4,2,0
Trichy,Tamil Nadu,Kaveri,787.43,6.02,0.518,89.2,2,1
Mysore,Karnataka,Kaveri,543.86,6.98,0.251,788.5,0,0
Cuttack,Odisha,Mahanadi,1919.03,13.4,0.866,27.2,2,1
Rajahmundry,Andhra Pradesh,Godavari,1363.53,10.81,0.229,13.3,0,1
Kolkata,West Bengal,Coastal,967.52,5.08,0.929,7.4,0,1
Trichy,Tamil Nadu,Kaveri,1277.68,3.08,0.95,69.1,1,1
Trichy,Tamil Nadu,Kaveri,563.87,10.17,0.1,85.0,0,0
Mysore,Karnataka,Kaveri,869.88,7.62,0.133,668.1,0,0
Mysore,Karnataka,Kaveri,726.31,5.15,0.915,621.7,0,0
Allahabad,Uttar Pradesh,Ganga,1060.7,5.68,0.937,100.6,1,0
Sambalpur,Odisha,Mahanadi,1388.57,6.39,0.304,178.7,2,0
Jaipur,Rajasthan,Arid,771.65,1.18,0.232,463.9,0,0
Patna,Bihar,Ganga,902.84,10.51,0.773,50.4,3,1
Kolkata,West Bengal,Coastal,2056.17,4.25,0.865,6.7,4,1
Sambalpur,Odisha,Mahanadi,1206.73,11.15,0.565,143.7,1,0
Mysore,Karnataka,Kaveri,855.09,7.36,0.218,792.8,2,0
Cuttack,Odisha,Mahanadi,1235.9,12.58,0.884,25.6,1,1
Dibrugarh,Assam,Brahmaputra,2345.75,17.77,0.1,87.2,3,1
Rajahmundry,Andhra Pradesh,Godavari,1148.03,10.09,0.1,14.4,3,0
Dibrugarh,Assam,Brahmaputra,3895.21,15.89,0.943,71.5,10,1
Trichy,Tamil Nadu,Kaveri,982.15,12.8,0.1,70.2,0,1
Jodhpur,Rajasthan,Arid,315.11,2.74,0.612,222.1,0,0
Vijayawada,Andhra Pradesh,Krishna,947.4,5.51,0.904,11.5,1,1
Jaipur,Rajasthan,Arid,891.5,3.53,0.612,435.1,0,0
Sangli,Maharashtra,Krishna,524.67,7.77,0.481,528.3,0,0
Varanasi,Uttar Pradesh,Ganga,1252.47,19.8,0.194,89.2,4,1
Vijayawada,Andhra Pradesh,Krishna,1035.18,9.52,0.803,10.7,0,1
Varanasi,Uttar Pradesh,Ganga,840.97,10.86,0.86,85.6,0,1
Dibrugarh,Assam,Brahmaputra,2793.01,27.78,0.858,88.1,7,1
Trichy,Tamil Nadu,Kaveri,945.41,6.67,0.1,70.6,1,0
Chennai,Tamil Nadu,Coastal,975.3,4.4,0.397,5.3,1,0
Jodhpur,Rajasthan,Arid,548.1,3.28,0.51,227.6,1,0
Trichy,Tamil Nadu,Kaveri,737.8,4.88,0.894,79.4,1,1
Chennai,Tamil Nadu,Coastal,1936.1,2.15,0.95,5.9,0,1
Vijayawada,Andhra Pradesh,Krishna,587.9,4.96,0.492,11.3,3,0
Rajahmundry,Andhra Pradesh,Godavari,1071.73,11.19,0.133,13.1,1,0
Dibrugarh,Assam,Brahmaputra,2559.71,20.11,0.927,88.2,7,1
Jodhpur,Rajasthan,Arid,411.63,1.94,0.39,245.5,0,0
Cuttack,Odisha,Mahanadi,981.86,10.6,0.95,26.2,1,1
Patna,Bihar,Ganga,1082.37,16.61,0.843,54.9,5,1
Kolkata,West Bengal,Coastal,1325.75,10.43,0.794,8.4,0,1
Cuttack,Odisha,Mahanadi,1182.24,11.1,0.811,25.2,1,1
Sangli,Maharashtra,Krishna,694.42,6.83,0.791,602.8,0,0
Chennai,Tamil Nadu,Coastal,921.95,5.8,0.881,5.4,1,1
Mumbai,Maharashtra,Coastal,2290.43,4.53,0.789,14.0,1,1
Trichy,Tamil Nadu,Kaveri,1231.59,7.29,0.633,81.5,0,0
Cuttack,Odisha,Mahanadi,1139.49,8.39,0.4,28.1,1,1
Sambalpur,Odisha,Mahanadi,1178.19,9.76,0.371,130.5,1,1
Nashik,Maharashtra,Godavari,606.93,4.58,0.275,577.3,0,0
Nashik,Maharashtra,Godavari,873.51,8.05,0.529,654.1,0,0
Cuttack,Odisha,Mahanadi,1187.35,13.48,0.272,24.1,3,1
Vijayawada,Andhra Pradesh,Krishna,1018.77,3.24,0.766,12.7,3,0
Vijayawada,Andhra Pradesh,Krishna,789.73,5.77,0.214,15.1,0,1
Dibrugarh,Assam,Brahmaputra,2934.41,15.03,0.253,96.2,10,1
Sambalpur,Odisha,Mahanadi,1217.97,10.34,0.143,137.3,1,0
Guwahati,Assam,Brahmaputra,2407.68,12.53,0.684,52.4,4,1
Sangli,Maharashtra,Krishna,441.27,3.24,0.447,525.9,3,0
Vijayawada,Andhra Pradesh,Krishna,1395.96,2.76,0.229,12.9,2,0
Varanasi,Uttar Pradesh,Ganga,1016.3,8.83,0.886,79.4,3,1
Dibrugarh,Assam,Brahmaputra,1875.87,12.07,0.419,99.3,7,1
Guwahati,Assam,Brahmaputra,1533.67,14.04,0.95,53.2,3,0
Varanasi,Uttar Pradesh,Ganga,1377.0,7.0,0.6,70.2,0,0
Nashik,Maharashtra,Godavari,746.82,6.8,0.785,633.5,2,0
Guwahati,Assam,Brahmaputra,1483.0,20.1,0.826,55.6,5,1
Sangli,Maharashtra,Krishna,779.25,4.59,0.107,615.6,0,0
Jodhpur,Rajasthan,Arid,132.76,1.66,0.123,217.4,0,1
Nashik,Maharashtra,Godavari,885.03,7.65,0.789,687.5,1,0
Sambalpur,Odisha,Mahanadi,1157.78,9.15,0.773,161.9,1,1
Chennai,Tamil Nadu,Coastal,1376.92,6.62,0.731,4.9,1,0
Vijayawada,Andhra Pradesh,Krishna,917.58,10.97,0.68,14.4,1,0
Kolkata,West Bengal,Coastal,2135.2,7.06,0.191,7.9,1,0
Nashik,Maharashtra,Godavari,931.18,8.33,0.801,505.0,1,0
Chennai,Tamil Nadu,Coastal,1395.9,3.63,0.723,7.6,3,1
Sambalpur,Odisha,Mahanadi,1384.7,3.89,0.919,149.2,1,0
Guwahati,Assam,Brahmaputra,1804.65,12.87,0.95,61.1,4,1
Vijayawada,Andhra Pradesh,Krishna,1170.75,11.56,0.516,11.3,1,0
Cuttack,Odisha,Mahanadi,1642.28,16.74,0.723,26.9,4,0
Dibrugarh,Assam,Brahmaputra,2560.02,3.87,0.917,84.1,4,1
Vijayawada,Andhra Pradesh,Krishna,995.12,10.55,0.378,11.2,0,1
Kolkata,West Bengal,Coastal,1517.08,9.16,0.95,8.2,0,1
Mysore,Karnataka,Kaveri,668.1,4.8,0.565,715.9,0,0
Majuli,Assam,Brahmaputra,2693.95,15.11,0.929,83.8,10,1
Nashik,Maharashtra,Godavari,955.95,12.41,0.164,596.8,1,1
Vijayawada,Andhra Pradesh,Krishna,1112.58,15.23,0.485,9.4,6,1
Sangli,Maharashtra,Krishna,725.98,10.44,0.668,603.7,1,0
Vijayawada,Andhra Pradesh,Krishna,631.27,10.13,0.229,10.5,1,0
Guwahati,Assam,Brahmaputra,2074.27,8.41,0.95,56.9,6,1
Jodhpur,Rajasthan,Arid,304.65,1.96,0.1,198.7,1,0
Sangli,Maharashtra,Krishna,820.43,6.54,0.728,546.6,0,0
Patna,Bihar,Ganga,1110.3,16.22,0.95,60.0,3,1
Sambalpur,Odisha,Mahanadi,1263.12,9.08,0.341,120.6,1,1
Guwahati,Assam,Brahmaputra,2163.98,9.09,0.527,53.3,2,1
Mumbai,Maharashtra,Coastal,1261.27,3.76,0.859,15.1,4,1
Dibrugarh,Assam,Brahmaputra,2948.58,19.13,0.95,91.1,3,1
Kolkata,West Bengal,Coastal,1701.64,6.74,0.1,8.7,2,1
Jodhpur,Rajasthan,Arid,318.44,0.79,0.493,186.7,0,0
Sambalpur,Odisha,Mahanadi,1578.96,11.4,0.133,136.9,2,0
Trichy,Tamil Nadu,Kaveri,983.23,6.04,0.531,74.1,2,1
Sangli,Maharashtra,Krishna,887.82,6.25,0.255,607.1,1,0
Jodhpur,Rajasthan,Arid,408.44,2.05,0.436,232.8,0,0
Cuttack,Odisha,Mahanadi,1955.86,13.7,0.12,24.0,2,1
Mysore,Karnataka,Kaveri,650.11,3.99,0.294,823.4,1,0
Varanasi,Uttar Pradesh,Ganga,613.92,12.45,0.649,70.7,1,0
Nashik,Maharashtra,Godavari,972.78,7.37,0.749,624.4,0,1
Mumbai,Maharashtra,Coastal,2555.51,4.66,0.129,14.5,2,0
Mumbai,Maharashtra,Coastal,2364.02,2.72,0.947,11.9,0,0
Chennai,Tamil Nadu,Coastal,1416.38,7.3,0.376,6.7,4,0
Rajahmundry,Andhra Pradesh,Godavari,864.32,8.67,0.662,13.1,3,1
Guwahati,Assam,Brahmaputra,2190.66,23.8,0.543,57.9,3,1
Mysore,Karnataka,Kaveri,819.72,6.33,0.721,852.7,0,1
Mysore,Karnataka,Kaveri,483.23,7.3,0.862,863.5,1,0
Jodhpur,Rajasthan,Arid,355.72,2.82,0.362,228.2,0,0
Sambalpur,Odisha,Mahanadi,1354.16,11.75,0.95,148.0,6,0
Nashik,Maharashtra,Godavari,1102.03,2.45,0.569,663.4,0,1
Jodhpur,Rajasthan,Arid,482.86,2.61,0.1,178.0,1,0
Mumbai,Maharashtra,Coastal,2060.8,5.23,0.827,14.5,5,1
Sangli,Maharashtra,Krishna,717.77,7.55,0.41,485.1,0,1
Majuli,Assam,Brahmaputra,2880.56,11.45,0.879,93.7,3,1
Varanasi,Uttar Pradesh,Ganga,761.33,14.17,0.696,74.7,2,0
Rajahmundry,Andhra Pradesh,Godavari,1076.04,7.91,0.22,17.4,3,1
Kolkata,West Bengal,Coastal,1128.31,9.42,0.1,8.4,1,1
Nashik,Maharashtra,Godavari,913.24,5.7,0.462,625.3,2,0
Vijayawada,Andhra Pradesh,Krishna,1153.78,16.58,0.425,11.5,1,0
Rajahmundry,Andhra Pradesh,Godavari,938.49,8.25,0.584,12.8,2,0
Patna,Bihar,Ganga,921.92,11.18,0.848,59.1,6,1
Mumbai,Maharashtra,Coastal,3236.87,4.63,0.144,14.6,2,0
Nashik,Maharashtra,Godavari,891.66,8.32,0.95,680.6,2,1
Dibrugarh,Assam,Brahmaputra,3111.47,14.43,0.95,93.6,3,1
Kolkata,West Bengal,Coastal,1815.51,5.64,0.1,8.2,2,0
Nashik,Maharashtra,Godavari,959.46,6.73,0.595,507.4,2,0
Nashik,Maharashtra,Godavari,755.31,6.9,0.95,607.6,0,1
Rajahmundry,Andhra Pradesh,Godavari,1454.72,4.82,0.389,14.7,2,1
Majuli,Assam,Brahmaputra,3059.44,14.53,0.95,91.7,4,1
Mumbai,Maharashtra,Coastal,2901.99,4.26,0.581,16.1,3,0
Chennai,Tamil Nadu,Coastal,1404.37,4.52,0.629,7.3,2,0
Patna,Bihar,Ganga,1058.42,23.44,0.95,61.7,1,0
Allahabad,Uttar Pradesh,Ganga,765.19,14.83,0.586,91.3,0,1
Jaipur,Rajasthan,Arid,474.24,2.79,0.222,455.4,1,0
Guwahati,Assam,Brahmaputra,1406.19,11.05,0.95,55.5,4,1
Cuttack,Odisha,Mahanadi,1381.57,17.12,0.273,27.0,1,0
Dibrugarh,Assam,Brahmaputra,2607.0,14.7,0.827,75.1,3,1
Sangli,Maharashtra,Krishna,611.79,6.6,0.861,526.5,3,1
Sambalpur,Odisha,Mahanadi,1288.58,13.14,0.191,149.7,0,1
Patna,Bihar,Ganga,849.4,12.0,0.111,58.5,2,0
Allahabad,Uttar Pradesh,Ganga,990.12,12.55,0.397,84.9,0,1
Patna,Bihar,Ganga,1656.91,7.85,0.577,52.2,3,1
Chennai,Tamil Nadu,Coastal,1331.54,6.58,0.577,5.9,0,0
Varanasi,Uttar Pradesh,Ganga,1213.67,17.7,0.95,82.9,3,1
Patna,Bihar,Ganga,1129.76,15.65,0.95,56.5,6,1
Dibrugarh,Assam,Brahmaputra,2676.71,12.17,0.408,98.7,5,1
Sangli,Maharashtra,Krishna,801.13,8.92,0.224,594.4,2,1
Guwahati,Assam,Brahmaputra,1714.88,10.8,0.95,50.8,6,0
Sangli,Maharashtra,Krishna,712.48,9.38,0.847,525.2,1,1
Patna,Bihar,Ganga,1351.5,12.04,0.328,58.7,1,0
Guwahati,Assam,Brahmaputra,1406.34,6.83,0.508,50.7,5,1
Cuttack,Odisha,Mahanadi,1533.87,7.35,0.875,26.8,2,0
Kolkata,West Bengal,Coastal,1639.46,6.13,0.312,8.2,3,0
Sangli,Maharashtra,Krishna,748.57,6.62,0.255,575.8,1,0
Mysore,Karnataka,Kaveri,641.42,2.57,0.412,914.1,1,1
Trichy,Tamil Nadu,Kaveri,687.67,7.2,0.732,87.5,3,0
Sangli,Maharashtra,Krishna,852.65,7.26,0.553,574.5,2,1
Rajahmundry,Andhra Pradesh,Godavari,1373.47,10.0,0.447,14.4,3,0
Jodhpur,Rajasthan,Arid,326.39,2.41,0.745,273.8,0,1
Vijayawada,Andhra Pradesh,Krishna,1228.86,9.98,0.95,11.0,1,1
Cuttack,Odisha,Mahanadi,1073.96,5.32,0.806,23.9,2,0
Mumbai,Maharashtra,Coastal,2571.53,5.78,0.856,15.7,1,1
Guwahati,Assam,Brahmaputra,2015.23,25.02,0.783,47.0,6,1
Mysore,Karnataka,Kaveri,811.63,7.84,0.15,632.9,1,0
Kolkata,West Bengal,Coastal,1860.58,5.84,0.204,9.0,1,1
Jaipur,Rajasthan,Arid,869.8,3.93,0.632,546.4,0,0
Vijayawada,Andhra Pradesh,Krishna,679.93,8.42,0.249,11.9,2,0
Nashik,Maharashtra,Godavari,709.12,8.45,0.947,561.1,0,1
Mysore,Karnataka,Kaveri,689.86,5.98,0.501,582.6,3,0
Rajahmundry,Andhra Pradesh,Godavari,878.25,5.85,0.1,14.0,0,1
Cuttack,Odisha,Mahanadi,1292.15,8.07,0.491,24.8,2,1
Jodhpur,Rajasthan,Arid,332.38,0.7,0.296,199.8,0,0
Sangli,Maharashtra,Krishna,573.64,7.41,0.149,611.8,1,0
Chennai,Tamil Nadu,Coastal,1077.24,6.45,0.356,6.1,4,0
Majuli,Assam,Brahmaputra,1641.11,20.0,0.95,89.0,4,1
Chennai,Tamil Nadu,Coastal,539.94,4.2,0.534,5.4,2,0
Vijayawada,Andhra Pradesh,Krishna,869.43,1.58,0.856,10.8,1,0
Guwahati,Assam,Brahmaputra,2104.18,16.54,0.561,60.5,5,1
Jaipur,Rajasthan,Arid,673.05,2.42,0.133,364.0,0,0
Patna,Bihar,Ganga,1213.67,9.81,0.3,57.9,6,0
Patna,Bihar,Ganga,1178.4,14.94,0.688,53.9,5,1
Rajahmundry,Andhra Pradesh,Godavari,951.07,13.36,0.215,14.4,2,0
Trichy,Tamil Nadu,Kaveri,699.39,7.35,0.272,79.9,1,0
Mysore,Karnataka,Kaveri,773.13,7.07,0.137,802.1,2,0
Patna,Bihar,Ganga,1857.14,12.12,0.95,54.5,4,1
Guwahati,Assam,Brahmaputra,2056.95,15.66,0.482,66.2,1,1
Nashik,Maharashtra,Godavari,983.11,7.42,0.822,539.3,0,0
Jaipur,Rajasthan,Arid,420.01,2.32,0.238,366.8,0,0
Jaipur,Rajasthan,Arid,265.18,2.85,0.635,498.5,0,0
Nashik,Maharashtra,Godavari,883.17,8.59,0.187,548.7,1,1
Sambalpur,Odisha,Mahanadi,1472.3,6.35,0.581,177.4,1,1
Mumbai,Maharashtra,Coastal,2329.52,3.57,0.561,15.1,3,0
Trichy,Tamil Nadu,Kaveri,1123.13,8.27,0.596,72.4,0,1
Mumbai,Maharashtra,Coastal,3119.13,4.87,0.508,15.1,2,0
Cuttack,Odisha,Mahanadi,1128.97,10.16,0.905,23.6,4,1
Dibrugarh,Assam,Brahmaputra,3892.87,25.6,0.95,82.5,7,1
Rajahmundry,Andhra Pradesh,Godavari,967.36,12.0,0.765,14.4,2,1
Varanasi,Uttar Pradesh,Ganga,1264.83,12.0,0.404,90.1,0,0
Trichy,Tamil Nadu,Kaveri,650.39,4.56,0.65,58.9,0,0
Vijayawada,Andhra Pradesh,Krishna,1057.61,8.61,0.605,13.9,0,1
Chennai,Tamil Nadu,Coastal,1093.23,4.27,0.502,6.3,2,0
Varanasi,Uttar Pradesh,Ganga,902.3,9.17,0.53,77.5,1,1
Patna,Bihar,Ganga,1479.38,14.35,0.832,61.6,4,1
Allahabad,Uttar Pradesh,Ganga,872.72,15.13,0.329,71.9,2,1
Varanasi,Uttar Pradesh,Ganga,1098.96,9.22,0.335,82.6,0,0
Cuttack,Odisha,Mahanadi,1316.09,12.55,0.841,21.3,5,1
Guwahati,Assam,Brahmaputra,1797.88,14.6,0.894,56.8,6,1
Nashik,Maharashtra,Godavari,924.42,9.53,0.842,623.5,1,1
Mysore,Karnataka,Kaveri,509.15,6.5,0.101,789.2,1,0
Chennai,Tamil Nadu,Coastal,1296.59,7.81,0.665,5.7,1,1
Cuttack,Odisha,Mahanadi,1679.66,7.25,0.204,24.5,0,0
Chennai,Tamil Nadu,Coastal,1201.8,5.81,0.36,4.8,1,1
Vijayawada,Andhra Pradesh,Krishna,1104.89,10.47,0.841,11.7,4,1
Vijayawada,Andhra Pradesh,Krishna,1047.27,15.63,0.774,10.9,5,1
Vijayawada,Andhra Pradesh,Krishna,992.08,15.13,0.6,12.8,2,0
Rajahmundry,Andhra Pradesh,Godavari,1120.46,4.79,0.458,16.1,5,0
Nashik,Maharashtra,Godavari,834.7,8.56,0.443,600.2,1,1
Mumbai,Maharashtra,Coastal,2693.75,3.23,0.109,13.5,3,1
Sambalpur,Odisha,Mahanadi,1558.4,9.11,0.938,148.9,2,0
Sangli,Maharashtra,Krishna,876.82,7.59,0.518,583.3,0,0
Varanasi,Uttar Pradesh,Ganga,1352.56,16.38,0.217,75.9,5,1
Kolkata,West Bengal,Coastal,1244.95,6.57,0.378,7.0,4,1
Sambalpur,Odisha,Mahanadi,1399.53,9.2,0.608,154.6,3,1
Chennai,Tamil Nadu,Coastal,1651.15,5.94,0.657,6.2,2,1
Nashik,Maharashtra,Godavari,1362.32,8.15,0.59,590.0,2,0
Allahabad,Uttar Pradesh,Ganga,816.06,18.37,0.906,85.5,2,1
Chennai,Tamil Nadu,Coastal,1488.53,4.03,0.1,7.1,1,0
Allahabad,Uttar Pradesh,Ganga,1052.96,10.57,0.626,94.7,1,0
Mumbai,Maharashtra,Coastal,2773.64,4.94,0.626,14.7,2,1
Nashik,Maharashtra,Godavari,865.3,5.55,0.95,627.9,1,0
Trichy,Tamil Nadu,Kaveri,667.73,9.31,0.1,78.0,0,1
Varanasi,Uttar Pradesh,Ganga,974.63,11.32,0.1,66.1,5,1
Rajahmundry,Andhra Pradesh,Godavari,1236.79,11.13,0.655,13.5,0,1
Sambalpur,Odisha,Mahanadi,1165.93,13.37,0.87,149.3,4,0
Dibrugarh,Assam,Brahmaputra,2261.14,27.23,0.702,96.9,4,1
Jodhpur,Rajasthan,Arid,398.43,1.04,0.1,210.9,2,0
Allahabad,Uttar Pradesh,Ganga,956.47,15.82,0.61,86.8,1,0
Nashik,Maharashtra,Godavari,852.09,11.0,0.578,582.5,0,0
Chennai,Tamil Nadu,Coastal,1153.81,6.06,0.513,6.1,1,0
Kolkata,West Bengal,Coastal,1737.68,6.52,0.773,7.6,0,1
Chennai,Tamil Nadu,Coastal,900.18,5.3,0.559,5.5,0,1
Kolkata,West Bengal,Coastal,1700.83,8.77,0.38,6.7,1,0
Mumbai,Maharashtra,Coastal,2789.16,4.8,0.603,17.5,0,0
Sangli,Maharashtra,Krishna,931.54,7.49,0.1,500.3,1,0
Chennai,Tamil Nadu,Coastal,1202.49,5.81,0.879,6.4,0,0
Sambalpur,Odisha,Mahanadi,1109.2,11.12,0.621,145.3,0,1
Mysore,Karnataka,Kaveri,538.42,4.5,0.9,767.2,2,0
Cuttack,Odisha,Mahanadi,1812.28,11.48,0.1,22.3,3,1
Mysore,Karnataka,Kaveri,682.59,2.14,0.189,712.3,1,0
Patna,Bihar,Ganga,1103.38,12.0,0.8,51.4,4,1
Vijayawada,Andhra Pradesh,Krishna,1281.02,11.11,0.672,13.6,4,0
Vijayawada,Andhra Pradesh,Krishna,860.28,7.28,0.611,12.6,1,0
Trichy,Tamil Nadu,Kaveri,853.75,10.04,0.907,91.8,3,0
Mumbai,Maharashtra,Coastal,1866.32,3.81,0.45,14.6,0,1
Mumbai,Maharashtra,Coastal,2621.57,4.43,0.165,13.8,0,0
Mumbai,Maharashtra,Coastal,1687.63,3.9,0.189,14.4,4,0
Majuli,Assam,Brahmaputra,2469.67,25.47,0.95,75.0,9,1
Nashik,Maharashtra,Godavari,720.16,5.39,0.479,561.5,1,1
Sangli,Maharashtra,Krishna,782.06,6.11,0.228,642.9,0,1
Majuli,Assam,Brahmaputra,2544.44,7.79,0.879,101.6,7,1
Majuli,Assam,Brahmaputra,2698.98,23.68,0.839,97.2,3,1
Vijayawada,Andhra Pradesh,Krishna,1312.51,8.33,0.451,10.1,1,0
Vijayawada,Andhra Pradesh,Krishna,1041.45,13.24,0.184,10.9,0,1
Chennai,Tamil Nadu,Coastal,1228.08,4.3,0.759,5.7,1,0
Guwahati,Assam,Brahmaputra,1720.42,20.77,0.863,53.4,2,1
Trichy,Tamil Nadu,Kaveri,693.85,5.86,0.902,85.8,0,0
Trichy,Tamil Nadu,Kaveri,870.12,9.72,0.463,76.7,2,1
Cuttack,Odisha,Mahanadi,781.45,19.92,0.87,24.7,3,1
Nashik,Maharashtra,Godavari,953.07,10.09,0.387,570.3,0,0
Sambalpur,Odisha,Mahanadi,891.6,16.13,0.385,158.8,2,0
Varanasi,Uttar Pradesh,Ganga,1307.16,14.83,0.741,68.8,3,0
Patna,Bihar,Ganga,1390.18,8.09,0.748,62.6,2,1
Guwahati,Assam,Brahmaputra,1574.67,14.36,0.835,55.7,5,1
Nashik,Maharashtra,Godavari,1087.87,9.49,0.74,559.5,2,0
Mumbai,Maharashtra,Coastal,2858.4,3.92,0.95,16.3,3,1
Chennai,Tamil Nadu,Coastal,1423.89,3.33,0.95,6.8,1,0
Allahabad,Uttar Pradesh,Ganga,1661.63,11.17,0.688,99.3,0,1
Vijayawada,Andhra Pradesh,Krishna,892.61,2.94,0.631,10.4,2,0
Allahabad,Uttar Pradesh,Ganga,1114.81,6.19,0.702,85.8,3,1
Patna,Bihar,Ganga,1321.49,10.46,0.437,45.6,3,1
Majuli,Assam,Brahmaputra,2498.84,22.71,0.95,90.7,3,0
Trichy,Tamil Nadu,Kaveri,878.9,6.42,0.566,78.7,1,0
Nashik,Maharashtra,Godavari,1369.28,13.29,0.12,557.9,0,0
Rajahmundry,Andhra Pradesh,Godavari,1032.26,1.19,0.905,15.9,2,0
Allahabad,Uttar Pradesh,Ganga,984.49,9.88,0.827,86.2,3,1
Jaipur,Rajasthan,Arid,753.32,3.02,0.587,489.7,0,0
Nashik,Maharashtra,Godavari,834.53,3.12,0.896,611.3,0,1
Chennai,Tamil Nadu,Coastal,450.57,5.32,0.826,5.8,2,0
Cuttack,Odisha,Mahanadi,1672.92,5.72,0.763,24.0,3,1
Jaipur,Rajasthan,Arid,607.11,3.61,0.1,517.8,2,0
Majuli,Assam,Brahmaputra,1843.41,16.13,0.716,71.6,4,1
Rajahmundry,Andhra Pradesh,Godavari,1031.79,14.18,0.172,19.1,2,0
Cuttack,Odisha,Mahanadi,1104.28,1.46,0.245,19.8,3,0
Nashik,Maharashtra,Godavari,654.25,11.84,0.329,614.5,2,0
Varanasi,Uttar Pradesh,Ganga,1165.42,5.64,0.937,86.9,6,1
Varanasi,Uttar Pradesh,Ganga,991.52,18.94,0.95,86.8,4,1
Jaipur,Rajasthan,Arid,760.76,2.19,0.1,438.4,0,0
Vijayawada,Andhra Pradesh,Krishna,650.89,12.07,0.693,12.7,1,0
Rajahmundry,Andhra Pradesh,Godavari,823.16,9.15,0.802,17.9,3,0
Jaipur,Rajasthan,Arid,514.59,4.58,0.5,425.9,0,0
Kolkata,West Bengal,Coastal,1323.55,9.44,0.95,8.2,1,0
Chennai,Tamil Nadu,Coastal,989.88,5.84,0.186,5.7,3,1
Patna,Bihar,Ganga,716.19,9.59,0.48,54.4,3,0
Vijayawada,Andhra Pradesh,Krishna,884.06,8.82,0.702,13.5,3,1
Sambalpur,Odisha,Mahanadi,1772.46,8.53,0.725,169.0,1,0
Rajahmundry,Andhra Pradesh,Godavari,1488.53,11.09,0.493,14.0,2,0
Jaipur,Rajasthan,Arid,953.94,3.55,0.1,475.4,1,0
Dibrugarh,Assam,Brahmaputra,2780.84,19.42,0.761,115.3,5,1
Cuttack,Odisha,Mahanadi,1698.74,11.66,0.578,27.5,2,1
Patna,Bihar,Ganga,1362.77,15.05,0.936,52.5,7,0
Nashik,Maharashtra,Godavari,1016.57,10.05,0.412,718.7,3,0
Rajahmundry,Andhra Pradesh,Godavari,1302.29,12.0,0.431,14.9,2,1
Patna,Bihar,Ganga,1054.73,18.76,0.697,54.0,2,1
Jaipur,Rajasthan,Arid,489.42,2.87,0.696,431.4,1,0
Rajahmundry,Andhra Pradesh,Godavari,1401.03,11.0,0.354,14.3,1,1
Sambalpur,Odisha,Mahanadi,1302.18,11.26,0.727,136.7,3,1
Dibrugarh,Assam,Brahmaputra,2510.51,21.21,0.712,93.8,8,1
Mumbai,Maharashtra,Coastal,2462.24,4.37,0.517,12.5,2,1
Sangli,Maharashtra,Krishna,667.73,7.51,0.565,569.9,4,0
Kolkata,West Bengal,Coastal,1388.46,7.62,0.6,7.3,2,0
Chennai,Tamil Nadu,Coastal,1075.94,6.83,0.533,5.6,1,1
Cuttack,Odisha,Mahanadi,1385.42,11.81,0.1,25.0,2,0
Allahabad,Uttar Pradesh,Ganga,1131.82,15.77,0.261,95.3,1,1
Cuttack,Odisha,Mahanadi,1205.02,12.16,0.489,26.4,8,0
Jaipur,Rajasthan,Arid,447.34,3.28,0.856,417.4,0,0
Jaipur,Rajasthan,Arid,772.99,2.09,0.227,480.6,0,0
Guwahati,Assam,Brahmaputra,1605.36,20.3,0.646,56.3,3,1
Allahabad,Uttar Pradesh,Ganga,749.63,13.11,0.37,90.9,1,1
Sambalpur,Odisha,Mahanadi,1413.97,4.25,0.7,137.3,0,1
Varanasi,Uttar Pradesh,Ganga,980.67,9.82,0.787,80.8,3,1
Cuttack,Odisha,Mahanadi,1348.85,8.66,0.81,21.9,5,0
Cuttack,Odisha,Mahanadi,1730.44,2.79,0.95,23.2,1,0
Majuli,Assam,Brahmaputra,2513.65,16.47,0.18,87.7,3,1
Varanasi,Uttar Pradesh,Ganga,383.92,7.29,0.1,71.4,2,0
Cuttack,Odisha,Mahanadi,1800.9,8.87,0.889,24.8,1,0
Trichy,Tamil Nadu,Kaveri,730.6,6.1,0.194,86.2,2,1
Mysore,Karnataka,Kaveri,525.09,7.68,0.926,763.1,1,1
Majuli,Assam,Brahmaputra,2071.48,22.09,0.71,78.0,9,1
Mysore,Karnataka,Kaveri,670.32,4.96,0.676,807.5,0,0
Jaipur,Rajasthan,Arid,710.93,1.38,0.163,462.6,0,0
Trichy,Tamil Nadu,Kaveri,530.34,1.76,0.27,100.3,0,0
Guwahati,Assam,Brahmaputra,1242.26,13.06,0.95,49.4,4,1
Mysore,Karnataka,Kaveri,727.22,0.69,0.1,956.9,0,0
Guwahati,Assam,Brahmaputra,1200.33,9.48,0.949,50.5,5,1
Jodhpur,Rajasthan,Arid,310.82,2.01,0.1,212.4,0,0
Mumbai,Maharashtra,Coastal,2039.12,3.82,0.744,15.9,2,1
Trichy,Tamil Nadu,Kaveri,983.99,3.6,0.221,76.5,3,1
Sambalpur,Odisha,Mahanadi,828.43,8.36,0.1,148.1,4,1
Chennai,Tamil Nadu,Coastal,1582.2,5.42,0.219,5.5,0,1
Nashik,Maharashtra,Godavari,736.62,6.1,0.16,658.5,0,0
Jodhpur,Rajasthan,Arid,296.9,0.85,0.139,213.3,0,0
Nashik,Maharashtra,Godavari,694.79,11.22,0.68,522.7,1,0
Patna,Bihar,Ganga,1342.08,21.77,0.369,51.1,8,1
Dibrugarh,Assam,Brahmaputra,2306.48,30.0,0.1,99.0,9,1
Dibrugarh,Assam,Brahmaputra,2940.6,23.37,0.95,102.6,8,1
Jaipur,Rajasthan,Arid,637.16,2.92,0.1,389.0,0,0
Majuli,Assam,Brahmaputra,2514.66,10.12,0.425,95.7,0,1
Guwahati,Assam,Brahmaputra,2131.0,22.55,0.95,62.2,6,1
Varanasi,Uttar Pradesh,Ganga,920.01,13.02,0.597,79.9,6,0
Mumbai,Maharashtra,Coastal,2113.67,4.11,0.281,15.2,2,0
Nashik,Maharashtra,Godavari,664.62,5.27,0.941,500.9,1,0
Sambalpur,Odisha,Mahanadi,848.13,11.6,0.122,145.9,4,1
Nashik,Maharashtra,Godavari,846.96,7.49,0.666,589.0,2,0
Majuli,Assam,Brahmaputra,2887.16,14.12,0.882,101.8,7,1
Dibrugarh,Assam,Brahmaputra,2399.26,21.62,0.946,79.1,7,1
Varanasi,Uttar Pradesh,Ganga,1547.46,9.92,0.488,84.7,4,1
Jodhpur,Rajasthan,Arid,314.09,1.97,0.43,227.3,0,1
Kolkata,West Bengal,Coastal,1964.2,10.43,0.95,8.8,2,1
Jaipur,Rajasthan,Arid,700.78,3.43,0.227,482.8,0,0
Mumbai,Maharashtra,Coastal,2701.11,3.67,0.444,16.1,1,1
Mysore,Karnataka,Kaveri,391.37,6.44,0.157,707.4,0,0
Chennai,Tamil Nadu,Coastal,1113.65,2.81,0.479,6.7,1,0
Mysore,Karnataka,Kaveri,974.0,3.57,0.1,857.7,1,0
Allahabad,Uttar Pradesh,Ganga,1001.77,9.08,0.667,111.8,2,1
Chennai,Tamil Nadu,Coastal,1689.95,5.96,0.568,6.8,2,0
Vijayawada,Andhra Pradesh,Krishna,1056.34,13.21,0.28,11.6,2,0
Sambalpur,Odisha,Mahanadi,1635.05,12.66,0.763,149.4,1,1
Rajahmundry,Andhra Pradesh,Godavari,1377.03,8.42,0.6,15.5,3,1
Mysore,Karnataka,Kaveri,952.56,2.2,0.517,805.7,1,0
Sambalpur,Odisha,Mahanadi,949.41,8.4,0.938,155.4,2,1
Rajahmundry,Andhra Pradesh,Godavari,1742.23,11.71,0.907,15.4,1,1
Guwahati,Assam,Brahmaputra,1818.96,9.69,0.801,56.0,1,1
Majuli,Assam,Brahmaputra,1974.58,9.49,0.785,75.3,4,1
Mumbai,Maharashtra,Coastal,2626.22,4.51,0.259,15.6,1,0
Varanasi,Uttar Pradesh,Ganga,1301.15,8.83,0.91,78.3,1,0
Rajahmundry,Andhra Pradesh,Godavari,1278.96,11.0,0.205,18.1,2,1
Varanasi,Uttar Pradesh,Ganga,956.58,8.64,0.707,71.4,2,0
Jaipur,Rajasthan,Arid,476.72,2.46,0.1,447.8,0,0
Nashik,Maharashtra,Godavari,1253.25,8.55,0.808,535.6,1,0
Majuli,Assam,Brahmaputra,1756.49,22.79,0.95,93.7,7,1
Kolkata,West Bengal,Coastal,1907.98,10.92,0.745,7.8,4,0
Sangli,Maharashtra,Krishna,883.74,6.85,0.691,549.0,0,0
Trichy,Tamil Nadu,Kaveri,832.7,4.82,0.352,76.1,1,1
Majuli,Assam,Brahmaputra,2026.77,7.23,0.364,77.5,5,1
Guwahati,Assam,Brahmaputra,627.76,8.97,0.654,63.0,7,0
Cuttack,Odisha,Mahanadi,1188.49,11.75,0.661,23.9,2,1
Sambalpur,Odisha,Mahanadi,1648.49,13.32,0.95,147.0,4,1
Guwahati,Assam,Brahmaputra,1572.92,4.22,0.763,68.4,8,1
Majuli,Assam,Brahmaputra,2563.84,7.59,0.95,85.4,5,1
Trichy,Tamil Nadu,Kaveri,646.15,4.88,0.923,80.8,2,0
Trichy,Tamil Nadu,Kaveri,791.46,8.76,0.387,73.3,0,0
Sangli,Maharashtra,Krishna,629.86,7.76,0.902,533.4,2,0
Dibrugarh,Assam,Brahmaputra,2705.4,11.67,0.95,92.2,7,0
Mumbai,Maharashtra,Coastal,1990.71,3.63,0.89,14.5,1,1
Allahabad,Uttar Pradesh,Ganga,865.89,19.72,0.765,105.3,2,1
Guwahati,Assam,Brahmaputra,1226.31,14.4,0.35,58.3,3,1
Trichy,Tamil Nadu,Kaveri,839.37,3.6,0.187,78.9,1,0
Sambalpur,Odisha,Mahanadi,826.61,18.99,0.95,137.6,4,1
Vijayawada,Andhra Pradesh,Krishna,774.31,7.5,0.1,11.0,1,0
Guwahati,Assam,Brahmaputra,1787.95,17.42,0.867,45.0,4,1
Sangli,Maharashtra,Krishna,706.62,6.19,0.626,626.0,1,0
Guwahati,Assam,Brahmaputra,1610.45,5.2,0.95,58.2,5,1
Trichy,Tamil Nadu,Kaveri,812.6,8.5,0.598,87.2,0,0
Mysore,Karnataka,Kaveri,944.16,1.98,0.288,759.9,1,1
Sambalpur,Odisha,Mahanadi,1147.49,10.46,0.207,157.8,0,0
Jaipur,Rajasthan,Arid,675.07,2.99,0.682,454.9,1,0
Sambalpur,Odisha,Mahanadi,1405.1,8.95,0.218,167.6,1,1
Patna,Bihar,Ganga,1255.39,14.29,0.504,61.4,4,0
Mysore,Karnataka,Kaveri,530.9,8.3,0.904,860.9,0,0
Cuttack,Odisha,Mahanadi,1735.47,10.16,0.152,22.1,2,1
Allahabad,Uttar Pradesh,Ganga,657.55,5.45,0.677,87.9,1,0
Rajahmundry,Andhra Pradesh,Godavari,1129.94,10.49,0.661,13.9,1,0
Sangli,Maharashtra,Krishna,809.07,7.25,0.618,652.5,0,1
Mumbai,Maharashtra,Coastal,1426.1,4.28,0.95,13.0,3,0
Chennai,Tamil Nadu,Coastal,1892.34,3.3,0.95,6.3,0,0
Varanasi,Uttar Pradesh,Ganga,780.48,6.81,0.115,67.2,2,1
Jodhpur,Rajasthan,Arid,444.27,2.63,0.1,208.7,0,0
Jaipur,Rajasthan,Arid,565.18,3.8,0.278,426.3,0,0
Majuli,Assam,Brahmaputra,2979.62,20.8,0.512,85.8,7,1
Jaipur,Rajasthan,Arid,439.74,1.14,0.316,429.2,2,1
Allahabad,Uttar Pradesh,Ganga,588.53,16.85,0.629,76.0,4,0
Chennai,Tamil Nadu,Coastal,1111.87,5.23,0.386,5.5,2,1
Sambalpur,Odisha,Mahanadi,1570.97,12.62,0.497,129.9,2,0
Vijayawada,Andhra Pradesh,Krishna,670.57,4.65,0.1,13.7,1,1
Kolkata,West Bengal,Coastal,1535.92,6.74,0.95,7.8,1,0
Mysore,Karnataka,Kaveri,760.1,7.83,0.228,575.6,0,0
Kolkata,West Bengal,Coastal,1440.54,5.88,0.726,8.2,2,1
Chennai,Tamil Nadu,Coastal,1122.59,7.08,0.693,7.0,1,1
Jaipur,Rajasthan,Arid,406.34,2.31,0.911,433.1,0,0
Vijayawada,Andhra Pradesh,Krishna,864.44,12.15,0.811,10.8,2,1
Majuli,Assam,Brahmaputra,2135.26,16.06,0.578,90.1,8,1
Chennai,Tamil Nadu,Coastal,1320.2,4.54,0.1,5.5,2,0
Guwahati,Assam,Brahmaputra,1885.11,15.96,0.717,48.8,2,1
Cuttack,Odisha,Mahanadi,2059.89,5.34,0.442,24.2,3,1
Sambalpur,Odisha,Mahanadi,1994.19,10.43,0.595,162.3,1,1
Sangli,Maharashtra,Krishna,393.43,4.9,0.44,626.7,1,0
Mysore,Karnataka,Kaveri,656.21,4.95,0.794,699.6,2,0
Allahabad,Uttar Pradesh,Ganga,932.23,11.44,0.893,69.4,1,1
Cuttack,Odisha,Mahanadi,1658.81,17.16,0.933,25.9,5,0
Trichy,Tamil Nadu,Kaveri,748.85,6.74,0.763,78.9,1,0
Allahabad,Uttar Pradesh,Ganga,936.93,10.48,0.671,95.8,0,1
Varanasi,Uttar Pradesh,Ganga,921.54,12.36,0.735,67.3,3,1
Sambalpur,Odisha,Mahanadi,1643.14,16.34,0.1,144.7,0,0
Majuli,Assam,Brahmaputra,1924.42,14.99,0.682,91.0,12,1
Dibrugarh,Assam,Brahmaputra,2034.86,19.01,0.832,92.9,5,1
Trichy,Tamil Nadu,Kaveri,1116.24,6.65,0.877,86.1,0,1
Chennai,Tamil Nadu,Coastal,1258.84,3.96,0.462,5.3,1,1
Allahabad,Uttar Pradesh,Ganga,356.73,10.38,0.368,88.1,1,1
Patna,Bihar,Ganga,1142.29,25.95,0.887,53.3,0,1
Varanasi,Uttar Pradesh,Ganga,1480.87,16.82,0.32,82.1,3,0
Sambalpur,Odisha,Mahanadi,1275.25,11.69,0.678,159.8,2,0
Rajahmundry,Andhra Pradesh,Godavari,1205.67,10.28,0.93,16.2,1,0
Jodhpur,Rajasthan,Arid,473.53,0.59,0.632,229.5,0,0
Chennai,Tamil Nadu,Coastal,1409.42,5.71,0.92,5.9,5,1
Sambalpur,Odisha,Mahanadi,1257.76,11.95,0.892,135.7,1,0
Jaipur,Rajasthan,Arid,687.12,1.78,0.689,436.9,2,0
Nashik,Maharashtra,Godavari,1031.28,10.93,0.436,581.5,1,1
Allahabad,Uttar Pradesh,Ganga,1133.55,9.75,0.14,92.9,3,1
Sangli,Maharashtra,Krishna,877.87,8.38,0.95,506.6,2,0
Chennai,Tamil Nadu,Coastal,1370.75,4.01,0.227,6.0,1,0
Trichy,Tamil Nadu,Kaveri,750.34,3.16,0.17,79.1,0,0
Chennai,Tamil Nadu,Coastal,953.28,2.84,0.845,6.0,2,1
Sangli,Maharashtra,Krishna,804.05,8.79,0.934,592.0,0,0
Mumbai,Maharashtra,Coastal,1472.87,4.54,0.891,13.1,3,1
Guwahati,Assam,Brahmaputra,1121.21,14.55,0.909,57.0,5,1
Kolkata,West Bengal,Coastal,1485.21,3.84,0.95,8.5,2,1
Mysore,Karnataka,Kaveri,321.39,6.7,0.507,785.1,0,0
Cuttack,Odisha,Mahanadi,1682.57,15.3,0.665,22.5,3,0
Chennai,Tamil Nadu,Coastal,1319.35,6.9,0.378,5.4,1,1
Majuli,Assam,Brahmaputra,2101.6,20.71,0.589,77.0,7,1
Sangli,Maharashtra,Krishna,692.25,5.48,0.67,493.2,0,1
Kolkata,West Bengal,Coastal,2206.83,4.3,0.826,7.8,0,1
Jaipur,Rajasthan,Arid,504.67,2.25,0.89,426.2,2,0
Rajahmundry,Andhra Pradesh,Godavari,1168.32,7.51,0.95,15.4,3,1
Dibrugarh,Assam,Brahmaputra,2729.15,12.79,0.95,81.1,6,1
Mysore,Karnataka,Kaveri,723.19,3.49,0.755,850.0,0,0
Dibrugarh,Assam,Brahmaputra,2600.78,26.41,0.938,93.0,2,1
Jaipur,Rajasthan,Arid,697.73,1.91,0.1,380.2,0,0
Varanasi,Uttar Pradesh,Ganga,1208.86,15.67,0.574,70.9,1,1
Cuttack,Odisha,Mahanadi,1355.67,10.38,0.183,26.6,1,1
Sambalpur,Odisha,Mahanadi,1209.25,7.43,0.611,168.3,2,0
Majuli,Assam,Brahmaputra,1905.01,4.96,0.829,100.6,9,1
Dibrugarh,Assam,Brahmaputra,2832.89,5.15,0.95,91.5,2,1
Cuttack,Odisha,Mahanadi,1416.29,10.57,0.462,26.0,2,1
Rajahmundry,Andhra Pradesh,Godavari,900.24,6.44,0.634,12.2,1,1
Sangli,Maharashtra,Krishna,718.85,9.63,0.7,566.8,0,1
Kolkata,West Bengal,Coastal,844.77,5.42,0.641,8.7,5,1
Trichy,Tamil Nadu,Kaveri,818.98,9.37,0.154,61.2,1,1
Jaipur,Rajasthan,Arid,461.56,2.18,0.387,390.7,1,0
Nashik,Maharashtra,Godavari,809.02,8.15,0.327,539.6,0,0
Mumbai,Maharashtra,Coastal,3536.9,4.36,0.72,14.1,1,1
Jodhpur,Rajasthan,Arid,336.36,1.83,0.183,251.5,0,0
Rajahmundry,Andhra Pradesh,Godavari,971.15,1.38,0.136,14.9,1,0
Sangli,Maharashtra,Krishna,910.37,9.99,0.928,497.1,1,0
Vijayawada,Andhra Pradesh,Krishna,807.08,13.69,0.25,12.4,0,0
Sambalpur,Odisha,Mahanadi,1560.43,9.01,0.868,136.8,1,0
Jaipur,Rajasthan,Arid,568.77,1.87,0.233,436.7,2,0
Sambalpur,Odisha,Mahanadi,1989.48,12.64,0.439,162.0,0,0
Vijayawada,Andhra Pradesh,Krishna,767.89,11.25,0.221,12.7,4,0
Sambalpur,Odisha,Mahanadi,757.63,12.43,0.208,153.1,2,0
Jaipur,Rajasthan,Arid,552.09,3.73,0.1,373.0,0,0
Chennai,Tamil Nadu,Coastal,1347.35,3.57,0.927,5.3,0,1
Trichy,Tamil Nadu,Kaveri,860.51,7.58,0.696,80.2,0,0
Cuttack,Odisha,Mahanadi,1013.74,7.93,0.796,26.9,2,0
Mysore,Karnataka,Kaveri,926.52,5.86,0.539,829.2,3,1
Rajahmundry,Andhra Pradesh,Godavari,1252.97,14.32,0.542,14.8,2,1
Mumbai,Maharashtra,Coastal,2555.51,3.27,0.261,13.8,2,0
Sambalpur,Odisha,Mahanadi,1233.63,16.52,0.847,135.3,2,0
Vijayawada,Andhra Pradesh,Krishna,892.2,8.28,0.141,12.2,0,1
Allahabad,Uttar Pradesh,Ganga,700.39,8.78,0.337,96.9,2,0
Majuli,Assam,Brahmaputra,1973.66,19.33,0.831,87.5,5,1
Chennai,Tamil Nadu,Coastal,1174.51,3.11,0.843,6.2,2,0
Trichy,Tamil Nadu,Kaveri,701.17,11.1,0.1,75.9,0,0
Jaipur,Rajasthan,Arid,240.82,2.7,0.607,444.3,1,0
Mysore,Karnataka,Kaveri,687.9,4.38,0.365,766.0,2,0
Allahabad,Uttar Pradesh,Ganga,820.73,9.02,0.27,89.5,2,1
Cuttack,Odisha,Mahanadi,1457.18,10.48,0.133,25.8,3,0
Varanasi,Uttar Pradesh,Ganga,924.04,15.22,0.401,93.1,2,0
Guwahati,Assam,Brahmaputra,1568.98,11.64,0.861,64.6,6,1
Rajahmundry,Andhra Pradesh,Godavari,1006.29,11.66,0.854,18.6,0,1
Dibrugarh,Assam,Brahmaputra,2138.02,16.4,0.822,95.0,4,1
Nashik,Maharashtra,Godavari,644.83,3.85,0.1,583.4,1,0
Guwahati,Assam,Brahmaputra,2941.35,12.17,0.95,62.3,5,1
Cuttack,Odisha,Mahanadi,1577.31,11.69,0.1,24.9,2,0
Patna,Bihar,Ganga,1189.59,10.8,0.95,52.0,6,0
Allahabad,Uttar Pradesh,Ganga,1117.82,5.28,0.645,108.5,4,0
Jodhpur,Rajasthan,Arid,340.04,2.25,0.1,208.0,0,0
Mysore,Karnataka,Kaveri,844.32,0.5,0.1,610.5,0,1
Dibrugarh,Assam,Brahmaputra,2973.16,21.75,0.678,91.4,8,1
Patna,Bihar,Ganga,1425.58,12.37,0.648,60.6,6,0
Jodhpur,Rajasthan,Arid,449.08,1.69,0.124,209.0,0,1
Jodhpur,Rajasthan,Arid,454.4,2.76,0.1,188.9,1,0
Allahabad,Uttar Pradesh,Ganga,777.07,7.99,0.394,91.6,1,1
Mumbai,Maharashtra,Coastal,1853.12,3.53,0.601,12.2,2,1
Mumbai,Maharashtra,Coastal,1983.67,6.61,0.33,13.9,2,0
Chennai,Tamil Nadu,Coastal,1508.94,6.97,0.411,6.2,2,0
Dibrugarh,Assam,Brahmaputra,3526.92,19.25,0.95,94.6,5,0
Dibrugarh,Assam,Brahmaputra,2136.87,13.28,0.906,85.5,7,1
Patna,Bihar,Ganga,1129.75,12.8,0.633,48.9,2,1
Sambalpur,Odisha,Mahanadi,1310.53,14.52,0.532,154.7,2,1
Sambalpur,Odisha,Mahanadi,1605.57,10.57,0.685,130.3,2,1
Cuttack,Odisha,Mahanadi,1693.47,9.9,0.907,22.6,1,1
Sangli,Maharashtra,Krishna,907.8,4.92,0.353,558.5,1,1
Kolkata,West Bengal,Coastal,1896.74,8.75,0.678,7.7,2,1
Rajahmundry,Andhra Pradesh,Godavari,750.05,13.94,0.1,16.2,1,0
Guwahati,Assam,Brahmaputra,2052.83,18.51,0.813,51.1,7,1
Trichy,Tamil Nadu,Kaveri,1027.64,3.9,0.1,82.3,2,0
Allahabad,Uttar Pradesh,Ganga,938.6,9.02,0.468,93.9,4,0
Kolkata,West Bengal,Coastal,1831.47,10.67,0.423,8.6,2,0
Kolkata,West Bengal,Coastal,907.19,10.71,0.414,7.8,4,1
Chennai,Tamil Nadu,Coastal,1585.16,4.29,0.132,5.4,0,1
Dibrugarh,Assam,Brahmaputra,3195.38,17.8,0.806,81.0,6,1
Nashik,Maharashtra,Godavari,1314.25,10.5,0.265,649.5,0,1
Cuttack,Odisha,Mahanadi,1691.59,13.76,0.666,23.3,2,1
Guwahati,Assam,Brahmaputra,1822.21,7.76,0.446,55.1,5,1
Dibrugarh,Assam,Brahmaputra,2641.66,17.95,0.597,94.4,4,1
Cuttack,Odisha,Mahanadi,1680.79,14.98,0.875,26.5,2,1
Jaipur,Rajasthan,Arid,779.56,3.7,0.243,398.0,0,0
Kolkata,West Bengal,Coastal,1465.53,8.39,0.1,7.9,4,1
Vijayawada,Andhra Pradesh,Krishna,1169.27,2.45,0.117,10.8,0,0
Chennai,Tamil Nadu,Coastal,1157.45,3.76,0.329,5.5,0,1
Chennai,Tamil Nadu,Coastal,1606.56,4.76,0.343,6.8,3,0
Sambalpur,Odisha,Mahanadi,1340.55,10.28,0.95,166.6,2,1
Varanasi,Uttar Pradesh,Ganga,982.75,13.73,0.1,80.4,2,0
Sangli,Maharashtra,Krishna,780.0,6.81,0.12,655.8,0,1
Rajahmundry,Andhra Pradesh,Godavari,975.56,10.52,0.478,14.2,5,1
Allahabad,Uttar Pradesh,Ganga,1144.34,11.12,0.79,90.5,5,1
Cuttack,Odisha,Mahanadi,1381.94,8.12,0.696,26.1,2,0
Mumbai,Maharashtra,Coastal,1789.87,5.51,0.896,14.4,2,1
Trichy,Tamil Nadu,Kaveri,652.86,3.85,0.525,68.4,2,0
Allahabad,Uttar Pradesh,Ganga,1222.71,16.98,0.726,89.6,4,0
Chennai,Tamil Nadu,Coastal,1479.03,5.26,0.95,5.7,0,1
Majuli,Assam,Brahmaputra,1857.13,13.73,0.749,82.4,4,1
Sangli,Maharashtra,Krishna,623.79,7.53,0.462,580.9,2,0
Patna,Bihar,Ganga,1287.92,20.9,0.104,59.8,1,1
Sambalpur,Odisha,Mahanadi,1141.93,9.77,0.1,145.2,4,0
Rajahmundry,Andhra Pradesh,Godavari,1241.85,13.24,0.606,15.5,0,0
Sambalpur,Odisha,Mahanadi,1134.27,11.37,0.665,144.9,3,1
Jodhpur,Rajasthan,Arid,383.87,0.62,0.713,263.0,1,1
Kolkata,West Bengal,Coastal,1011.06,9.01,0.859,8.4,2,1
Cuttack,Odisha,Mahanadi,1187.09,6.55,0.491,29.0,4,1
Nashik,Maharashtra,Godavari,971.95,5.34,0.908,599.5,2,1
Allahabad,Uttar Pradesh,Ganga,596.59,8.79,0.655,86.5,3,0
Rajahmundry,Andhra Pradesh,Godavari,877.13,10.53,0.468,15.2,3,0
Nashik,Maharashtra,Godavari,667.38,11.11,0.863,685.3,1,0
Patna,Bihar,Ganga,1030.11,17.46,0.418,48.0,4,0
Trichy,Tamil Nadu,Kaveri,812.63,9.36,0.456,81.4,0,0
Trichy,Tamil Nadu,Kaveri,513.42,6.73,0.271,75.0,2,0
Jodhpur,Rajasthan,Arid,360.67,2.39,0.614,207.3,0,0
Sambalpur,Odisha,Mahanadi,892.53,7.14,0.438,144.2,2,0
Dibrugarh,Assam,Brahmaputra,1846.88,21.16,0.95,96.2,6,1
Vijayawada,Andhra Pradesh,Krishna,1177.89,14.04,0.317,10.9,3,0
Patna,Bihar,Ganga,1066.05,12.35,0.771,54.8,2,1
Guwahati,Assam,Brahmaputra,1345.03,17.59,0.95,51.7,3,1
Allahabad,Uttar Pradesh,Ganga,712.74,9.62,0.421,84.3,4,1
Jodhpur,Rajasthan,Arid,391.25,2.7,0.325,222.5,0,1
Allahabad,Uttar Pradesh,Ganga,1013.31,5.5,0.64,102.6,2,0
Mumbai,Maharashtra,Coastal,2757.97,2.26,0.1,15.2,2,1
Varanasi,Uttar Pradesh,Ganga,1176.35,13.93,0.733,86.6,2,1
Trichy,Tamil Nadu,Kaveri,790.28,5.55,0.1,77.7,1,1
Jodhpur,Rajasthan,Arid,545.55,2.43,0.369,262.1,0,0
Guwahati,Assam,Brahmaputra,1721.22,18.62,0.95,55.0,9,1
Sangli,Maharashtra,Krishna,722.76,9.57,0.54,584.3,1,0
Jodhpur,Rajasthan,Arid,490.82,2.0,0.783,227.4,0,0
Guwahati,Assam,Brahmaputra,1276.83,24.11,0.706,48.8,3,1
Sangli,Maharashtra,Krishna,448.11,3.45,0.362,429.4,0,0
Vijayawada,Andhra Pradesh,Krishna,424.9,5.38,0.614,11.9,2,1
Guwahati,Assam,Brahmaputra,1873.27,9.52,0.95,46.4,2,1
Patna,Bihar,Ganga,896.15,15.57,0.364,63.0,3,1
Sambalpur,Odisha,Mahanadi,1444.16,8.16,0.797,145.6,0,1
Jaipur,Rajasthan,Arid,748.28,3.42,0.1,465.6,0,0
Dibrugarh,Assam,Brahmaputra,2633.26,20.22,0.713,93.6,6,1
Sambalpur,Odisha,Mahanadi,1519.37,4.19,0.164,137.9,4,0
Jodhpur,Rajasthan,Arid,451.97,1.48,0.367,235.8,0,0
Dibrugarh,Assam,Brahmaputra,2424.64,9.34,0.95,92.6,5,1
Patna,Bihar,Ganga,1526.69,19.41,0.95,55.2,0,1
Trichy,Tamil Nadu,Kaveri,1085.28,6.96,0.1,84.2,2,0
Sangli,Maharashtra,Krishna,905.52,6.78,0.205,425.5,1,0
Allahabad,Uttar Pradesh,Ganga,1240.95,13.14,0.882,85.4,1,1
Mysore,Karnataka,Kaveri,563.17,4.3,0.787,760.0,1,0
Rajahmundry,Andhra Pradesh,Godavari,911.25,11.87,0.859,15.4,3,0
Dibrugarh,Assam,Brahmaputra,3896.72,22.36,0.95,82.6,6,1
Mysore,Karnataka,Kaveri,1315.04,6.41,0.1,844.4,1,0
Jaipur,Rajasthan,Arid,620.75,3.83,0.1,414.2,1,0
Dibrugarh,Assam,Brahmaputra,2756.83,16.06,0.95,82.3,5,1
Jodhpur,Rajasthan,Arid,378.89,2.11,0.593,215.2,0,1
Cuttack,Odisha,Mahanadi,1343.94,15.65,0.95,21.3,2,1
Jodhpur,Rajasthan,Arid,326.96,1.09,0.1,257.1,2,1
Jaipur,Rajasthan,Arid,643.69,2.29,0.172,443.8,1,1
Jodhpur,Rajasthan,Arid,271.23,2.59,0.211,232.3,1,0
Guwahati,Assam,Brahmaputra,2319.23,15.01,0.901,57.3,5,1
Majuli,Assam,Brahmaputra,2427.87,16.41,0.805,97.5,1,1
Chennai,Tamil Nadu,Coastal,1863.73,6.52,0.879,5.4,2,0
Guwahati,Assam,Brahmaputra,2039.42,1.76,0.949,48.7,6,1
Jodhpur,Rajasthan,Arid,442.81,1.83,0.1,238.2,0,0
Patna,Bihar,Ganga,907.6,18.23,0.834,51.9,4,1
Chennai,Tamil Nadu,Coastal,1202.17,5.32,0.151,5.4,0,1
Dibrugarh,Assam,Brahmaputra,2702.28,24.06,0.724,79.4,5,1
Kolkata,West Bengal,Coastal,1743.49,7.35,0.835,7.7,1,1
Trichy,Tamil Nadu,Kaveri,1072.98,7.54,0.1,93.8,0,0
Cuttack,Odisha,Mahanadi,1557.44,13.05,0.371,23.8,3,1
Kolkata,West Bengal,Coastal,1700.86,8.2,0.903,9.2,4,1
Mumbai,Maharashtra,Coastal,2318.51,2.72,0.9,14.9,1,1
Sambalpur,Odisha,Mahanadi,1157.75,11.79,0.95,142.5,2,1
Vijayawada,Andhra Pradesh,Krishna,771.37,4.28,0.95,12.0,0,0
Patna,Bihar,Ganga,1201.53,14.46,0.695,49.4,2,0
Sangli,Maharashtra,Krishna,566.67,7.49,0.412,573.4,1,0
Trichy,Tamil Nadu,Kaveri,749.23,9.86,0.917,82.7,3,0
Patna,Bihar,Ganga,1509.74,10.11,0.523,56.4,9,1
Kolkata,West Bengal,Coastal,1499.84,12.35,0.761,7.4,2,1
Chennai,Tamil Nadu,Coastal,1389.24,5.46,0.206,5.9,1,0
Majuli,Assam,Brahmaputra,2007.39,10.5,0.95,88.8,4,1
Rajahmundry,Andhra Pradesh,Godavari,1297.76,12.2,0.254,14.8,1,0
Jaipur,Rajasthan,Arid,577.2,2.58,0.384,410.1,0,0
Jaipur,Rajasthan,Arid,396.35,3.33,0.1,512.7,0,0
Chennai,Tamil Nadu,Coastal,1698.1,4.61,0.79,7.2,3,1
Rajahmundry,Andhra Pradesh,Godavari,1545.54,8.7,0.86,15.2,1,1
Trichy,Tamil Nadu,Kaveri,1062.12,9.84,0.324,84.5,0,0
Jaipur,Rajasthan,Arid,556.73,0.67,0.1,479.0,0,0
Guwahati,Assam,Brahmaputra,1667.78,18.23,0.676,54.7,4,1
Vijayawada,Andhra Pradesh,Krishna,1122.96,8.13,0.492,11.7,3,1
Rajahmundry,Andhra Pradesh,Godavari,1527.17,6.35,0.1,14.2,4,0
Trichy,Tamil Nadu,Kaveri,1132.7,5.07,0.332,77.9,1,0
Nashik,Maharashtra,Godavari,1141.41,12.02,0.922,465.8,0,1
Chennai,Tamil Nadu,Coastal,1622.25,5.28,0.1,6.4,1,0
Sambalpur,Odisha,Mahanadi,1343.21,7.26,0.95,159.0,1,1
Jaipur,Rajasthan,Arid,558.54,2.77,0.774,385.7,0,0
Kolkata,West Bengal,Coastal,1319.43,5.52,0.919,7.8,4,0
Nashik,Maharashtra,Godavari,767.47,5.93,0.928,539.8,0,0
Mysore,Karnataka,Kaveri,284.86,6.48,0.681,728.1,2,0
Jodhpur,Rajasthan,Arid,319.38,2.04,0.69,255.1,0,0
Allahabad,Uttar Pradesh,Ganga,1186.5,12.42,0.845,78.5,0,1
Patna,Bihar,Ganga,227.62,6.86,0.95,56.7,1,1
Trichy,Tamil Nadu,Kaveri,791.85,7.05,0.372,60.8,1,0
Chennai,Tamil Nadu,Coastal,1842.07,6.87,0.123,5.2,2,0
Rajahmundry,Andhra Pradesh,Godavari,972.29,7.78,0.861,13.7,1,1
Jaipur,Rajasthan,Arid,403.52,2.87,0.396,453.2,0,0
Jodhpur,Rajasthan,Arid,302.02,1.57,0.1,208.9,1,1
Sangli,Maharashtra,Krishna,913.57,4.44,0.247,437.6,1,1
Nashik,Maharashtra,Godavari,823.07,6.56,0.744,637.1,1,1
Sambalpur,Odisha,Mahanadi,1538.22,6.48,0.101,141.9,2,0
Varanasi,Uttar Pradesh,Ganga,792.86,8.88,0.332,75.5,2,1
Rajahmundry,Andhra Pradesh,Godavari,1330.25,11.46,0.942,15.2,0,0
Rajahmundry,Andhra Pradesh,Godavari,1261.04,12.09,0.19,16.6,3,1
Sambalpur,Odisha,Mahanadi,1948.16,0.69,0.651,143.8,1,1
Trichy,Tamil Nadu,Kaveri,516.19,7.62,0.414,78.5,1,1
Patna,Bihar,Ganga,828.91,18.56,0.95,55.5,1,1
Nashik,Maharashtra,Godavari,1051.1,13.05,0.95,563.8,1,1
Majuli,Assam,Brahmaputra,2510.14,7.42,0.95,88.5,7,1
Cuttack,Odisha,Mahanadi,803.83,5.21,0.595,27.1,1,1
Allahabad,Uttar Pradesh,Ganga,651.31,5.77,0.605,84.9,4,1
Rajahmundry,Andhra Pradesh,Godavari,1218.65,11.51,0.119,15.1,1,1
Sangli,Maharashtra,Krishna,466.1,9.67,0.95,505.8,0,0
Trichy,Tamil Nadu,Kaveri,922.11,6.93,0.134,74.3,0,0
Mumbai,Maharashtra,Coastal,2095.25,4.82,0.888,14.5,2,1
Guwahati,Assam,Brahmaputra,2109.86,9.56,0.291,55.9,3,1
Trichy,Tamil Nadu,Kaveri,801.37,8.43,0.271,69.7,0,0
Allahabad,Uttar Pradesh,Ganga,807.83,11.13,0.922,90.3,3,1
Mysore,Karnataka,Kaveri,1101.15,10.22,0.944,907.5,1,1
Nashik,Maharashtra,Godavari,538.38,7.21,0.73,482.0,2,1
Patna,Bihar,Ganga,1246.12,15.18,0.95,64.9,4,1
Sambalpur,Odisha,Mahanadi,1308.8,4.23,0.38,132.5,0,1
Vijayawada,Andhra Pradesh,Krishna,886.17,9.5,0.858,11.8,1,1
Mumbai,Maharashtra,Coastal,2185.35,2.98,0.828,11.1,0,1
Allahabad,Uttar Pradesh,Ganga,1045.44,11.26,0.7,89.3,5,1
Jaipur,Rajasthan,Arid,706.4,2.62,0.379,442.0,0,0
Mumbai,Maharashtra,Coastal,2212.09,2.95,0.817,13.4,4,1
Trichy,Tamil Nadu,Kaveri,911.95,5.44,0.593,81.9,1,0
Patna,Bihar,Ganga,1524.92,18.07,0.801,56.7,3,1
Mysore,Karnataka,Kaveri,823.53,7.51,0.276,795.2,0,0
Rajahmundry,Andhra Pradesh,Godavari,674.19,10.56,0.214,14.4,0,0
Cuttack,Odisha,Mahanadi,1311.98,10.75,0.637,22.1,2,0
Rajahmundry,Andhra Pradesh,Godavari,1593.45,12.03,0.587,17.1,4,1
Mysore,Karnataka,Kaveri,478.48,5.93,0.817,854.5,1,0
Dibrugarh,Assam,Brahmaputra,2788.98,22.98,0.502,92.2,5,1
Jodhpur,Rajasthan,Arid,384.7,2.45,0.737,223.6,0,0
Chennai,Tamil Nadu,Coastal,1957.54,6.55,0.845,6.6,0,1
Vijayawada,Andhra Pradesh,Krishna,679.32,12.66,0.545,11.2,2,0
Allahabad,Uttar Pradesh,Ganga,881.45,12.52,0.111,73.0,1,1
Jodhpur,Rajasthan,Arid,329.59,2.13,0.183,258.7,1,0
Sambalpur,Odisha,Mahanadi,1752.61,15.73,0.674,159.3,2,1
Kolkata,West Bengal,Coastal,1221.22,4.13,0.95,8.2,3,1
Rajahmundry,Andhra Pradesh,Godavari,1123.18,3.34,0.427,16.3,4,1
Mysore,Karnataka,Kaveri,836.73,3.79,0.225,754.6,0,0
Mysore,Karnataka,Kaveri,737.15,6.52,0.104,883.5,0,0
Guwahati,Assam,Brahmaputra,1119.36,16.03,0.506,52.7,4,0
Jaipur,Rajasthan,Arid,736.28,4.77,0.173,478.7,0,0
Nashik,Maharashtra,Godavari,911.69,8.63,0.422,583.4,0,1
Kolkata,West Bengal,Coastal,1429.94,10.94,0.179,8.6,4,0
Trichy,Tamil Nadu,Kaveri,950.25,4.38,0.95,90.5,5,0
Jodhpur,Rajasthan,Arid,396.34,2.65,0.107,210.2,0,0
Kolkata,West Bengal,Coastal,1918.53,6.09,0.541,9.5,2,1
Mysore,Karnataka,Kaveri,963.77,5.77,0.268,802.7,3,0
Nashik,Maharashtra,Godavari,876.81,11.88,0.617,559.0,1,0
Allahabad,Uttar Pradesh,Ganga,942.98,13.83,0.444,83.6,1,0
Jodhpur,Rajasthan,Arid,316.7,2.38,0.288,237.4,0,0
Kolkata,West Bengal,Coastal,1185.03,5.82,0.842,8.3,1,1
Mumbai,Maharashtra,Coastal,2450.15,4.55,0.154,14.3,3,0
Jodhpur,Rajasthan,Arid,280.97,1.89,0.1,220.7,2,0
Allahabad,Uttar Pradesh,Ganga,918.15,6.9,0.176,112.6,2,0
Guwahati,Assam,Brahmaputra,1836.49,22.04,0.572,44.6,4,1
Cuttack,Odisha,Mahanadi,1612.23,8.69,0.608,22.4,0,0
Chennai,Tamil Nadu,Coastal,1524.57,3.91,0.1,6.0,1,0
Guwahati,Assam,Brahmaputra,1902.91,21.29,0.841,66.8,3,1
Vijayawada,Andhra Pradesh,Krishna,1044.18,10.13,0.1,12.0,0,0
Trichy,Tamil Nadu,Kaveri,631.51,7.99,0.84,72.6,0,0
Nashik,Maharashtra,Godavari,1217.24,8.01,0.106,510.8,3,0
Majuli,Assam,Brahmaputra,1849.64,22.57,0.442,75.0,4,1
Rajahmundry,Andhra Pradesh,Godavari,1453.0,16.09,0.556,15.2,1,0
Jodhpur,Rajasthan,Arid,259.66,2.9,0.1,233.5,0,0
Jodhpur,Rajasthan,Arid,327.58,3.02,0.1,235.1,1,0
Mysore,Karnataka,Kaveri,738.65,4.81,0.433,669.5,2,0
Cuttack,Odisha,Mahanadi,1830.84,16.84,0.543,24.9,1,1
Sambalpur,Odisha,Mahanadi,1401.69,4.83,0.826,161.6,2,1
Rajahmundry,Andhra Pradesh,Godavari,1366.17,10.09,0.839,16.2,1,0
Cuttack,Odisha,Mahanadi,1505.81,13.21,0.369,26.5,3,0
Sangli,Maharashtra,Krishna,934.51,11.56,0.401,552.7,1,1
Sambalpur,Odisha,Mahanadi,1685.74,4.26,0.806,147.0,2,0
Trichy,Tamil Nadu,Kaveri,798.61,2.61,0.321,85.6,3,0
Rajahmundry,Andhra Pradesh,Godavari,1193.77,12.39,0.676,18.6,3,1
Guwahati,Assam,Brahmaputra,1853.53,16.45,0.95,54.6,4,1
Jaipur,Rajasthan,Arid,617.11,3.26,0.1,473.1,1,0
Trichy,Tamil Nadu,Kaveri,861.27,11.02,0.445,75.5,1,0
Rajahmundry,Andhra Pradesh,Godavari,911.13,10.97,0.764,17.3,2,0
Rajahmundry,Andhra Pradesh,Godavari,1254.42,6.24,0.579,13.8,1,1
Chennai,Tamil Nadu,Coastal,1048.98,2.43,0.1,6.2,4,0
Allahabad,Uttar Pradesh,Ganga,1318.87,7.57,0.95,99.4,4,1
Cuttack,Odisha,Mahanadi,1047.39,14.53,0.729,26.6,4,0
Dibrugarh,Assam,Brahmaputra,2931.25,18.9,0.95,96.6,5,1
Majuli,Assam,Brahmaputra,1751.31,17.87,0.95,77.8,6,1
Patna,Bihar,Ganga,1354.51,13.62,0.909,44.2,8,1
Jaipur,Rajasthan,Arid,485.99,3.34,0.1,378.4,1,0
Dibrugarh,Assam,Brahmaputra,2673.69,16.58,0.101,96.8,3,1
Jaipur,Rajasthan,Arid,614.32,3.41,0.1,405.5,0,0
Varanasi,Uttar Pradesh,Ganga,1023.44,9.28,0.38,84.4,4,0
Dibrugarh,Assam,Brahmaputra,2123.57,15.69,0.337,96.5,6,1
Kolkata,West Bengal,Coastal,1601.33,8.6,0.899,10.2,3,0
Cuttack,Odisha,Mahanadi,1749.98,8.8,0.337,27.2,5,1
Majuli,Assam,Brahmaputra,2593.68,19.99,0.566,73.8,9,1
Cuttack,Odisha,Mahanadi,1164.1,18.54,0.813,25.3,1,1
Cuttack,Odisha,Mahanadi,1722.8,10.71,0.93,23.8,1,1
Dibrugarh,Assam,Brahmaputra,2165.51,9.81,0.433,82.0,2,1
Mysore,Karnataka,Kaveri,772.12,9.19,0.181,801.0,2,0
Sangli,Maharashtra,Krishna,826.77,8.3,0.581,561.1,0,0
Jaipur,Rajasthan,Arid,777.36,3.68,0.735,457.4,2,0
Sambalpur,Odisha,Mahanadi,1398.62,13.23,0.536,134.7,1,0
Jodhpur,Rajasthan,Arid,344.99,0.5,0.1,217.5,0,0
Patna,Bihar,Ganga,1307.34,14.44,0.607,58.3,5,1
Sambalpur,Odisha,Mahanadi,1729.6,13.12,0.615,148.6,2,1
Vijayawada,Andhra Pradesh,Krishna,770.67,13.97,0.412,13.7,1,1
Mysore,Karnataka,Kaveri,773.35,3.27,0.588,645.7,0,0
Jaipur,Rajasthan,Arid,779.61,3.6,0.1,419.2,2,0
Jaipur,Rajasthan,Arid,888.74,1.82,0.206,403.2,0,0
Varanasi,Uttar Pradesh,Ganga,508.92,18.14,0.216,82.3,3,0
Majuli,Assam,Brahmaputra,2651.71,21.64,0.92,82.6,6,0
Cuttack,Odisha,Mahanadi,1231.1,13.61,0.252,25.3,1,0
Nashik,Maharashtra,Godavari,1086.95,7.31,0.89,614.1,1,0
Sangli,Maharashtra,Krishna,793.76,8.7,0.321,537.3,1,1
Patna,Bihar,Ganga,1443.76,18.12,0.95,55.9,8,1
Kolkata,West Bengal,Coastal,907.15,1.89,0.922,9.1,0,1
Nashik,Maharashtra,Godavari,568.61,4.19,0.95,597.4,4,0
Varanasi,Uttar Pradesh,Ganga,965.38,9.83,0.542,80.0,2,1
Varanasi,Uttar Pradesh,Ganga,942.32,11.54,0.892,83.1,4,1
Jodhpur,Rajasthan,Arid,435.01,1.37,0.626,252.0,0,0
Chennai,Tamil Nadu,Coastal,847.07,6.83,0.155,6.3,0,0
Jodhpur,Rajasthan,Arid,161.1,1.37,0.1,221.3,0,0
Guwahati,Assam,Brahmaputra,1185.96,21.14,0.819,49.7,1,0
Dibrugarh,Assam,Brahmaputra,3116.11,7.47,0.822,108.8,1,1
Varanasi,Uttar Pradesh,Ganga,623.15,14.92,0.607,73.2,2,1
Dibrugarh,Assam,Brahmaputra,3631.47,13.8,0.844,89.6,8,1
Guwahati,Assam,Brahmaputra,1904.13,28.47,0.712,55.5,6,1
Kolkata,West Bengal,Coastal,1630.0,12.16,0.559,7.4,3,1
Jaipur,Rajasthan,Arid,921.45,1.62,0.95,375.1,1,0
Trichy,Tamil Nadu,Kaveri,1000.81,5.0,0.3,87.7,1,0
Jodhpur,Rajasthan,Arid,340.53,1.58,0.225,222.0,0,0
Dibrugarh,Assam,Brahmaputra,3215.75,21.16,0.95,91.4,5,1
Nashik,Maharashtra,Godavari,1122.72,8.45,0.808,789.5,1,0
Mumbai,Maharashtra,Coastal,2166.79,4.58,0.93,12.8,1,1
Patna,Bihar,Ganga,1436.13,21.84,0.879,44.9,8,1
Jodhpur,Rajasthan,Arid,315.79,1.53,0.188,220.9,0,0
Majuli,Assam,Brahmaputra,1973.7,14.4,0.881,77.2,7,1
Kolkata,West Bengal,Coastal,1760.76,10.53,0.248,8.4,5,1
Sangli,Maharashtra,Krishna,561.12,3.83,0.773,582.2,1,0
Mysore,Karnataka,Kaveri,849.98,8.31,0.401,637.8,2,0
Dibrugarh,Assam,Brahmaputra,2692.4,18.82,0.316,85.1,7,1
Sambalpur,Odisha,Mahanadi,1245.49,10.64,0.785,171.6,2,1
Kolkata,West Bengal,Coastal,1832.76,9.74,0.582,6.3,0,1
Rajahmundry,Andhra Pradesh,Godavari,947.75,13.32,0.433,15.2,1,1
Nashik,Maharashtra,Godavari,842.51,8.73,0.626,649.3,0,1
Sambalpur,Odisha,Mahanadi,1582.57,9.03,0.711,150.6,2,1
Patna,Bihar,Ganga,1446.76,19.06,0.555,62.2,0,1
Chennai,Tamil Nadu,Coastal,1719.23,3.09,0.663,6.4,2,1
Allahabad,Uttar Pradesh,Ganga,927.59,10.04,0.617,92.2,1,1
Sangli,Maharashtra,Krishna,831.57,7.93,0.182,525.4,1,0
Majuli,Assam,Brahmaputra,2395.18,17.27,0.95,68.0,5,1
Majuli,Assam,Brahmaputra,1385.48,14.26,0.725,79.5,13,1
Sangli,Maharashtra,Krishna,810.9,5.21,0.82,507.1,2,0
Cuttack,Odisha,Mahanadi,1840.5,13.21,0.244,25.5,5,0
Nashik,Maharashtra,Godavari,1029.37,9.63,0.535,469.2,1,1
Patna,Bihar,Ganga,1165.58,12.56,0.654,59.0,4,1
Nashik,Maharashtra,Godavari,881.05,10.35,0.364,547.9,0,0
Vijayawada,Andhra Pradesh,Krishna,1178.22,13.12,0.584,11.0,1,1
Allahabad,Uttar Pradesh,Ganga,1052.12,10.2,0.227,95.5,0,1
Sangli,Maharashtra,Krishna,597.89,10.25,0.1,584.8,0,0
Cuttack,Odisha,Mahanadi,1819.92,12.85,0.318,24.8,4,0
Allahabad,Uttar Pradesh,Ganga,838.95,15.29,0.188,92.9,1,0
Kolkata,West Bengal,Coastal,1610.16,8.85,0.1,8.5,4,0
Mysore,Karnataka,Kaveri,880.72,7.37,0.734,797.8,1,0
Trichy,Tamil Nadu,Kaveri,984.23,2.92,0.65,87.1,0,1
Majuli,Assam,Brahmaputra,2282.26,2.56,0.417,90.4,11,1
Guwahati,Assam,Brahmaputra,1533.98,19.03,0.95,52.5,4,1
Nashik,Maharashtra,Godavari,1302.34,9.53,0.199,609.3,0,0
Jaipur,Rajasthan,Arid,537.2,1.98,0.113,513.0,1,0
Sambalpur,Odisha,Mahanadi,956.64,8.19,0.71,146.2,2,0
Cuttack,Odisha,Mahanadi,1338.48,1.6,0.639,25.5,3,1
Patna,Bihar,Ganga,745.55,17.52,0.1,56.5,1,0
Rajahmundry,Andhra Pradesh,Godavari,1198.6,13.39,0.769,16.6,2,0
Dibrugarh,Assam,Brahmaputra,2297.96,25.07,0.597,99.4,1,1
Cuttack,Odisha,Mahanadi,1110.53,8.36,0.949,22.3,1,1
Nashik,Maharashtra,Godavari,1300.66,9.03,0.1,569.3,2,1
Sangli,Maharashtra,Krishna,821.8,5.34,0.772,482.3,1,0
Guwahati,Assam,Brahmaputra,1412.39,8.94,0.808,46.3,1,1
Varanasi,Uttar Pradesh,Ganga,1028.6,13.35,0.348,86.3,4,0
Sambalpur,Odisha,Mahanadi,1176.04,10.28,0.873,128.1,4,0
Jodhpur,Rajasthan,Arid,356.38,0.5,0.1,225.0,0,0
Chennai,Tamil Nadu,Coastal,812.42,0.5,0.936,6.1,0,0
Trichy,Tamil Nadu,Kaveri,685.92,7.57,0.803,71.8,1,0
Jaipur,Rajasthan,Arid,811.3,2.04,0.1,504.2,1,0
Guwahati,Assam,Brahmaputra,1773.9,21.25,0.95,50.5,6,1
Sangli,Maharashtra,Krishna,488.16,9.06,0.392,460.0,4,0
Sangli,Maharashtra,Krishna,1083.21,6.26,0.715,562.6,0,0
Allahabad,Uttar Pradesh,Ganga,956.64,13.09,0.82,100.7,5,0
Rajahmundry,Andhra Pradesh,Godavari,1438.42,13.79,0.329,13.8,2,0
Patna,Bihar,Ganga,734.8,20.9,0.455,66.1,6,0
Sambalpur,Odisha,Mahanadi,1185.95,13.76,0.1,152.1,1,0
Trichy,Tamil Nadu,Kaveri,780.04,5.42,0.91,61.4,1,1
Mysore,Karnataka,Kaveri,668.27,3.87,0.137,766.1,0,1
Mumbai,Maharashtra,Coastal,2614.98,4.9,0.835,13.9,1,1
Varanasi,Uttar Pradesh,Ganga,996.65,7.3,0.95,72.0,1,1
Sambalpur,Odisha,Mahanadi,1717.89,13.98,0.636,103.3,3,1
Kolkata,West Bengal,Coastal,2059.98,11.98,0.686,8.1,2,1
Dibrugarh,Assam,Brahmaputra,2743.2,14.18,0.394,101.6,8,0
